SKU;Produto;Quantidade Vendida;Primeiro Nome;Sobrenome;idade;Data;Loja;Preco Unitario;;;; 
HL4379; Televisão ;3;Renan;Nascimento;81;9/14/2018;Recife;R$ 2.500,00;;;;
HL1148; Câmera ;2;Camila;Sobral;90;10/21/2018;Fortaleza;R$ 2.100,00;;;;
HL1918; iPhone ;3;Clara;Bruno;34;07/08/2018;Fortaleza;R$ 5.300,00;;;;
HL9962; Android ;4;Eduardo;Pacheco;64;12/19/2018;Fortaleza;R$ 3.400,00;;;;
HL1918; iPhone ;4;Sarah;Souza;54;2/14/2018;São Paulo;R$ 5.300,00;;;;
HL7348; SmartWatch ;3;Alexandre;Rodriguez;45;5/20/2018;São Paulo;R$ 1.400,00;;;;
HL2714; Tablet ;2;Thays;Castro;82;03/07/2018;Curitiba;R$ 1.600,00;;;;
HL4379; Televisão ;4;Jessica;Cordovil;51;02/11/2018;Rio de Janeiro;R$ 2.500,00;;;;
HL1148; Câmera ;3;Camille;Silva;43;3/26/2018;São Paulo;R$ 2.100,00;;;;
HL1918; iPhone ;3;Alon;Palmeira;61;11/06/2018;São Paulo;R$ 5.300,00;;;;
HL1918; iPhone ;2;Rafael;Rocha;69;12/22/2018;Fortaleza;R$ 5.300,00;;;;
HL1918; iPhone ;2;Camilla;Guimarães;25;10/04/2018;Rio de Janeiro;R$ 5.300,00;;;;
HL4379; Televisão ;1;Daniel;Monteiro;56;5/23/2018;Goiânia;R$ 2.500,00;;;;
HL4379; Televisão ;4;Ylana;Teraoka;85;6/23/2018;Porto Alegre;R$ 2.500,00;;;;
HL2714; Tablet ;2;Caio;Ferreira;29;7/26/2018;Fortaleza;R$ 1.600,00;;;;
HL8851; Notebook ;3;Mariana;Freire;54;11/04/2018;Fortaleza;R$ 3.500,00;;;;
HL4379; Televisão ;2;Carolina;Alfradique;50;2/25/2018;Belo Horizonte;R$ 2.500,00;;;;
HL8851; Notebook ;4;Leandro;Rodrigues;80;08/06/2018;São Paulo;R$ 3.500,00;;;;
HL9962; Android ;4;Elaine;Santos;67;07/05/2018;Goiânia;R$ 3.400,00;;;;
HL7348; SmartWatch ;2;Henrique;Silva;60;08/05/2018;São Paulo;R$ 1.400,00;;;;
HL4379; Televisão ;5;Katharina;Barros;56;3/26/2018;Rio de Janeiro;R$ 2.500,00;;;;
HL1918; iPhone ;3;Lucas;Rodrigues;64;10/08/2018;Curitiba;R$ 5.300,00;;;;
HL8851; Notebook ;5;Fillipe;Almeida;33;12/06/2018;São Paulo;R$ 3.500,00;;;;
HL2714; Tablet ;5;Carla;Zakhm;74;11/13/2018;Recife;R$ 1.600,00;;;;
HL4379; Televisão ;1;Danilo;Rubim;70;2/20/2018;Belo Horizonte;R$ 2.500,00;;;;
HL1918; iPhone ;4;Bianca;Tatsch;32;10/10/2018;Recife;R$ 5.300,00;;;;
HL1918; iPhone ;5;Bernard;Pedrosa;24;07/07/2018;Belo Horizonte;R$ 5.300,00;;;;
HL1918; iPhone ;3;Gabriel;Silva;55;8/21/2018;Curitiba;R$ 5.300,00;;;;
HL2714; Tablet ;1;Pedro;Oliveira;18;12/17/2018;Fortaleza;R$ 1.600,00;;;;
HL1148; Câmera ;4;Gabriel;Puntel;66;9/27/2018;São Paulo;R$ 2.100,00;;;;
HL1918; iPhone ;5;Clarissa;Santos;88;12/23/2018;São Paulo;R$ 5.300,00;;;;
HL1918; iPhone ;2;Danilo;Rubim;46;11/20/2018;São Paulo;R$ 5.300,00;;;;
HL7348; SmartWatch ;1;Nathan;Morelli;57;01/02/2018;São Paulo;R$ 1.400,00;;;;
HL1148; Câmera ;1;Rubens;Netto;66;07/11/2018;Porto Alegre;R$ 2.100,00;;;;
HL1918; iPhone ;3;Guido;Monteiro;67;4/18/2018;Recife;R$ 5.300,00;;;;
HL7348; SmartWatch ;4;Beatriz;Li;75;12/13/2018;São Paulo;R$ 1.400,00;;;;
HL2714; Tablet ;1;Sarah;Souza;38;01/03/2018;São Paulo;R$ 1.600,00;;;;
HL8851; Notebook ;5;João;Aires;25;12/24/2018;São Paulo;R$ 3.500,00;;;;
HL9962; Android ;1;Rodrigo;Silva;30;1/14/2018;Rio de Janeiro;R$ 3.400,00;;;;
HL1148; Câmera ;-2;Gabriel;Almeida;67;11/16/2018;Salvador;R$ 2.100,00;;;;
HL4379; Televisão ;3;Júlio;Freire;74;6/30/2018;Rio de Janeiro;R$ 2.500,00;;;;
HL2714; Tablet ;5;Rodrigo;Alves;61;2/27/2018;Salvador;R$ 1.600,00;;;;
HL1148; Câmera ;5;Paloma;Sperandei;45;9/15/2018;Porto Alegre;R$ 2.100,00;;;;
HL4379; Televisão ;1;Eduardo;Quindeler;84;7/20/2018;Recife;R$ 2.500,00;;;;
HL1918; iPhone ;5;Lenon;Fernandes;61;3/31/2018;Goiânia;R$ 5.300,00;;;;
HL8851; Notebook ;2;Larissa;Cruz;85;9/15/2018;Recife;R$ 3.500,00;;;;
HL4379; Televisão ;2;Guilherme;Merotto;64;11/17/2018;São Paulo;R$ 2.500,00;;;;
HL1918; iPhone ;4;Myllena;Carneiro;32;01/07/2018;São Paulo;R$ 5.300,00;;;;
HL8851; Notebook ;5;Breno;Farias;80;6/24/2018;Porto Alegre;R$ 3.500,00;;;;
HL7348; SmartWatch ;1;Vivianne;Rodrigues;66;08/11/2018;Goiânia;R$ 1.400,00;;;;
HL1918; iPhone ;4;Ulisses;Arruda;65;05/05/2018;Salvador;R$ 5.300,00;;;;
HL4379; Televisão ;2;Lorena;Kohn;23;7/31/2018;Porto Alegre;R$ 2.500,00;;;;
HL1918; iPhone ;3;Raphael;Guedes;84;7/28/2018;Fortaleza;R$ 5.300,00;;;;
HL1918; iPhone ;5;Lucas;Lemos;26;12/26/2018;Belo Horizonte;R$ 5.300,00;;;;
HL1918; iPhone ;4;Juliana;Goes;36;3/20/2018;Porto Alegre;R$ 5.300,00;;;;
HL1148; Câmera ;3;Kim;Ferreira;49;3/19/2018;São Paulo;R$ 2.100,00;;;;
HL1918; iPhone ;5;Ana;Silva;67;5/25/2018;São Paulo;R$ 5.300,00;;;;
HL9962; Android ;1;Alexandre;Dantas;57;1/28/2018;Recife;R$ 3.400,00;;;;
HL4379; Televisão ;3;Pedro;Conceição;79;5/16/2018;Curitiba;R$ 2.500,00;;;;
HL1148; Câmera ;1;Marina;Mesquita;32;8/25/2018;Recife;R$ 2.100,00;;;;
HL2714; Tablet ;3;Sandy;Ribeiro;48;05/04/2018;Curitiba;R$ 1.600,00;;;;
HL1148; Câmera ;3;Adrielle;Vieira;36;11/25/2018;São Paulo;R$ 2.100,00;;;;
HL1148; Câmera ;5;Jackson;Derossi;45;11/30/2018;Rio de Janeiro;R$ 2.100,00;;;;
HL7348; SmartWatch ;4;Isabela;Teixeira;65;8/31/2018;Curitiba;R$ 1.400,00;;;;
HL1148; Câmera ;1;Willian;Albino;81;1/30/2018;Rio de Janeiro;R$ 2.100,00;;;;
HL1918; iPhone ;3;Carolina;Costa;23;3/28/2018;Curitiba;R$ 5.300,00;;;;
HL8851; Notebook ;5;Bernardo;Botelho;21;06/08/2018;Belo Horizonte;R$ 3.500,00;;;;
HL8851; Notebook ;3;Carlos;Melo;46;1/22/2018;Porto Alegre;R$ 3.500,00;;;;
HL4379; Televisão ;2;Carolina;Figueiredo;59;2/17/2018;São Paulo;R$ 2.500,00;;;;
HL9962; Android ;3;Raissa;Negrelli;88;03/10/2018;Salvador;R$ 3.400,00;;;;
HL9962; Android ;4;Raphael;Machado;62;12/14/2018;Porto Alegre;R$ 3.400,00;;;;
HL2714; Tablet ;4;Jéssica;Resinente;49;2/26/2018;Rio de Janeiro;R$ 1.600,00;;;;
HL1918; iPhone ;3;Stephanie;Gonçalves;24;9/24/2018;Rio de Janeiro;R$ 5.300,00;;;;
HL7348; SmartWatch ;2;Caroline;Aquino;26;04/12/2018;Porto Alegre;R$ 1.400,00;;;;
HL9962; Android ;3;Marcelo;Guadagnino;26;12/27/2018;São Paulo;R$ 3.400,00;;;;
HL8851; Notebook ;1;Guilherme;Vianna;35;4/24/2018;Rio de Janeiro;R$ 3.500,00;;;;
HL7348; SmartWatch ;5;Thiago;Lima;73;1/29/2018;Rio de Janeiro;R$ 1.400,00;;;;
HL4379; Televisão ;2;Lucas;Junior;61;08/03/2018;Recife;R$ 2.500,00;;;;
HL8851; Notebook ;2;Victor;Gomes;60;3/23/2018;Curitiba;R$ 3.500,00;;;;
HL2714; Tablet ;2;Deysiane;Medronho;69;10/12/2018;São Paulo;R$ 1.600,00;;;;
HL4379; Televisão ;4;Jackson;Derossi;51;06/03/2018;São Paulo;R$ 2.500,00;;;;
HL1918; iPhone ;3;Livia;Codeceira;28;01/08/2018;Rio de Janeiro;R$ 5.300,00;;;;
HL4379; Televisão ;3;João;Alves;65;05/07/2018;Curitiba;R$ 2.500,00;;;;
HL2714; Tablet ;5;Lucas;Costa;37;9/14/2018;Fortaleza;R$ 1.600,00;;;;
HL9962; Android ;5;Thales;Fanara;77;4/14/2018;Curitiba;R$ 3.400,00;;;;
HL1148; Câmera ;2;Victor;Lira;79;07/08/2018;São Paulo;R$ 2.100,00;;;;
HL1918; iPhone ;1;João;Abraçado;53;4/30/2018;São Paulo;R$ 5.300,00;;;;
HL1918; iPhone ;3;Victoria;Tavares;37;9/15/2018;Rio de Janeiro;R$ 5.300,00;;;;
HL4379; Televisão ;3;Jonatas;Essaber;24;02/03/2018;Curitiba;R$ 2.500,00;;;;
HL4379; Televisão ;4;Luíza;Goulart;85;7/25/2018;Recife;R$ 2.500,00;;;;
HL1148; Câmera ;4;Ulisses;Filho;72;9/30/2018;Porto Alegre;R$ 2.100,00;;;;
HL1148; Câmera ;4;Matheus;Gomes;50;1/18/2018;São Paulo;R$ 2.100,00;;;;
HL1918; iPhone ;1;João;Aires;18;10/02/2018;Rio de Janeiro;R$ 5.300,00;;;;
HL1918; iPhone ;2;Breno;Caputo;55;3/30/2018;Salvador;R$ 5.300,00;;;;
HL1918; iPhone ;3;Aline;Andrade;40;11/21/2018;Porto Alegre;R$ 5.300,00;;;;
HL1918; iPhone ;4;Lucas;Fontoura;30;05/04/2018;São Paulo;R$ 5.300,00;;;;
HL7348; SmartWatch ;2;Pedro;Rodrigues;67;7/26/2018;Goiânia;R$ 1.400,00;;;;
HL1148; Câmera ;3;Carla;Zakhm;20;06/07/2018;Recife;R$ 2.100,00;;;;
HL1148; Câmera ;4;Lucas;Aragão;60;3/24/2018;Rio de Janeiro;R$ 2.100,00;;;;
HL1918; iPhone ;1;Raul;Junqueira;31;1/17/2018;Fortaleza;R$ 5.300,00;;;;
HL1918; iPhone ;4;Victor;Soares;19;04/10/2018;Salvador;R$ 5.300,00;;;;
HL1148; Câmera ;3;Carolina;Rocha;44;02/07/2018;Rio de Janeiro;R$ 2.100,00;;;;
HL4379; Televisão ;1;Caio;Fernandes;38;7/25/2018;Rio de Janeiro;R$ 2.500,00;;;;
HL1918; iPhone ;4;Rubens;Netto;57;01/08/2018;Fortaleza;R$ 5.300,00;;;;
HL1918; iPhone ;2;Isabel;Leite;26;06/02/2018;Fortaleza;R$ 5.300,00;;;;
HL1148; Câmera ;2;Mariana;Barrozo;66;08/05/2018;São Paulo;R$ 2.100,00;;;;
HL4379; Televisão ;2;Raíza;Lopes;27;4/24/2018;Belo Horizonte;R$ 2.500,00;;;;
HL4379; Televisão ;4;Débora;Lopes;72;03/05/2018;Fortaleza;R$ 2.500,00;;;;
HL1918; iPhone ;3;Beatriz;Cavalcanti;36;10/30/2018;Curitiba;R$ 5.300,00;;;;
HL4379; Televisão ;2;Pedro;Rodrigues;69;4/16/2018;Salvador;R$ 2.500,00;;;;
HL4379; Televisão ;4;Maurício;Dias;52;09/10/2018;São Paulo;R$ 2.500,00;;;;
HL8851; Notebook ;4;Allan;Candido;77;04/05/2018;Recife;R$ 3.500,00;;;;
HL4379; Televisão ;5;Alexandre;Dantas;44;9/15/2018;Porto Alegre;R$ 2.500,00;;;;
HL1918; iPhone ;4;Bianca;Ferezin;61;06/02/2018;Curitiba;R$ 5.300,00;;;;
HL4379; Televisão ;2;Roberta;Pimenta;71;10/17/2018;Rio de Janeiro;R$ 2.500,00;;;;
HL2714; Tablet ;3;Caio;Cardoso;38;6/18/2018;Goiânia;R$ 1.600,00;;;;
HL8851; Notebook ;1;Paola;Abreu;24;08/02/2018;Belo Horizonte;R$ 3.500,00;;;;
HL8851; Notebook ;1;Gustavo;Gomes;31;07/06/2018;São Paulo;R$ 3.500,00;;;;
HL9962; Android ;3;Wilson;Meirelles;53;06/08/2018;Salvador;R$ 3.400,00;;;;
HL8851; Notebook ;3;Wilson;Vianna;64;10/27/2018;Porto Alegre;R$ 3.500,00;;;;
HL1918; iPhone ;1;Raphael;Guedes;26;07/12/2018;Rio de Janeiro;R$ 5.300,00;;;;
HL1148; Câmera ;2;Laura;Araujo;42;12/18/2018;Curitiba;R$ 2.100,00;;;;
HL2714; Tablet ;4;Lucas;Freire;76;1/13/2018;Goiânia;R$ 1.600,00;;;;
HL4379; Televisão ;1;David;Assumpção;61;04/07/2018;Rio de Janeiro;R$ 2.500,00;;;;
HL9962; Android ;5;Marina;Mesquita;87;2/16/2018;São Paulo;R$ 3.400,00;;;;
HL1148; Câmera ;3;Ana;Michetti;30;05/11/2018;São Paulo;R$ 2.100,00;;;;
HL7348; SmartWatch ;5;Bárbara;Lima;63;05/06/2018;Recife;R$ 1.400,00;;;;
HL9962; Android ;5;Diego;Marchesi;54;11/27/2018;Salvador;R$ 3.400,00;;;;
HL4379; Televisão ;5;Bruno;Ursulino;28;08/02/2018;Salvador;R$ 2.500,00;;;;
HL9962; Android ;5;Caio;Fernandes;72;7/25/2018;Goiânia;R$ 3.400,00;;;;
HL1918; iPhone ;3;Rilson;Dias;64;06/07/2018;Fortaleza;R$ 5.300,00;;;;
HL7348; SmartWatch ;3;Carlos;Barbosa;47;2/26/2018;Porto Alegre;R$ 1.400,00;;;;
HL1918; iPhone ;4;Kim;Ferreira;31;05/11/2018;Goiânia;R$ 5.300,00;;;;
HL9962; Android ;1;Rafael;Portela;75;3/23/2018;São Paulo;R$ 3.400,00;;;;
HL4379; Televisão ;4;Beatriz;Rocha;58;10/23/2018;Goiânia;R$ 2.500,00;;;;
HL1918; iPhone ;3;Roberta;Nogueira;79;10/17/2018;Porto Alegre;R$ 5.300,00;;;;
HL2714; Tablet ;3;Bianca;Ferezin;50;1/25/2018;São Paulo;R$ 1.600,00;;;;
HL8851; Notebook ;2;Lucas;Costa;71;12/24/2018;Fortaleza;R$ 3.500,00;;;;
HL4379; Televisão ;2;Leandro;Ferreira;34;1/25/2018;Goiânia;R$ 2.500,00;;;;
HL4379; Televisão ;3;Bernardo;Souza;45;9/23/2018;Curitiba;R$ 2.500,00;;;;
HL1918; iPhone ;3;Eduardo;Nunes;81;10/19/2018;Fortaleza;R$ 5.300,00;;;;
HL7348; SmartWatch ;1;Pedro;Rodrigues;50;4/23/2018;Porto Alegre;R$ 1.400,00;;;;
HL4379; Televisão ;5;Fernanda;Junior;20;07/08/2018;São Paulo;R$ 2.500,00;;;;
HL1148; Câmera ;3;Juan;Fernandes;18;3/28/2018;Recife;R$ 2.100,00;;;;
HL9962; Android ;3;Rodrigo;Alves;78;8/21/2018;São Paulo;R$ 3.400,00;;;;
HL1918; iPhone ;1;Thomáz;Bôas;42;7/22/2018;Goiânia;R$ 5.300,00;;;;
HL7348; SmartWatch ;5;Andreza;Ramos;69;1/19/2018;Fortaleza;R$ 1.400,00;;;;
HL8851; Notebook ;4;Carla;Zakhm;59;1/25/2018;São Paulo;R$ 3.500,00;;;;
HL2714; Tablet ;2;Gabrielle;Porto;85;4/23/2018;Recife;R$ 1.600,00;;;;
HL2714; Tablet ;4;Kimberly;Sad;61;05/10/2018;Salvador;R$ 1.600,00;;;;
HL7348; SmartWatch ;1;João;Capitulo;54;2/26/2018;Curitiba;R$ 1.400,00;;;;
HL1148; Câmera ;1;Marina;Marins;62;1/23/2018;Salvador;R$ 2.100,00;;;;
HL1148; Câmera ;1;Aline;Morais;87;9/14/2018;Rio de Janeiro;R$ 2.100,00;;;;
HL8851; Notebook ;1;João;Monteiro;83;02/02/2018;São Paulo;R$ 3.500,00;;;;
HL8851; Notebook ;4;Marina;Delgado;81;05/10/2018;Belo Horizonte;R$ 3.500,00;;;;
HL2714; Tablet ;1;Sthefeson;Barroso;66;03/09/2018;São Paulo;R$ 1.600,00;;;;
HL4379; Televisão ;4;Marcelo;Guadagnino;77;7/23/2018;Fortaleza;R$ 2.500,00;;;;
HL1918; iPhone ;1;Thais;Rodrigues;62;3/23/2018;Rio de Janeiro;R$ 5.300,00;;;;
HL9962; Android ;4;Philipe;Morete;50;10/18/2018;Goiânia;R$ 3.400,00;;;;
HL4379; Televisão ;2;Ravena;Bhering;69;11/24/2018;Porto Alegre;R$ 2.500,00;;;;
HL1148; Câmera ;2;Patrícia;Amaral;67;06/01/2018;São Paulo;R$ 2.100,00;;;;
HL1918; iPhone ;3;Diego;Rodrigues;63;2/21/2018;São Paulo;R$ 5.300,00;;;;
HL1918; iPhone ;3;Katharina;Barros;31;03/12/2018;Fortaleza;R$ 5.300,00;;;;
HL4379; Televisão ;3;Felipe;Jorge;40;07/10/2018;Goiânia;R$ 2.500,00;;;;
HL1918; iPhone ;3;Rafaela;Ferreira;69;12/19/2018;Fortaleza;R$ 5.300,00;;;;
HL2714; Tablet ;5;Bruna;Gomes;45;8/22/2018;Porto Alegre;R$ 1.600,00;;;;
HL4379; Televisão ;3;João;Rodrigues;87;1/25/2018;Rio de Janeiro;R$ 2.500,00;;;;
HL1918; iPhone ;5;Stephanie;Gonçalves;59;12/01/2018;Rio de Janeiro;R$ 5.300,00;;;;
HL9962; Android ;4;Gabriella;Sagrillo;76;7/24/2018;Fortaleza;R$ 3.400,00;;;;
HL2714; Tablet ;4;Felipe;Mendonça;84;12/20/2018;São Paulo;R$ 1.600,00;;;;
HL4379; Televisão ;5;Pedro;Sena;42;7/22/2018;Rio de Janeiro;R$ 2.500,00;;;;
HL7348; SmartWatch ;1;Luiza;Farias;22;7/30/2018;Salvador;R$ 1.400,00;;;;
HL9962; Android ;2;Samara;Pinto;48;12/23/2018;São Paulo;R$ 3.400,00;;;;
HL2714; Tablet ;2;Philipe;Morete;71;07/11/2018;Rio de Janeiro;R$ 1.600,00;;;;
HL4379; Televisão ;2;Larissa;Florim;45;03/11/2018;Rio de Janeiro;R$ 2.500,00;;;;
HL1918; iPhone ;1;Paloma;Sperandei;74;04/09/2018;São Paulo;R$ 5.300,00;;;;
HL4379; Televisão ;1;Arthur;Souza;51;6/18/2018;Salvador;R$ 2.500,00;;;;
HL4379; Televisão ;4;Platini;Heimlich;55;08/04/2018;Rio de Janeiro;R$ 2.500,00;;;;
HL4379; Televisão ;4;Dykson;Silva;77;12/05/2018;São Paulo;R$ 2.500,00;;;;
HL9962; Android ;2;Catarina;Teixeira;21;05/05/2018;Salvador;R$ 3.400,00;;;;
HL9962; Android ;2;João;Junior;25;01/11/2018;Goiânia;R$ 3.400,00;;;;
HL2714; Tablet ;4;Priscila;Carvalho;59;2/21/2018;São Paulo;R$ 1.600,00;;;;
HL9962; Android ;5;Gustavo;Azevedo;32;05/02/2018;Rio de Janeiro;R$ 3.400,00;;;;
HL4379; Televisão ;4;Daniela;Rosa;22;4/25/2018;São Paulo;R$ 2.500,00;;;;
HL2714; Tablet ;4;Isabelle;Firmino;55;12/16/2018;Rio de Janeiro;R$ 1.600,00;;;;
HL1918; iPhone ;4;Roberto;Tiradentes;65;10/17/2018;São Paulo;R$ 5.300,00;;;;
HL1918; iPhone ;4;Marina;Gama;39;7/20/2018;Goiânia;R$ 5.300,00;;;;
HL1148; Câmera ;4;Caio;Silva;53;1/24/2018;Rio de Janeiro;R$ 2.100,00;;;;
HL8851; Notebook ;5;Giovana;Vilela;74;07/10/2018;Belo Horizonte;R$ 3.500,00;;;;
HL4379; Televisão ;5;Adriana;Carneiro;74;7/15/2018;Rio de Janeiro;R$ 2.500,00;;;;
HL1918; iPhone ;1;Lucas;Fontoura;70;12/01/2018;São Paulo;R$ 5.300,00;;;;
HL4379; Televisão ;3;Roberta;Nogueira;88;6/24/2018;Fortaleza;R$ 2.500,00;;;;
HL9962; Android ;3;Bianca;Paz;24;9/13/2018;Porto Alegre;R$ 3.400,00;;;;
HL8851; Notebook ;3;Renan;Melo;51;12/02/2018;Curitiba;R$ 3.500,00;;;;
HL1918; iPhone ;4;Ana;Monte;74;7/24/2018;São Paulo;R$ 5.300,00;;;;
HL9962; Android ;2;João;Júnior;59;5/23/2018;Salvador;R$ 3.400,00;;;;
HL4379; Televisão ;4;Rilson;Guedes;66;3/15/2018;Goiânia;R$ 2.500,00;;;;
HL1148; Câmera ;4;Juliana;Silva;89;08/08/2018;São Paulo;R$ 2.100,00;;;;
HL4379; Televisão ;3;João;Guadagnino;68;6/17/2018;Fortaleza;R$ 2.500,00;;;;
HL1148; Câmera ;5;Michelle;Figueiredo;76;02/09/2018;Fortaleza;R$ 2.100,00;;;;
HL1918; iPhone ;2;Brenno;Santos;53;09/01/2018;Rio de Janeiro;R$ 5.300,00;;;;
HL2714; Tablet ;1;Rafaela;Gonçalves;30;02/01/2018;Salvador;R$ 1.600,00;;;;
HL4379; Televisão ;1;Pedro;Delgado;37;3/23/2018;São Paulo;R$ 2.500,00;;;;
HL4379; Televisão ;1;Vanessa;Bach;70;7/24/2018;São Paulo;R$ 2.500,00;;;;
HL1918; iPhone ;4;Felipe;Mello;47;3/13/2018;Goiânia;R$ 5.300,00;;;;
HL1918; iPhone ;4;Luis;Souza;37;05/09/2018;São Paulo;R$ 5.300,00;;;;
HL8851; Notebook ;1;Gabrielle;Vasconcelos;87;6/14/2018;Rio de Janeiro;R$ 3.500,00;;;;
HL4379; Televisão ;1;Marcela;Medeiros;75;12/01/2018;Rio de Janeiro;R$ 2.500,00;;;;
HL1918; iPhone ;2;Eduardo;Silva;50;3/31/2018;Recife;R$ 5.300,00;;;;
HL1918; iPhone ;4;Matheus;Delgado;86;03/11/2018;Salvador;R$ 5.300,00;;;;
HL1918; iPhone ;2;Matheus;Miranda;48;12/31/2018;Fortaleza;R$ 5.300,00;;;;
HL7348; SmartWatch ;4;Eric;Carvalho;71;12/25/2018;Rio de Janeiro;R$ 1.400,00;;;;
HL4379; Televisão ;3;Khaio;Mesquita;75;1/15/2018;São Paulo;R$ 2.500,00;;;;
HL4379; Televisão ;2;Guilherme;Lima;68;5/31/2018;Porto Alegre;R$ 2.500,00;;;;
HL2714; Tablet ;2;Carlos;Silva;52;05/01/2018;Salvador;R$ 1.600,00;;;;
HL1918; iPhone ;2;Matheus;Figueiredo;48;06/12/2018;Salvador;R$ 5.300,00;;;;
HL1918; iPhone ;5;Gabriel;Brito;79;7/15/2018;Belo Horizonte;R$ 5.300,00;;;;
HL7348; SmartWatch ;1;Amanda;Delgado;81;10/22/2018;Belo Horizonte;R$ 1.400,00;;;;
HL8851; Notebook ;2;Thales;Santos;65;10/15/2018;Rio de Janeiro;R$ 3.500,00;;;;
HL1918; iPhone ;5;Isabella;Scalabrin;70;6/13/2018;Belo Horizonte;R$ 5.300,00;;;;
HL2714; Tablet ;2;Diogo;Ressurreição;40;04/01/2018;São Paulo;R$ 1.600,00;;;;
HL4379; Televisão ;5;Mônica;Rotolo;41;09/03/2018;Fortaleza;R$ 2.500,00;;;;
HL2714; Tablet ;5;Lucas;Lima;90;10/09/2018;São Paulo;R$ 1.600,00;;;;
HL4379; Televisão ;5;Sthefeson;Pereira;22;3/30/2018;Curitiba;R$ 2.500,00;;;;
HL7348; SmartWatch ;1;Guilherme;Lima;40;7/16/2018;Curitiba;R$ 1.400,00;;;;
HL1918; iPhone ;4;Eduardo;Pacheco;77;12/28/2018;Curitiba;R$ 5.300,00;;;;
HL1918; iPhone ;2;Adrielle;Vieira;37;08/09/2018;Rio de Janeiro;R$ 5.300,00;;;;
HL8851; Notebook ;3;Beatriz;Silva;68;9/21/2018;Goiânia;R$ 3.500,00;;;;
HL1918; iPhone ;3;Raphael;Ferman;88;4/22/2018;Recife;R$ 5.300,00;;;;
HL8851; Notebook ;1;Juliana;Correa;37;5/30/2018;Fortaleza;R$ 3.500,00;;;;
HL1918; iPhone ;5;Guilherme;Monteiro;36;07/07/2018;Belo Horizonte;R$ 5.300,00;;;;
HL9962; Android ;2;Lucas;Freire;76;02/08/2018;Fortaleza;R$ 3.400,00;;;;
HL7348; SmartWatch ;3;Vanessa;Rodrigues;46;10/20/2018;Goiânia;R$ 1.400,00;;;;
HL4379; Televisão ;1;Jonatas;Passos;37;12/20/2018;Fortaleza;R$ 2.500,00;;;;
HL1918; iPhone ;1;Anna;Silva;38;7/20/2018;Curitiba;R$ 5.300,00;;;;
HL1918; iPhone ;5;Caio;Moraes;65;6/17/2018;Fortaleza;R$ 5.300,00;;;;
HL1148; Câmera ;2;Pedro;Santos;74;4/24/2018;Rio de Janeiro;R$ 2.100,00;;;;
HL4379; Televisão ;5;Clara;Bruno;47;1/17/2018;Porto Alegre;R$ 2.500,00;;;;
HL9962; Android ;5;Vinícius;Antunes;43;1/16/2018;Salvador;R$ 3.400,00;;;;
HL7348; SmartWatch ;4;Giuseppe;Borges;69;07/11/2018;Curitiba;R$ 1.400,00;;;;
HL1918; iPhone ;3;José;Vieira;32;08/09/2018;São Paulo;R$ 5.300,00;;;;
HL9962; Android ;1;Camilla;Vieira;21;12/28/2018;Rio de Janeiro;R$ 3.400,00;;;;
HL9962; Android ;4;Giovana;Vilela;21;1/25/2018;Porto Alegre;R$ 3.400,00;;;;
HL9962; Android ;4;Thomáz;Bôas;83;02/02/2018;Salvador;R$ 3.400,00;;;;
HL8851; Notebook ;3;Daniel;Nauenberg;58;07/10/2018;Fortaleza;R$ 3.500,00;;;;
HL7348; SmartWatch ;4;Camila;Bastazini;25;4/28/2018;Goiânia;R$ 1.400,00;;;;
HL1918; iPhone ;2;Viviane;Souza;73;08/09/2018;Fortaleza;R$ 5.300,00;;;;
HL8851; Notebook ;2;Isabela;Resende;44;8/27/2018;Salvador;R$ 3.500,00;;;;
HL9962; Android ;3;Roberta;Teixeira;29;07/12/2018;Rio de Janeiro;R$ 3.400,00;;;;
HL1918; iPhone ;4;Victor;Oliveira;40;1/30/2018;Curitiba;R$ 5.300,00;;;;
HL2714; Tablet ;3;João;Menezes;31;08/03/2018;Curitiba;R$ 1.600,00;;;;
HL1918; iPhone ;3;Marina;Aragão;86;12/25/2018;Fortaleza;R$ 5.300,00;;;;
HL1918; iPhone ;1;Bárbara;Cavalcante;34;03/01/2018;Salvador;R$ 5.300,00;;;;
HL1148; Câmera ;4;Breno;Costa;87;11/17/2018;Salvador;R$ 2.100,00;;;;
HL4379; Televisão ;5;Sthefeson;Barroso;36;2/19/2018;Salvador;R$ 2.500,00;;;;
HL1918; iPhone ;1;Carlos;Azevedo;27;08/08/2018;Salvador;R$ 5.300,00;;;;
HL1918; iPhone ;1;João;Silva;85;10/06/2018;Rio de Janeiro;R$ 5.300,00;;;;
HL1918; iPhone ;3;Eduardo;Veiga;44;8/21/2018;Rio de Janeiro;R$ 5.300,00;;;;
HL1148; Câmera ;3;Wilson;Brandão;84;4/24/2018;Rio de Janeiro;R$ 2.100,00;;;;
HL4379; Televisão ;4;Rilson;Guedes;22;9/27/2018;Recife;R$ 2.500,00;;;;
HL2714; Tablet ;1;Bernardo;Borges;65;08/12/2018;Salvador;R$ 1.600,00;;;;
HL4379; Televisão ;3;Isabel;Lacerda;65;01/10/2018;Belo Horizonte;R$ 2.500,00;;;;
HL4379; Televisão ;5;Carlos;Melo;54;08/05/2018;Curitiba;R$ 2.500,00;;;;
HL2714; Tablet ;2;Marina;Marins;39;7/23/2018;São Paulo;R$ 1.600,00;;;;
HL1918; iPhone ;4;Julia;Teixeira;73;06/05/2018;Goiânia;R$ 5.300,00;;;;
HL1918; iPhone ;5;Roberto;Mattos;68;02/08/2018;Curitiba;R$ 5.300,00;;;;
HL2714; Tablet ;2;Raissa;Sales;88;9/21/2018;Goiânia;R$ 1.600,00;;;;
HL1918; iPhone ;1;Tiago;Pereira;34;11/23/2018;São Paulo;R$ 5.300,00;;;;
HL1918; iPhone ;1;Katharina;Barros;80;12/14/2018;Rio de Janeiro;R$ 5.300,00;;;;
HL8851; Notebook ;5;Matheus;Afonso;85;2/14/2018;Salvador;R$ 3.500,00;;;;
HL1918; iPhone ;4;Rafael;Ramos;21;2/28/2018;Salvador;R$ 5.300,00;;;;
HL4379; Televisão ;3;Guilherme;Monteiro;85;10/29/2018;Salvador;R$ 2.500,00;;;;
HL1918; iPhone ;4;Larissa;Vasconcellos;54;05/03/2018;São Paulo;R$ 5.300,00;;;;
HL1148; Câmera ;2;Antonio;Bernhardt;20;6/26/2018;Fortaleza;R$ 2.100,00;;;;
HL9962; Android ;2;Amanda;Delgado;19;05/03/2018;São Paulo;R$ 3.400,00;;;;
HL8851; Notebook ;5;Arthur;Rocha;82;9/18/2018;São Paulo;R$ 3.500,00;;;;
HL7348; SmartWatch ;4;Matheus;Gomes;42;6/26/2018;Curitiba;R$ 1.400,00;;;;
HL1918; iPhone ;3;Paola;Abreu;35;12/09/2018;Recife;R$ 5.300,00;;;;
HL9962; Android ;2;Jonatas;Essaber;33;04/03/2018;Fortaleza;R$ 3.400,00;;;;
HL1918; iPhone ;2;Luana;Santos;43;11/14/2018;São Paulo;R$ 5.300,00;;;;
HL1918; iPhone ;1;Lorena;Carvalho;63;02/10/2018;Goiânia;R$ 5.300,00;;;;
HL4379; Televisão ;4;Leonardo;Ferreira;57;02/05/2018;Porto Alegre;R$ 2.500,00;;;;
HL7348; SmartWatch ;5;Leandro;Rodrigues;82;9/24/2018;Salvador;R$ 1.400,00;;;;
HL4379; Televisão ;5;Marcelo;Guadagnino;90;10/22/2018;Rio de Janeiro;R$ 2.500,00;;;;
HL1918; iPhone ;3;João;Peçanha;88;9/15/2018;Recife;R$ 5.300,00;;;;
HL1918; iPhone ;2;Tayla;Lima;75;03/12/2018;São Paulo;R$ 5.300,00;;;;
HL8851; Notebook ;5;Isabela;Resende;55;07/04/2018;Salvador;R$ 3.500,00;;;;
HL4379; Televisão ;1;Lucas;Junior;30;10/17/2018;São Paulo;R$ 2.500,00;;;;
HL1918; iPhone ;4;Raissa;Sales;42;7/17/2018;Salvador;R$ 5.300,00;;;;
HL9962; Android ;3;Victor;Ferreira;24;3/18/2018;Recife;R$ 3.400,00;;;;
HL7348; SmartWatch ;5;Patrick;Silva;70;10/28/2018;Recife;R$ 1.400,00;;;;
HL1918; iPhone ;2;Gabrielle;Silva;32;10/01/2018;Porto Alegre;R$ 5.300,00;;;;
HL7348; SmartWatch ;4;Beatriz;Biase;81;11/08/2018;Goiânia;R$ 1.400,00;;;;
HL1918; iPhone ;5;Bernard;Pedrosa;39;06/10/2018;Recife;R$ 5.300,00;;;;
HL1918; iPhone ;4;Victor;Zakhm;64;01/09/2018;Rio de Janeiro;R$ 5.300,00;;;;
HL9962; Android ;5;Bernardo;Nauenberg;73;2/22/2018;Fortaleza;R$ 3.400,00;;;;
HL7348; SmartWatch ;3;Isabella;Rodrigues;48;7/16/2018;Rio de Janeiro;R$ 1.400,00;;;;
HL1918; iPhone ;1;Giselia;Thiele;40;12/04/2018;São Paulo;R$ 5.300,00;;;;
HL1918; iPhone ;3;Natalia;Guedes;54;2/13/2018;São Paulo;R$ 5.300,00;;;;
HL1918; iPhone ;4;Hanna;Fonseca;79;10/26/2018;Salvador;R$ 5.300,00;;;;
HL1918; iPhone ;1;Dykson;Silva;28;03/09/2018;São Paulo;R$ 5.300,00;;;;
HL8851; Notebook ;5;Clara;Silveira;62;5/15/2018;Curitiba;R$ 3.500,00;;;;
HL8851; Notebook ;1;Lucas;Freire;72;3/27/2018;São Paulo;R$ 3.500,00;;;;
HL9962; Android ;1;João;Matheus;42;5/19/2018;São Paulo;R$ 3.400,00;;;;
HL2714; Tablet ;1;Andressa;Rotsztejn;25;8/25/2018;São Paulo;R$ 1.600,00;;;;
HL1148; Câmera ;5;Natalia;Andrade;78;09/05/2018;Rio de Janeiro;R$ 2.100,00;;;;
HL7348; SmartWatch ;2;Juliana;Silva;80;5/17/2018;São Paulo;R$ 1.400,00;;;;
HL4379; Televisão ;3;Pedro;Lyra;84;10/25/2018;Rio de Janeiro;R$ 2.500,00;;;;
HL4379; Televisão ;1;Cézar;Santos;33;7/27/2018;São Paulo;R$ 2.500,00;;;;
HL4379; Televisão ;2;Sandy;Figueiredo;83;7/15/2018;Rio de Janeiro;R$ 2.500,00;;;;
HL1918; iPhone ;5;Ana;Silva;85;6/23/2018;Rio de Janeiro;R$ 5.300,00;;;;
HL1148; Câmera ;4;Juliana;Goes;23;8/19/2018;Goiânia;R$ 2.100,00;;;;
HL7348; SmartWatch ;1;Juliana;Barreira;79;1/31/2018;Fortaleza;R$ 1.400,00;;;;
HL1918; iPhone ;5;Bruno;Barcessat;23;10/28/2018;São Paulo;R$ 5.300,00;;;;
HL4379; Televisão ;5;Luiza;Cabral;44;12/03/2018;São Paulo;R$ 2.500,00;;;;
HL2714; Tablet ;4;Aline;Morais;22;1/23/2018;Belo Horizonte;R$ 1.600,00;;;;
HL2714; Tablet ;3;José;Fonseca;87;10/06/2018;São Paulo;R$ 1.600,00;;;;
HL4379; Televisão ;2;Morgana;Correa;62;09/04/2018;São Paulo;R$ 2.500,00;;;;
HL2714; Tablet ;2;Isabela;Rodrigues;57;7/24/2018;Belo Horizonte;R$ 1.600,00;;;;
HL1918; iPhone ;2;Rodrigo;Alves;45;11/19/2018;Fortaleza;R$ 5.300,00;;;;
HL2714; Tablet ;1;Catarina;Teixeira;53;03/09/2018;Recife;R$ 1.600,00;;;;
HL1148; Câmera ;5;Antonio;Bernhardt;59;1/17/2018;Curitiba;R$ 2.100,00;;;;
HL4379; Televisão ;3;Iuri;Barbosa;55;8/18/2018;Porto Alegre;R$ 2.500,00;;;;
HL1148; Câmera ;2;Victor;Lira;86;5/28/2018;Rio de Janeiro;R$ 2.100,00;;;;
HL4379; Televisão ;5;Lucas;Lemos;46;08/12/2018;Fortaleza;R$ 2.500,00;;;;
HL9962; Android ;2;Jonatas;Passos;50;9/18/2018;Curitiba;R$ 3.400,00;;;;
HL7348; SmartWatch ;5;Wendela;Mariz;87;5/24/2018;Fortaleza;R$ 1.400,00;;;;
HL2714; Tablet ;5;Bárbara;Cavalcante;57;6/18/2018;Porto Alegre;R$ 1.600,00;;;;
HL4379; Televisão ;3;Aline;Andrade;19;10/07/2018;Belo Horizonte;R$ 2.500,00;;;;
HL1918; iPhone ;4;Lucas;Baptista;20;04/11/2018;São Paulo;R$ 5.300,00;;;;
HL1918; iPhone ;1;Bruna;Franco;33;12/02/2018;São Paulo;R$ 5.300,00;;;;
HL8851; Notebook ;4;Daniel;Felippe;70;9/15/2018;São Paulo;R$ 3.500,00;;;;
HL1918; iPhone ;3;Izabel;Miura;58;11/07/2018;Recife;R$ 5.300,00;;;;
HL4379; Televisão ;5;William;Mendonça;60;11/25/2018;Rio de Janeiro;R$ 2.500,00;;;;
HL1148; Câmera ;5;Mateus;Franco;84;10/17/2018;Salvador;R$ 2.100,00;;;;
HL1148; Câmera ;4;Letícia;Leal;47;11/10/2018;Rio de Janeiro;R$ 2.100,00;;;;
HL2714; Tablet ;3;João;Menezes;23;9/26/2018;Recife;R$ 1.600,00;;;;
HL1918; iPhone ;5;Rachel;Silva;56;11/16/2018;Fortaleza;R$ 5.300,00;;;;
HL1918; iPhone ;5;Bianca;Paz;78;01/02/2018;São Paulo;R$ 5.300,00;;;;
HL1918; iPhone ;1;Rodrigo;Ramos;36;05/06/2018;Fortaleza;R$ 5.300,00;;;;
HL1148; Câmera ;4;Juliana;Barreira;66;08/01/2018;Salvador;R$ 2.100,00;;;;
HL1918; iPhone ;5;Tadeu;Sousa;52;5/28/2018;São Paulo;R$ 5.300,00;;;;
HL7348; SmartWatch ;1;Vanessa;Bach;27;05/12/2018;São Paulo;R$ 1.400,00;;;;
HL7348; SmartWatch ;1;Adrielle;Gabriel;75;02/10/2018;São Paulo;R$ 1.400,00;;;;
HL4379; Televisão ;3;Marina;Miranda;88;10/16/2018;São Paulo;R$ 2.500,00;;;;
HL4379; Televisão ;3;Lucas;Lima;85;7/18/2018;Porto Alegre;R$ 2.500,00;;;;
HL1918; iPhone ;5;Caio;Affonso;38;3/24/2018;Salvador;R$ 5.300,00;;;;
HL4379; Televisão ;2;Norman;Jimbo;22;11/15/2018;Rio de Janeiro;R$ 2.500,00;;;;
HL2714; Tablet ;3;Laís;Oliveira;72;12/17/2018;São Paulo;R$ 1.600,00;;;;
HL1148; Câmera ;4;Gabriel;Soares;22;11/07/2018;Salvador;R$ 2.100,00;;;;
HL2714; Tablet ;4;Carolina;Carneiro;83;08/10/2018;Rio de Janeiro;R$ 1.600,00;;;;
HL1918; iPhone ;3;Raísa;Rodrigues;26;10/27/2018;Rio de Janeiro;R$ 5.300,00;;;;
HL1918; iPhone ;3;Elena;Barreto;82;08/04/2018;Rio de Janeiro;R$ 5.300,00;;;;
HL1918; iPhone ;1;Bruno;Ursulino;60;09/11/2018;Curitiba;R$ 5.300,00;;;;
HL1918; iPhone ;5;Guilherme;Monteiro;66;11/09/2018;Goiânia;R$ 5.300,00;;;;
HL1918; iPhone ;4;Rafaela;Gomes;47;3/26/2018;Goiânia;R$ 5.300,00;;;;
HL1918; iPhone ;5;Milena;Alcoforado;85;3/19/2018;Salvador;R$ 5.300,00;;;;
HL1918; iPhone ;3;Rafaela;Gomes;28;06/02/2018;Porto Alegre;R$ 5.300,00;;;;
HL1148; Câmera ;2;Henrique;Oliveira;59;09/07/2018;São Paulo;R$ 2.100,00;;;;
HL1918; iPhone ;3;Arthur;Souza;44;12/31/2018;Porto Alegre;R$ 5.300,00;;;;
HL8851; Notebook ;2;Alon;Guedes;73;2/25/2018;Curitiba;R$ 3.500,00;;;;
HL1148; Câmera ;1;Eduardo;Soares;51;2/15/2018;Rio de Janeiro;R$ 2.100,00;;;;
HL2714; Tablet ;4;Bruna;Soares;88;3/28/2018;Rio de Janeiro;R$ 1.600,00;;;;
HL4379; Televisão ;1;Arthur;Fernandes;48;09/02/2018;Rio de Janeiro;R$ 2.500,00;;;;
HL2714; Tablet ;3;Victor;Lira;33;5/16/2018;Curitiba;R$ 1.600,00;;;;
HL1918; iPhone ;3;Juliana;Mesquita;26;12/28/2018;Salvador;R$ 5.300,00;;;;
HL7348; SmartWatch ;1;Michelle;Figueiredo;76;3/27/2018;Fortaleza;R$ 1.400,00;;;;
HL2714; Tablet ;2;Arthur;Rocha;38;2/17/2018;São Paulo;R$ 1.600,00;;;;
HL8851; Notebook ;1;Anderson;Martins;28;06/06/2018;Recife;R$ 3.500,00;;;;
HL4379; Televisão ;5;Adriane;Chagas;36;1/20/2018;São Paulo;R$ 2.500,00;;;;
HL4379; Televisão ;5;Thales;Portillo;50;7/23/2018;Porto Alegre;R$ 2.500,00;;;;
HL1148; Câmera ;5;Beatriz;Perdomo;80;09/01/2018;Salvador;R$ 2.100,00;;;;
HL1148; Câmera ;5;Beatriz;Rocha;29;12/28/2018;Curitiba;R$ 2.100,00;;;;
HL4379; Televisão ;1;Gabriel;Brito;60;03/07/2018;Rio de Janeiro;R$ 2.500,00;;;;
HL9962; Android ;3;Gustavo;Azevedo;79;03/02/2018;Porto Alegre;R$ 3.400,00;;;;
HL9962; Android ;1;Andre;Nóbrega;20;03/07/2018;Salvador;R$ 3.400,00;;;;
HL4379; Televisão ;3;Adrielle;Gabriel;88;09/08/2018;Salvador;R$ 2.500,00;;;;
HL2714; Tablet ;4;Alon;Palmeira;58;10/23/2018;Rio de Janeiro;R$ 1.600,00;;;;
HL9962; Android ;3;Anna;Figueiredo;63;5/16/2018;Rio de Janeiro;R$ 3.400,00;;;;
HL8851; Notebook ;2;Raíza;Lopes;40;6/21/2018;São Paulo;R$ 3.500,00;;;;
HL1918; iPhone ;1;Renan;Cunha;79;1/13/2018;São Paulo;R$ 5.300,00;;;;
HL7348; SmartWatch ;1;Cézar;Santos;81;11/17/2018;Fortaleza;R$ 1.400,00;;;;
HL9962; Android ;4;Hércules;Moreira;41;08/01/2018;Fortaleza;R$ 3.400,00;;;;
HL2714; Tablet ;1;Ives;Barbosa;49;4/27/2018;Fortaleza;R$ 1.600,00;;;;
HL9962; Android ;2;José;Jesus;83;12/05/2018;Fortaleza;R$ 3.400,00;;;;
HL2714; Tablet ;1;Rebeca;Taylor;22;05/09/2018;Recife;R$ 1.600,00;;;;
HL4379; Televisão ;5;Guilherme;Lima;39;05/09/2018;Fortaleza;R$ 2.500,00;;;;
HL1918; iPhone ;2;Raul;Junqueira;65;9/24/2018;Belo Horizonte;R$ 5.300,00;;;;
HL1918; iPhone ;5;Cézar;Santos;41;10/11/2018;Rio de Janeiro;R$ 5.300,00;;;;
HL4379; Televisão ;4;Izabel;Miura;44;10/27/2018;Rio de Janeiro;R$ 2.500,00;;;;
HL7348; SmartWatch ;5;Ives;Teixeira;38;10/31/2018;Fortaleza;R$ 1.400,00;;;;
HL9962; Android ;1;Lívia;Marques;71;5/26/2018;Salvador;R$ 3.400,00;;;;
HL2714; Tablet ;5;Lucas;Costa;90;04/08/2018;São Paulo;R$ 1.600,00;;;;
HL1918; iPhone ;5;Lucas;Monte;36;12/25/2018;Fortaleza;R$ 5.300,00;;;;
HL4379; Televisão ;2;William;Mendonça;74;3/27/2018;Goiânia;R$ 2.500,00;;;;
HL1918; iPhone ;5;Thainá;Binello;47;9/22/2018;São Paulo;R$ 5.300,00;;;;
HL2714; Tablet ;1;Lucas;Lemos;27;11/15/2018;Belo Horizonte;R$ 1.600,00;;;;
HL1918; iPhone ;1;Stefan;Nunes;29;11/24/2018;Porto Alegre;R$ 5.300,00;;;;
HL8851; Notebook ;3;Mariana;Baptista;71;2/28/2018;Porto Alegre;R$ 3.500,00;;;;
HL8851; Notebook ;5;Vitor;Campos;50;8/24/2018;Fortaleza;R$ 3.500,00;;;;
HL7348; SmartWatch ;2;Maria;Cardoso;54;6/17/2018;São Paulo;R$ 1.400,00;;;;
HL2714; Tablet ;5;Patrícia;Ferreira;90;02/03/2018;Porto Alegre;R$ 1.600,00;;;;
HL1148; Câmera ;4;Gabriela;Mello;51;6/20/2018;Fortaleza;R$ 2.100,00;;;;
HL1918; iPhone ;4;Gustavo;Aragão;43;5/22/2018;Rio de Janeiro;R$ 5.300,00;;;;
HL1918; iPhone ;4;Lara;Moreira;30;12/23/2018;Fortaleza;R$ 5.300,00;;;;
HL1148; Câmera ;2;Hiaiune;Valim;76;1/30/2018;São Paulo;R$ 2.100,00;;;;
HL8851; Notebook ;3;Fabio;Sepúlveda;79;03/12/2018;Salvador;R$ 3.500,00;;;;
HL4379; Televisão ;2;Gabriel;Rubim;77;05/03/2018;São Paulo;R$ 2.500,00;;;;
HL7348; SmartWatch ;2;Bianca;Allevato;55;3/20/2018;Salvador;R$ 1.400,00;;;;
HL7348; SmartWatch ;4;Bruno;Oliveira;72;03/02/2018;Salvador;R$ 1.400,00;;;;
HL4379; Televisão ;4;Rebeca;Taylor;57;5/26/2018;São Paulo;R$ 2.500,00;;;;
HL1918; iPhone ;2;Ana;Júnior;38;10/27/2018;Porto Alegre;R$ 5.300,00;;;;
HL8851; Notebook ;5;Luíza;Goulart;71;03/01/2018;Curitiba;R$ 3.500,00;;;;
HL1918; iPhone ;1;David;Vasconcelos;60;1/29/2018;Rio de Janeiro;R$ 5.300,00;;;;
HL2714; Tablet ;2;Carolina;Alfradique;29;06/09/2018;Curitiba;R$ 1.600,00;;;;
HL1918; iPhone ;5;Samara;Pinto;85;04/03/2018;Fortaleza;R$ 5.300,00;;;;
HL1918; iPhone ;2;Joyce;Medina;77;1/13/2018;São Paulo;R$ 5.300,00;;;;
HL7348; SmartWatch ;4;Victor;Oliveira;35;09/07/2018;Rio de Janeiro;R$ 1.400,00;;;;
HL1918; iPhone ;3;Bruna;Silveira;22;01/05/2018;Salvador;R$ 5.300,00;;;;
HL2714; Tablet ;3;Leandro;Melo;23;2/28/2018;Belo Horizonte;R$ 1.600,00;;;;
HL8851; Notebook ;2;Clara;Silveira;20;9/16/2018;Goiânia;R$ 3.500,00;;;;
HL1918; iPhone ;3;Daniel;Valente;87;12/28/2018;São Paulo;R$ 5.300,00;;;;
HL4379; Televisão ;1;João;Rodrigues;47;5/28/2018;Salvador;R$ 2.500,00;;;;
HL1918; iPhone ;1;Raissa;Maia;46;8/19/2018;Recife;R$ 5.300,00;;;;
HL4379; Televisão ;2;Bruno;Mota;34;1/15/2018;São Paulo;R$ 2.500,00;;;;
HL8851; Notebook ;4;Thiago;Miura;63;7/15/2018;Fortaleza;R$ 3.500,00;;;;
HL1918; iPhone ;4;Carolina;Bernardes;66;07/07/2018;São Paulo;R$ 5.300,00;;;;
HL1148; Câmera ;2;Rogério;Gentile;89;10/13/2018;Belo Horizonte;R$ 2.100,00;;;;
HL8851; Notebook ;3;Caio;Vianna;21;7/21/2018;Salvador;R$ 3.500,00;;;;
HL7348; SmartWatch ;3;Julia;Aliani;51;11/28/2018;Belo Horizonte;R$ 1.400,00;;;;
HL9962; Android ;3;Raphael;Coelho;62;3/13/2018;São Paulo;R$ 3.400,00;;;;
HL1918; iPhone ;5;Guido;Monteiro;42;12/28/2018;São Paulo;R$ 5.300,00;;;;
HL1148; Câmera ;1;Milena;Alcoforado;24;3/17/2018;São Paulo;R$ 2.100,00;;;;
HL1148; Câmera ;4;Victor;Gomes;44;05/08/2018;Belo Horizonte;R$ 2.100,00;;;;
HL4379; Televisão ;1;Maria;Gasperi;71;8/25/2018;Rio de Janeiro;R$ 2.500,00;;;;
HL8851; Notebook ;4;Lucas;Monte;55;9/27/2018;Curitiba;R$ 3.500,00;;;;
HL9962; Android ;4;Michelle;Pereira;85;6/14/2018;Fortaleza;R$ 3.400,00;;;;
HL8851; Notebook ;5;Diego;Mello;85;04/02/2018;Salvador;R$ 3.500,00;;;;
HL1148; Câmera ;2;Hygor;Essaber;38;5/27/2018;Salvador;R$ 2.100,00;;;;
HL1918; iPhone ;5;Marcos;Nucci;74;05/11/2018;Curitiba;R$ 5.300,00;;;;
HL4379; Televisão ;2;David;Assumpção;35;10/25/2018;Goiânia;R$ 2.500,00;;;;
HL1918; iPhone ;4;Pedro;Costa;72;5/21/2018;Salvador;R$ 5.300,00;;;;
HL4379; Televisão ;4;Eduardo;Veiga;76;06/03/2018;Recife;R$ 2.500,00;;;;
HL8851; Notebook ;5;Alvaro;Kranz;48;7/21/2018;Curitiba;R$ 3.500,00;;;;
HL1918; iPhone ;2;Lucas;Fontoura;42;8/31/2018;Salvador;R$ 5.300,00;;;;
HL9962; Android ;2;Rachel;Restum;59;8/22/2018;Rio de Janeiro;R$ 3.400,00;;;;
HL4379; Televisão ;5;Camilla;Cardeman;28;11/20/2018;Goiânia;R$ 2.500,00;;;;
HL4379; Televisão ;5;Carlos;Azevedo;31;2/13/2018;Fortaleza;R$ 2.500,00;;;;
HL1918; iPhone ;2;Anderson;Cavalcanti;76;10/17/2018;Fortaleza;R$ 5.300,00;;;;
HL4379; Televisão ;1;Julie;Ferreira;35;4/19/2018;Goiânia;R$ 2.500,00;;;;
HL2714; Tablet ;1;Fabio;Ramos;26;12/15/2018;Rio de Janeiro;R$ 1.600,00;;;;
HL2714; Tablet ;5;Luã;Sá;42;4/16/2018;Belo Horizonte;R$ 1.600,00;;;;
HL4379; Televisão ;3;Alexandre;Dantas;18;01/09/2018;Porto Alegre;R$ 2.500,00;;;;
HL1918; iPhone ;5;Ana;Felippe;46;7/22/2018;Salvador;R$ 5.300,00;;;;
HL4379; Televisão ;4;Letícia;Leal;37;11/14/2018;São Paulo;R$ 2.500,00;;;;
HL1918; iPhone ;4;Carolina;Brum;29;4/27/2018;Rio de Janeiro;R$ 5.300,00;;;;
HL7348; SmartWatch ;1;Letícia;Rodrigues;72;1/16/2018;Salvador;R$ 1.400,00;;;;
HL8851; Notebook ;5;Julia;Leig;46;4/19/2018;São Paulo;R$ 3.500,00;;;;
HL8851; Notebook ;4;Beatriz;Biase;82;7/28/2018;Fortaleza;R$ 3.500,00;;;;
HL7348; SmartWatch ;2;Daniel;Nauenberg;32;05/03/2018;Salvador;R$ 1.400,00;;;;
HL4379; Televisão ;1;Rilson;Guedes;68;2/16/2018;Salvador;R$ 2.500,00;;;;
HL1918; iPhone ;4;Gabriela;Aliani;67;7/24/2018;São Paulo;R$ 5.300,00;;;;
HL4379; Televisão ;2;Lucas;Costa;78;6/28/2018;Salvador;R$ 2.500,00;;;;
HL1918; iPhone ;1;Natali;Rangel;87;01/09/2018;Porto Alegre;R$ 5.300,00;;;;
HL7348; SmartWatch ;2;Clara;Bruno;89;12/10/2018;Fortaleza;R$ 1.400,00;;;;
HL1918; iPhone ;4;Isabella;Santos;44;9/28/2018;Curitiba;R$ 5.300,00;;;;
HL1918; iPhone ;4;Douglas;Rodrigues;78;5/18/2018;São Paulo;R$ 5.300,00;;;;
HL1918; iPhone ;4;Vanessa;Neves;25;8/28/2018;Curitiba;R$ 5.300,00;;;;
HL2714; Tablet ;1;Thainá;Binello;66;5/25/2018;Rio de Janeiro;R$ 1.600,00;;;;
HL1918; iPhone ;3;Victor;Firmino;69;3/31/2018;Porto Alegre;R$ 5.300,00;;;;
HL2714; Tablet ;2;Bruna;Ramos;42;8/22/2018;São Paulo;R$ 1.600,00;;;;
HL1148; Câmera ;3;Marcos;Nucci;80;05/07/2018;São Paulo;R$ 2.100,00;;;;
HL4379; Televisão ;1;Priscila;Carvalho;76;02/05/2018;Recife;R$ 2.500,00;;;;
HL1918; iPhone ;1;Rodrigo;Souza;69;10/02/2018;Salvador;R$ 5.300,00;;;;
HL1918; iPhone ;5;Henrique;Lencastre;24;11/23/2018;São Paulo;R$ 5.300,00;;;;
HL1148; Câmera ;3;Luiza;Johnson;36;4/21/2018;Salvador;R$ 2.100,00;;;;
HL9962; Android ;2;Raphael;Kurtz;50;10/03/2018;São Paulo;R$ 3.400,00;;;;
HL1148; Câmera ;1;Julie;Ferreira;69;12/19/2018;Salvador;R$ 2.100,00;;;;
HL8851; Notebook ;5;Myllena;Carneiro;43;04/04/2018;Goiânia;R$ 3.500,00;;;;
HL4379; Televisão ;3;Luíza;Goulart;28;09/06/2018;Salvador;R$ 2.500,00;;;;
HL4379; Televisão ;5;Ruan;Gonçalves;55;03/05/2018;Curitiba;R$ 2.500,00;;;;
HL1918; iPhone ;1;Matheus;Delgado;79;5/20/2018;Fortaleza;R$ 5.300,00;;;;
HL2714; Tablet ;3;Lucas;Valim;23;05/02/2018;Recife;R$ 1.600,00;;;;
HL1918; iPhone ;3;Paula;Carneiro;33;3/18/2018;São Paulo;R$ 5.300,00;;;;
HL1918; iPhone ;2;Juliana;Silva;51;6/26/2018;Recife;R$ 5.300,00;;;;
HL1918; iPhone ;1;Jéssica;Netto;23;01/08/2018;Fortaleza;R$ 5.300,00;;;;
HL4379; Televisão ;2;Luiz;Freire;56;1/20/2018;Rio de Janeiro;R$ 2.500,00;;;;
HL1918; iPhone ;5;Bianca;Paz;46;12/26/2018;São Paulo;R$ 5.300,00;;;;
HL1148; Câmera ;5;Brenno;Santos;90;12/01/2018;São Paulo;R$ 2.100,00;;;;
HL7348; SmartWatch ;3;Paloma;Sperandei;58;02/09/2018;Porto Alegre;R$ 1.400,00;;;;
HL8851; Notebook ;3;Guilherme;Castilho;79;9/16/2018;Porto Alegre;R$ 3.500,00;;;;
HL1148; Câmera ;3;Pedro;Santos;36;12/24/2018;Belo Horizonte;R$ 2.100,00;;;;
HL1918; iPhone ;4;Paulo;Campos;74;10/06/2018;Curitiba;R$ 5.300,00;;;;
HL4379; Televisão ;2;Michelle;Pereira;58;02/10/2018;Salvador;R$ 2.500,00;;;;
HL2714; Tablet ;5;Tayla;Lima;51;1/27/2018;Fortaleza;R$ 1.600,00;;;;
HL8851; Notebook ;5;Michelle;Pereira;47;03/01/2018;Fortaleza;R$ 3.500,00;;;;
HL7348; SmartWatch ;2;Gustavo;Accardo;74;06/04/2018;São Paulo;R$ 1.400,00;;;;
HL1918; iPhone ;1;Izabel;Miura;80;05/12/2018;Goiânia;R$ 5.300,00;;;;
HL8851; Notebook ;5;Maria;Motta;62;06/09/2018;Fortaleza;R$ 3.500,00;;;;
HL4379; Televisão ;5;Thayane;Resende;52;12/12/2018;São Paulo;R$ 2.500,00;;;;
HL7348; SmartWatch ;5;Mariana;Barrozo;82;06/05/2018;São Paulo;R$ 1.400,00;;;;
HL4379; Televisão ;1;Joyce;Medina;81;10/24/2018;Salvador;R$ 2.500,00;;;;
HL2714; Tablet ;4;Jonatas;Passos;21;08/11/2018;Porto Alegre;R$ 1.600,00;;;;
HL1918; iPhone ;5;Rojane;Lima;48;9/24/2018;Goiânia;R$ 5.300,00;;;;
HL4379; Televisão ;2;Cézar;Santos;38;4/15/2018;Fortaleza;R$ 2.500,00;;;;
HL7348; SmartWatch ;1;Jonas;Gomes;90;04/10/2018;Porto Alegre;R$ 1.400,00;;;;
HL4379; Televisão ;2;Ana;Soledade;41;3/18/2018;Recife;R$ 2.500,00;;;;
HL1918; iPhone ;5;Letícia;Leal;45;04/07/2018;Recife;R$ 5.300,00;;;;
HL9962; Android ;1;Natalia;Marinho;20;7/18/2018;Fortaleza;R$ 3.400,00;;;;
HL4379; Televisão ;1;Gustavo;Guimarães;78;12/11/2018;Salvador;R$ 2.500,00;;;;
HL1918; iPhone ;4;Antonio;Bernhardt;77;11/09/2018;Fortaleza;R$ 5.300,00;;;;
HL1918; iPhone ;4;Luiza;Procaci;50;4/19/2018;Goiânia;R$ 5.300,00;;;;
HL4379; Televisão ;1;Ana;Felippe;61;11/18/2018;Curitiba;R$ 2.500,00;;;;
HL4379; Televisão ;5;Carolina;Rocha;30;11/29/2018;Porto Alegre;R$ 2.500,00;;;;
HL4379; Televisão ;3;Luiza;Ribeiro;74;3/25/2018;São Paulo;R$ 2.500,00;;;;
HL7348; SmartWatch ;1;Tayla;Lima;70;11/09/2018;Rio de Janeiro;R$ 1.400,00;;;;
HL1918; iPhone ;1;Juliana;Silva;86;8/19/2018;Fortaleza;R$ 5.300,00;;;;
HL1918; iPhone ;4;Lucas;Assunção;71;7/27/2018;Fortaleza;R$ 5.300,00;;;;
HL9962; Android ;2;Ana;Soledade;67;02/03/2018;São Paulo;R$ 3.400,00;;;;
HL9962; Android ;2;Thiago;Nóbrega;87;11/11/2018;Belo Horizonte;R$ 3.400,00;;;;
HL9962; Android ;2;Fabio;Boccaletti;19;10/24/2018;Salvador;R$ 3.400,00;;;;
HL1918; iPhone ;1;Bruno;Oliveira;55;3/26/2018;Salvador;R$ 5.300,00;;;;
HL8851; Notebook ;5;Bruna;Rosa;28;6/27/2018;Porto Alegre;R$ 3.500,00;;;;
HL1148; Câmera ;4;Yasser;Calbucci;83;7/27/2018;Salvador;R$ 2.100,00;;;;
HL8851; Notebook ;1;Lucas;Neto;56;05/02/2018;Goiânia;R$ 3.500,00;;;;
HL1918; iPhone ;1;Debora;Silva;71;4/20/2018;Salvador;R$ 5.300,00;;;;
HL4379; Televisão ;1;Gustavo;Guimarães;88;10/23/2018;Fortaleza;R$ 2.500,00;;;;
HL7348; SmartWatch ;4;Milena;Pereira;34;06/08/2018;Rio de Janeiro;R$ 1.400,00;;;;
HL1918; iPhone ;1;Kim;Ferreira;20;10/08/2018;Recife;R$ 5.300,00;;;;
HL4379; Televisão ;4;Rafael;Portela;38;2/27/2018;Belo Horizonte;R$ 2.500,00;;;;
HL4379; Televisão ;2;Mayara;Soares;23;11/05/2018;Rio de Janeiro;R$ 2.500,00;;;;
HL8851; Notebook ;4;Juliana;Correa;55;7/25/2018;São Paulo;R$ 3.500,00;;;;
HL8851; Notebook ;2;Laura;Araujo;76;09/09/2018;Porto Alegre;R$ 3.500,00;;;;
HL7348; SmartWatch ;5;Caio;Silva;57;04/11/2018;São Paulo;R$ 1.400,00;;;;
HL4379; Televisão ;5;Lucas;Lima;65;10/09/2018;Fortaleza;R$ 2.500,00;;;;
HL7348; SmartWatch ;4;Sthefeson;Barroso;39;7/21/2018;Curitiba;R$ 1.400,00;;;;
HL1148; Câmera ;3;Dandara;Reis;23;3/18/2018;Fortaleza;R$ 2.100,00;;;;
HL4379; Televisão ;1;Lucas;Almeida;53;12/24/2018;Fortaleza;R$ 2.500,00;;;;
HL4379; Televisão ;5;Rogério;Gentile;22;3/13/2018;Rio de Janeiro;R$ 2.500,00;;;;
HL9962; Android ;4;Ana;Silva;78;10/13/2018;Belo Horizonte;R$ 3.400,00;;;;
HL9962; Android ;3;Beatriz;Li;22;9/20/2018;Goiânia;R$ 3.400,00;;;;
HL9962; Android ;2;Joyce;Medina;73;03/03/2018;Salvador;R$ 3.400,00;;;;
HL1918; iPhone ;5;Gabriel;Assis;75;06/11/2018;São Paulo;R$ 5.300,00;;;;
HL2714; Tablet ;3;Gabriel;Thoni;45;10/22/2018;Rio de Janeiro;R$ 1.600,00;;;;
HL1918; iPhone ;3;Rachel;Silva;45;8/28/2018;Curitiba;R$ 5.300,00;;;;
HL1918; iPhone ;1;Thaís;Ribeiro;32;8/22/2018;São Paulo;R$ 5.300,00;;;;
HL1918; iPhone ;2;Giovanna;Santos;59;1/27/2018;Fortaleza;R$ 5.300,00;;;;
HL8851; Notebook ;3;Thais;Rodrigues;85;10/11/2018;Porto Alegre;R$ 3.500,00;;;;
HL2714; Tablet ;4;Thales;Santos;50;2/24/2018;Rio de Janeiro;R$ 1.600,00;;;;
HL1918; iPhone ;5;João;Junior;62;1/22/2018;Porto Alegre;R$ 5.300,00;;;;
HL9962; Android ;4;Manuela;Ferreira;47;01/07/2018;São Paulo;R$ 3.400,00;;;;
HL8851; Notebook ;1;Thiago;Veloso;69;9/15/2018;São Paulo;R$ 3.500,00;;;;
HL8851; Notebook ;4;Mariana;Freire;50;8/29/2018;Curitiba;R$ 3.500,00;;;;
HL7348; SmartWatch ;1;Alexandre;Rodriguez;72;8/14/2018;Fortaleza;R$ 1.400,00;;;;
HL4379; Televisão ;3;Yasmim;Verly;38;6/17/2018;Porto Alegre;R$ 2.500,00;;;;
HL8851; Notebook ;5;Arthur;Pereira;39;4/13/2018;Goiânia;R$ 3.500,00;;;;
HL9962; Android ;3;Thayna;Martins;37;02/04/2018;São Paulo;R$ 3.400,00;;;;
HL8851; Notebook ;2;David;Campelo;38;09/02/2018;Rio de Janeiro;R$ 3.500,00;;;;
HL8851; Notebook ;2;Lucas;Freitas;41;03/01/2018;Salvador;R$ 3.500,00;;;;
HL4379; Televisão ;2;Mateus;Maia;72;07/09/2018;Goiânia;R$ 2.500,00;;;;
HL4379; Televisão ;1;Paula;Cavalcanti;34;11/07/2018;Rio de Janeiro;R$ 2.500,00;;;;
HL1918; iPhone ;4;Dykson;Silva;89;1/18/2018;Fortaleza;R$ 5.300,00;;;;
HL1148; Câmera ;4;William;Mendonça;75;02/12/2018;Rio de Janeiro;R$ 2.100,00;;;;
HL8851; Notebook ;1;Raphael;Guedes;20;5/26/2018;São Paulo;R$ 3.500,00;;;;
HL1918; iPhone ;3;Helvio;Pedrosa;64;7/14/2018;São Paulo;R$ 5.300,00;;;;
HL8851; Notebook ;4;João;Costa;84;9/18/2018;Belo Horizonte;R$ 3.500,00;;;;
HL4379; Televisão ;1;Wen;Santos;68;8/19/2018;Porto Alegre;R$ 2.500,00;;;;
HL1148; Câmera ;1;Juliana;Goes;58;08/08/2018;Salvador;R$ 2.100,00;;;;
HL2714; Tablet ;1;Bruna;Chein;61;5/21/2018;Fortaleza;R$ 1.600,00;;;;
HL2714; Tablet ;4;Fabio;Ramos;47;5/27/2018;Salvador;R$ 1.600,00;;;;
HL1918; iPhone ;3;Antonio;Manhães;49;10/12/2018;Rio de Janeiro;R$ 5.300,00;;;;
HL2714; Tablet ;5;Thaís;Ribeiro;30;10/29/2018;Goiânia;R$ 1.600,00;;;;
HL8851; Notebook ;5;Julia;Penteado;34;2/19/2018;São Paulo;R$ 3.500,00;;;;
HL1918; iPhone ;2;Gustavo;Gomes;29;9/25/2018;Fortaleza;R$ 5.300,00;;;;
HL8851; Notebook ;4;Anna;Silva;68;6/26/2018;Salvador;R$ 3.500,00;;;;
HL8851; Notebook ;4;Paulo;Campos;37;6/19/2018;Salvador;R$ 3.500,00;;;;
HL7348; SmartWatch ;1;Carolina;Bernardes;21;10/30/2018;Rio de Janeiro;R$ 1.400,00;;;;
HL1918; iPhone ;1;Diogo;Ressurreição;77;6/27/2018;Salvador;R$ 5.300,00;;;;
HL9962; Android ;2;Anderson;Cavalcanti;89;12/02/2018;Salvador;R$ 3.400,00;;;;
HL4379; Televisão ;2;Natali;Rangel;73;8/31/2018;São Paulo;R$ 2.500,00;;;;
HL2714; Tablet ;1;Roberto;Nogueira;75;10/14/2018;São Paulo;R$ 1.600,00;;;;
HL1918; iPhone ;2;Mayara;Soares;44;05/03/2018;Curitiba;R$ 5.300,00;;;;
HL1918; iPhone ;1;Mariana;Sousa;73;05/07/2018;Salvador;R$ 5.300,00;;;;
HL7348; SmartWatch ;5;David;Vasconcelos;28;2/15/2018;Fortaleza;R$ 1.400,00;;;;
HL4379; Televisão ;5;Isabela;Teixeira;65;12/16/2018;Fortaleza;R$ 2.500,00;;;;
HL9962; Android ;5;Victor;Magalhães;54;5/31/2018;São Paulo;R$ 3.400,00;;;;
HL9962; Android ;4;Matheus;Tostes;33;11/21/2018;Rio de Janeiro;R$ 3.400,00;;;;
HL1918; iPhone ;3;Nicolas;Monteiro;50;12/14/2018;Goiânia;R$ 5.300,00;;;;
HL1918; iPhone ;3;Ananda;Dias;49;02/10/2018;São Paulo;R$ 5.300,00;;;;
HL9962; Android ;2;Jorge;Fonseca;59;7/27/2018;Fortaleza;R$ 3.400,00;;;;
HL1918; iPhone ;4;Amanda;Braga;86;01/01/2018;Porto Alegre;R$ 5.300,00;;;;
HL8851; Notebook ;3;Isabela;Rodrigues;60;1/23/2018;Salvador;R$ 3.500,00;;;;
HL8851; Notebook ;4;Mariane;Ferreira;77;9/14/2018;Salvador;R$ 3.500,00;;;;
HL4379; Televisão ;1;Bianca;Paz;89;12/16/2018;Curitiba;R$ 2.500,00;;;;
HL9962; Android ;2;Khaio;Mesquita;44;5/26/2018;São Paulo;R$ 3.400,00;;;;
HL1148; Câmera ;3;Paula;Carneiro;77;5/22/2018;Recife;R$ 2.100,00;;;;
HL4379; Televisão ;1;Amanda;Braga;24;9/15/2018;Goiânia;R$ 2.500,00;;;;
HL4379; Televisão ;1;Diego;Marchesi;29;08/03/2018;Salvador;R$ 2.500,00;;;;
HL1918; iPhone ;1;Victor;Corrêa;35;4/15/2018;Porto Alegre;R$ 5.300,00;;;;
HL8851; Notebook ;3;Yasmim;Bittencourt;89;01/04/2018;São Paulo;R$ 3.500,00;;;;
HL4379; Televisão ;3;Julie;Ferreira;18;3/18/2018;Porto Alegre;R$ 2.500,00;;;;
HL1918; iPhone ;4;Izabel;Lopes;21;8/13/2018;São Paulo;R$ 5.300,00;;;;
HL8851; Notebook ;1;Adriana;Passos;86;8/15/2018;Fortaleza;R$ 3.500,00;;;;
HL1918; iPhone ;4;Thomáz;Vannier;71;03/05/2018;Belo Horizonte;R$ 5.300,00;;;;
HL7348; SmartWatch ;1;Bruna;Silva;81;2/22/2018;Fortaleza;R$ 1.400,00;;;;
HL2714; Tablet ;4;Caio;Cardoso;25;9/29/2018;São Paulo;R$ 1.600,00;;;;
HL2714; Tablet ;4;Mariana;Miranda;22;9/13/2018;Curitiba;R$ 1.600,00;;;;
HL4379; Televisão ;4;Ana;Soledade;48;7/18/2018;Fortaleza;R$ 2.500,00;;;;
HL9962; Android ;2;Paula;Carneiro;36;5/26/2018;Belo Horizonte;R$ 3.400,00;;;;
HL1918; iPhone ;5;Ana;Carvalho;37;6/19/2018;Belo Horizonte;R$ 5.300,00;;;;
HL8851; Notebook ;5;Fernanda;Coutinho;49;2/17/2018;Fortaleza;R$ 3.500,00;;;;
HL1148; Câmera ;3;João;Abraçado;26;5/27/2018;Curitiba;R$ 2.100,00;;;;
HL9962; Android ;1;Carolina;Motta;88;10/18/2018;Recife;R$ 3.400,00;;;;
HL1918; iPhone ;4;Isabella;Rodrigues;62;05/05/2018;Salvador;R$ 5.300,00;;;;
HL9962; Android ;4;Carolina;Santos;64;06/11/2018;Goiânia;R$ 3.400,00;;;;
HL9962; Android ;3;Luiz;Campista;31;03/01/2018;Salvador;R$ 3.400,00;;;;
HL2714; Tablet ;4;Rachel;Silva;53;12/08/2018;Recife;R$ 1.600,00;;;;
HL1148; Câmera ;2;Raul;Silveira;81;3/25/2018;Salvador;R$ 2.100,00;;;;
HL7348; SmartWatch ;5;Gabriel;Thome;42;02/05/2018;Recife;R$ 1.400,00;;;;
HL4379; Televisão ;4;Carolina;Rocha;62;6/26/2018;São Paulo;R$ 2.500,00;;;;
HL8851; Notebook ;2;Arthur;Fernandes;61;2/16/2018;Fortaleza;R$ 3.500,00;;;;
HL1918; iPhone ;2;Fernanda;Rubim;40;12/06/2018;São Paulo;R$ 5.300,00;;;;
HL8851; Notebook ;5;Pedro;Santos;36;1/27/2018;Recife;R$ 3.500,00;;;;
HL4379; Televisão ;3;Matheus;Delgado;71;10/16/2018;Curitiba;R$ 2.500,00;;;;
HL8851; Notebook ;5;Kim;Ferreira;37;1/18/2018;São Paulo;R$ 3.500,00;;;;
HL2714; Tablet ;1;Joao;Pereira;79;5/14/2018;Rio de Janeiro;R$ 1.600,00;;;;
HL2714; Tablet ;4;Raul;Silveira;63;12/31/2018;Porto Alegre;R$ 1.600,00;;;;
HL8851; Notebook ;4;Vitor;Arruda;49;06/01/2018;Rio de Janeiro;R$ 3.500,00;;;;
HL9962; Android ;4;Raissa;Pinheiro;75;1/29/2018;Fortaleza;R$ 3.400,00;;;;
HL9962; Android ;2;João;Luz;49;3/18/2018;Salvador;R$ 3.400,00;;;;
HL4379; Televisão ;5;Danilo;Mendonça;82;5/21/2018;Salvador;R$ 2.500,00;;;;
HL4379; Televisão ;1;Adrielle;Vieira;18;10/07/2018;Salvador;R$ 2.500,00;;;;
HL4379; Televisão ;5;Carlos;Silva;74;2/17/2018;Curitiba;R$ 2.500,00;;;;
HL2714; Tablet ;5;Clara;Bruno;35;12/16/2018;Curitiba;R$ 1.600,00;;;;
HL4379; Televisão ;5;Jorge;Carvalho;53;8/21/2018;Fortaleza;R$ 2.500,00;;;;
HL1918; iPhone ;1;Raíssa;Oros;85;12/31/2018;Goiânia;R$ 5.300,00;;;;
HL7348; SmartWatch ;5;Rodrigo;Bruno;62;02/09/2018;Goiânia;R$ 1.400,00;;;;
HL9962; Android ;2;Fernanda;Bhering;87;1/30/2018;Rio de Janeiro;R$ 3.400,00;;;;
HL1918; iPhone ;1;Mateus;Polastri;24;10/26/2018;São Paulo;R$ 5.300,00;;;;
HL2714; Tablet ;3;Débora;Lopes;33;02/10/2018;São Paulo;R$ 1.600,00;;;;
HL1918; iPhone ;4;Leandro;Melo;82;12/02/2018;São Paulo;R$ 5.300,00;;;;
HL7348; SmartWatch ;2;Gabriel;Pereira;58;2/20/2018;Fortaleza;R$ 1.400,00;;;;
HL1148; Câmera ;1;Livia;Codeceira;38;9/28/2018;São Paulo;R$ 2.100,00;;;;
HL1148; Câmera ;2;Gustavo;Guimarães;56;12/09/2018;São Paulo;R$ 2.100,00;;;;
HL9962; Android ;2;Luíza;Goulart;84;6/14/2018;Rio de Janeiro;R$ 3.400,00;;;;
HL4379; Televisão ;2;Rachel;Silva;23;02/11/2018;Fortaleza;R$ 2.500,00;;;;
HL1148; Câmera ;1;Amanda;Braga;64;3/19/2018;Recife;R$ 2.100,00;;;;
HL1148; Câmera ;3;Caroline;Delgado;22;11/21/2018;Salvador;R$ 2.100,00;;;;
HL9962; Android ;2;João;Junior;28;11/12/2018;Fortaleza;R$ 3.400,00;;;;
HL4379; Televisão ;3;Caio;Affonso;29;3/21/2018;Fortaleza;R$ 2.500,00;;;;
HL8851; Notebook ;1;Ananda;Dias;77;11/29/2018;Porto Alegre;R$ 3.500,00;;;;
HL1918; iPhone ;3;Caroline;Aquino;50;6/17/2018;Curitiba;R$ 5.300,00;;;;
HL7348; SmartWatch ;2;David;Vasconcelos;67;6/23/2018;Rio de Janeiro;R$ 1.400,00;;;;
HL9962; Android ;2;Antônio;Soares;80;9/18/2018;Rio de Janeiro;R$ 3.400,00;;;;
HL4379; Televisão ;1;Eduardo;Soares;80;10/31/2018;Goiânia;R$ 2.500,00;;;;
HL1918; iPhone ;3;Mariana;Barrozo;48;12/22/2018;São Paulo;R$ 5.300,00;;;;
HL7348; SmartWatch ;4;Antonio;Manhães;52;9/20/2018;Salvador;R$ 1.400,00;;;;
HL1918; iPhone ;2;Natalia;Andrade;48;12/24/2018;São Paulo;R$ 5.300,00;;;;
HL1918; iPhone ;1;Caroline;Delgado;23;03/11/2018;Rio de Janeiro;R$ 5.300,00;;;;
HL1918; iPhone ;4;Felipe;Jorge;51;08/02/2018;Belo Horizonte;R$ 5.300,00;;;;
HL1148; Câmera ;2;Guilherme;Jordao;55;3/19/2018;Rio de Janeiro;R$ 2.100,00;;;;
HL1918; iPhone ;1;Henrique;Oliveira;50;8/19/2018;Salvador;R$ 5.300,00;;;;
HL1918; iPhone ;1;Karine;Barros;90;6/24/2018;Curitiba;R$ 5.300,00;;;;
HL7348; SmartWatch ;5;Vanessa;Rodrigues;70;4/30/2018;Rio de Janeiro;R$ 1.400,00;;;;
HL8851; Notebook ;5;Luíza;Garcia;43;7/23/2018;São Paulo;R$ 3.500,00;;;;
HL4379; Televisão ;4;Maurício;Dias;19;11/14/2018;Curitiba;R$ 2.500,00;;;;
HL9962; Android ;1;Ana;Almeida;82;01/05/2018;Recife;R$ 3.400,00;;;;
HL1918; iPhone ;2;Rebeca;Reis;85;09/12/2018;Goiânia;R$ 5.300,00;;;;
HL1918; iPhone ;2;Bianca;Tatsch;90;12/22/2018;Recife;R$ 5.300,00;;;;
HL4379; Televisão ;5;Gabriel;Rubim;30;02/06/2018;Goiânia;R$ 2.500,00;;;;
HL4379; Televisão ;4;Aline;Mello;36;10/04/2018;Recife;R$ 2.500,00;;;;
HL1918; iPhone ;4;Joyce;Souza;88;12/11/2018;Rio de Janeiro;R$ 5.300,00;;;;
HL9962; Android ;5;Roberto;Nogueira;40;3/31/2018;Rio de Janeiro;R$ 3.400,00;;;;
HL1918; iPhone ;4;Pedro;Jorge;51;6/20/2018;Recife;R$ 5.300,00;;;;
HL9962; Android ;2;Rogério;Gentile;64;08/02/2018;Rio de Janeiro;R$ 3.400,00;;;;
HL9962; Android ;3;Henrique;Lencastre;62;05/05/2018;Recife;R$ 3.400,00;;;;
HL1918; iPhone ;2;Raul;Silveira;74;12/10/2018;Fortaleza;R$ 5.300,00;;;;
HL9962; Android ;3;Pedro;Santos;87;5/16/2018;Rio de Janeiro;R$ 3.400,00;;;;
HL1918; iPhone ;4;Rafaela;Ferreira;56;8/18/2018;Salvador;R$ 5.300,00;;;;
HL1918; iPhone ;2;Ana;Gonzaga;27;4/15/2018;Porto Alegre;R$ 5.300,00;;;;
HL4379; Televisão ;5;Luis;Garcia;26;08/10/2018;Rio de Janeiro;R$ 2.500,00;;;;
HL1918; iPhone ;1;Larissa;Florim;57;03/02/2018;São Paulo;R$ 5.300,00;;;;
HL9962; Android ;2;Pedro;Santos;71;09/05/2018;Salvador;R$ 3.400,00;;;;
HL4379; Televisão ;2;Fernanda;Silva;84;06/11/2018;Rio de Janeiro;R$ 2.500,00;;;;
HL2714; Tablet ;2;Bernardo;Botelho;27;5/17/2018;Salvador;R$ 1.600,00;;;;
HL9962; Android ;1;Wellington;Duarte;27;11/24/2018;Rio de Janeiro;R$ 3.400,00;;;;
HL4379; Televisão ;1;Victor;Gomes;83;5/24/2018;Recife;R$ 2.500,00;;;;
HL4379; Televisão ;2;Manuela;Ferreira;63;2/23/2018;Rio de Janeiro;R$ 2.500,00;;;;
HL7348; SmartWatch ;5;Julia;Leite;79;9/21/2018;São Paulo;R$ 1.400,00;;;;
HL4379; Televisão ;2;Daniel;Ortiz;63;8/24/2018;Belo Horizonte;R$ 2.500,00;;;;
HL9962; Android ;5;Mônica;Rotolo;20;02/02/2018;Belo Horizonte;R$ 3.400,00;;;;
HL9962; Android ;4;Iuri;Barbosa;35;02/06/2018;Rio de Janeiro;R$ 3.400,00;;;;
HL1918; iPhone ;2;Debora;Silva;64;6/29/2018;São Paulo;R$ 5.300,00;;;;
HL9962; Android ;5;Luiza;Ribeiro;59;7/28/2018;Recife;R$ 3.400,00;;;;
HL2714; Tablet ;3;Rodrigo;Alves;38;07/12/2018;Fortaleza;R$ 1.600,00;;;;
HL1148; Câmera ;4;Anderson;Cavalcanti;47;7/22/2018;Rio de Janeiro;R$ 2.100,00;;;;
HL1918; iPhone ;1;Marina;Gama;54;11/20/2018;Rio de Janeiro;R$ 5.300,00;;;;
HL4379; Televisão ;4;Daniela;Andrada;63;9/20/2018;São Paulo;R$ 2.500,00;;;;
HL4379; Televisão ;4;Maria;Correa;37;3/25/2018;Salvador;R$ 2.500,00;;;;
HL8851; Notebook ;1;Jéssica;Teixeira;56;12/26/2018;Curitiba;R$ 3.500,00;;;;
HL1918; iPhone ;5;Raphael;Rezende;80;02/09/2018;Belo Horizonte;R$ 5.300,00;;;;
HL4379; Televisão ;4;Priscila;Carvalho;61;10/29/2018;São Paulo;R$ 2.500,00;;;;
HL2714; Tablet ;1;Daniel;Valente;36;5/25/2018;São Paulo;R$ 1.600,00;;;;
HL4379; Televisão ;5;Lucas;Wanderley;34;11/26/2018;Salvador;R$ 2.500,00;;;;
HL8851; Notebook ;2;Milena;Almeida;57;9/30/2018;Salvador;R$ 3.500,00;;;;
HL7348; SmartWatch ;5;Rodrigo;Ramos;30;6/27/2018;Rio de Janeiro;R$ 1.400,00;;;;
HL1148; Câmera ;5;Julia;Silva;35;11/10/2018;Fortaleza;R$ 2.100,00;;;;
HL9962; Android ;1;Patrícia;Ferreira;39;11/22/2018;Porto Alegre;R$ 3.400,00;;;;
HL1918; iPhone ;2;Débora;Lopes;35;10/03/2018;Recife;R$ 5.300,00;;;;
HL7348; SmartWatch ;4;Ana;Leite;72;7/27/2018;Rio de Janeiro;R$ 1.400,00;;;;
HL4379; Televisão ;1;Lenon;Fernandes;39;9/15/2018;Rio de Janeiro;R$ 2.500,00;;;;
HL1918; iPhone ;4;Deysiane;Bach;65;02/02/2018;São Paulo;R$ 5.300,00;;;;
HL7348; SmartWatch ;2;Bianca;Tatsch;36;9/25/2018;Salvador;R$ 1.400,00;;;;
HL9962; Android ;5;Juliana;Goes;43;07/03/2018;Fortaleza;R$ 3.400,00;;;;
HL1918; iPhone ;5;Izabel;Miura;70;11/10/2018;Rio de Janeiro;R$ 5.300,00;;;;
HL1148; Câmera ;1;Diego;Rodrigues;31;10/17/2018;Goiânia;R$ 2.100,00;;;;
HL8851; Notebook ;4;Ravena;Bhering;49;5/23/2018;Fortaleza;R$ 3.500,00;;;;
HL1148; Câmera ;5;Deysiane;Medronho;22;11/07/2018;Fortaleza;R$ 2.100,00;;;;
HL7348; SmartWatch ;3;Anderson;Cavalcanti;59;6/14/2018;Belo Horizonte;R$ 1.400,00;;;;
HL2714; Tablet ;3;Guilherme;Barbosa;72;4/19/2018;Rio de Janeiro;R$ 1.600,00;;;;
HL2714; Tablet ;1;Roberto;Tiradentes;26;08/07/2018;São Paulo;R$ 1.600,00;;;;
HL1918; iPhone ;3;Bernardo;Botelho;31;8/24/2018;Recife;R$ 5.300,00;;;;
HL1918; iPhone ;2;Guilherme;Lima;23;06/02/2018;Salvador;R$ 5.300,00;;;;
HL1918; iPhone ;3;Julie;Ferreira;70;05/08/2018;São Paulo;R$ 5.300,00;;;;
HL2714; Tablet ;4;Mariana;Freire;75;05/07/2018;Fortaleza;R$ 1.600,00;;;;
HL1918; iPhone ;1;Clara;Bruno;74;4/27/2018;São Paulo;R$ 5.300,00;;;;
HL1918; iPhone ;5;Guilherme;Lima;75;10/08/2018;São Paulo;R$ 5.300,00;;;;
HL7348; SmartWatch ;3;Danilo;Rubim;37;3/21/2018;Goiânia;R$ 1.400,00;;;;
HL1918; iPhone ;2;Gustavo;Erthal;56;08/09/2018;Belo Horizonte;R$ 5.300,00;;;;
HL9962; Android ;4;Ana;Fioretti;89;10/23/2018;Belo Horizonte;R$ 3.400,00;;;;
HL7348; SmartWatch ;4;Matheus;Figueiredo;60;04/07/2018;Salvador;R$ 1.400,00;;;;
HL8851; Notebook ;3;Isabella;Santos;18;7/23/2018;São Paulo;R$ 3.500,00;;;;
HL1918; iPhone ;3;David;Vasconcelos;43;8/18/2018;Rio de Janeiro;R$ 5.300,00;;;;
HL4379; Televisão ;5;Raphael;Kurtz;90;10/13/2018;Fortaleza;R$ 2.500,00;;;;
HL1918; iPhone ;2;Beatriz;Silva;50;12/14/2018;Rio de Janeiro;R$ 5.300,00;;;;
HL4379; Televisão ;1;Viviane;Cunha;81;12/27/2018;São Paulo;R$ 2.500,00;;;;
HL7348; SmartWatch ;1;Bárbara;Cavalcante;25;7/27/2018;São Paulo;R$ 1.400,00;;;;
HL2714; Tablet ;3;Amanda;Procaci;24;03/12/2018;Belo Horizonte;R$ 1.600,00;;;;
HL7348; SmartWatch ;1;Manuela;Ferreira;34;7/15/2018;Rio de Janeiro;R$ 1.400,00;;;;
HL4379; Televisão ;5;Camilla;Cardeman;40;06/06/2018;São Paulo;R$ 2.500,00;;;;
HL4379; Televisão ;2;Caroline;Pinto;48;6/20/2018;Fortaleza;R$ 2.500,00;;;;
HL1918; iPhone ;4;Danilo;Rubim;57;5/24/2018;Rio de Janeiro;R$ 5.300,00;;;;
HL2714; Tablet ;4;Matheus;Silva;50;1/14/2018;Salvador;R$ 1.600,00;;;;
HL1918; iPhone ;3;Pedro;Sena;79;1/27/2018;Curitiba;R$ 5.300,00;;;;
HL1148; Câmera ;5;Letícia;Leal;46;07/10/2018;Porto Alegre;R$ 2.100,00;;;;
HL4379; Televisão ;5;Vanessa;Bach;19;5/29/2018;Recife;R$ 2.500,00;;;;
HL4379; Televisão ;1;Luiza;Cavalcanti;43;05/08/2018;Fortaleza;R$ 2.500,00;;;;
HL1918; iPhone ;1;Aline;Morais;54;4/29/2018;Rio de Janeiro;R$ 5.300,00;;;;
HL8851; Notebook ;5;Hércules;Júnior;43;07/12/2018;Recife;R$ 3.500,00;;;;
HL1918; iPhone ;1;Leandro;Rodrigues;64;9/29/2018;Fortaleza;R$ 5.300,00;;;;
HL8851; Notebook ;1;Carolina;Rocha;60;1/15/2018;Salvador;R$ 3.500,00;;;;
HL1918; iPhone ;3;Carolina;Costa;20;9/17/2018;Belo Horizonte;R$ 5.300,00;;;;
HL8851; Notebook ;4;Joao;Silva;44;4/25/2018;São Paulo;R$ 3.500,00;;;;
HL9962; Android ;5;Fabio;Boccaletti;22;11/22/2018;Goiânia;R$ 3.400,00;;;;
HL1148; Câmera ;1;Samara;Pinto;34;3/26/2018;Goiânia;R$ 2.100,00;;;;
HL1918; iPhone ;3;Antônio;Soares;39;1/14/2018;Porto Alegre;R$ 5.300,00;;;;
HL9962; Android ;2;Giuseppe;Bhering;24;12/16/2018;Rio de Janeiro;R$ 3.400,00;;;;
HL4379; Televisão ;1;Alexandre;Rodriguez;52;6/30/2018;Curitiba;R$ 2.500,00;;;;
HL4379; Televisão ;1;Guilherme;Lima;57;9/13/2018;Salvador;R$ 2.500,00;;;;
HL7348; SmartWatch ;3;Marina;Delgado;22;1/23/2018;Rio de Janeiro;R$ 1.400,00;;;;
HL4379; Televisão ;4;Carolina;Siqueira;47;08/01/2018;Belo Horizonte;R$ 2.500,00;;;;
HL1918; iPhone ;5;Elena;Barreto;50;5/25/2018;Fortaleza;R$ 5.300,00;;;;
HL1918; iPhone ;2;Igor;Azevedo;57;06/08/2018;Belo Horizonte;R$ 5.300,00;;;;
HL2714; Tablet ;4;Anna;Silva;24;1/18/2018;Curitiba;R$ 1.600,00;;;;
HL1148; Câmera ;5;Bernardo;Botelho;23;7/19/2018;Curitiba;R$ 2.100,00;;;;
HL4379; Televisão ;1;Daniel;Araujo;78;7/20/2018;Salvador;R$ 2.500,00;;;;
HL9962; Android ;5;Filipe;Barros;66;4/28/2018;Curitiba;R$ 3.400,00;;;;
HL7348; SmartWatch ;1;Paula;Calbucci;44;8/28/2018;Salvador;R$ 1.400,00;;;;
HL1918; iPhone ;3;Rogério;Pereira;89;1/23/2018;Recife;R$ 5.300,00;;;;
HL1918; iPhone ;5;Desirée;Heimlich;42;11/06/2018;Goiânia;R$ 5.300,00;;;;
HL7348; SmartWatch ;2;Julia;Leite;33;01/02/2018;Rio de Janeiro;R$ 1.400,00;;;;
HL1918; iPhone ;4;Thales;Andrade;80;11/26/2018;Fortaleza;R$ 5.300,00;;;;
HL4379; Televisão ;2;Lívia;Marques;85;7/23/2018;Fortaleza;R$ 2.500,00;;;;
HL9962; Android ;2;Lucas;Freitas;65;10/28/2018;Goiânia;R$ 3.400,00;;;;
HL8851; Notebook ;1;Rafaela;Feio;53;3/17/2018;Salvador;R$ 3.500,00;;;;
HL4379; Televisão ;1;Pedro;Macckione;83;9/19/2018;Goiânia;R$ 2.500,00;;;;
HL4379; Televisão ;5;Raphael;Guedes;89;6/21/2018;Rio de Janeiro;R$ 2.500,00;;;;
HL4379; Televisão ;3;Raissa;Maia;82;12/10/2018;Fortaleza;R$ 2.500,00;;;;
HL4379; Televisão ;3;Henrique;Silva;85;1/18/2018;São Paulo;R$ 2.500,00;;;;
HL1918; iPhone ;3;Matheus;Delgado;85;02/06/2018;Porto Alegre;R$ 5.300,00;;;;
HL4379; Televisão ;5;Michelle;Miura;88;2/26/2018;Salvador;R$ 2.500,00;;;;
HL1918; iPhone ;4;Karine;Barros;47;3/22/2018;Belo Horizonte;R$ 5.300,00;;;;
HL1148; Câmera ;2;Carlos;Azevedo;50;10/05/2018;Rio de Janeiro;R$ 2.100,00;;;;
HL1918; iPhone ;5;Luiz;Mendonça;29;8/27/2018;São Paulo;R$ 5.300,00;;;;
HL2714; Tablet ;3;Breno;Britto;76;11/27/2018;São Paulo;R$ 1.600,00;;;;
HL9962; Android ;2;Lunna;Vannier;38;12/22/2018;Goiânia;R$ 3.400,00;;;;
HL4379; Televisão ;3;Ana;Carvalho;54;4/24/2018;Salvador;R$ 2.500,00;;;;
HL1918; iPhone ;2;Jonatas;Essaber;87;5/23/2018;Rio de Janeiro;R$ 5.300,00;;;;
HL1918; iPhone ;3;Pedro;Bitencourt;25;03/10/2018;Porto Alegre;R$ 5.300,00;;;;
HL4379; Televisão ;4;Arthur;Souza;81;8/27/2018;São Paulo;R$ 2.500,00;;;;
HL1148; Câmera ;2;Pedro;Santos;42;12/28/2018;Rio de Janeiro;R$ 2.100,00;;;;
HL1148; Câmera ;2;João;Castilho;32;12/04/2018;Salvador;R$ 2.100,00;;;;
HL7348; SmartWatch ;1;Erick;Soares;84;7/15/2018;Salvador;R$ 1.400,00;;;;
HL1148; Câmera ;4;Vitor;Campos;23;1/14/2018;São Paulo;R$ 2.100,00;;;;
HL4379; Televisão ;1;Diogo;Peixoto;79;7/18/2018;Fortaleza;R$ 2.500,00;;;;
HL8851; Notebook ;1;Thaís;Ribeiro;48;4/14/2018;São Paulo;R$ 3.500,00;;;;
HL4379; Televisão ;5;Itai;Puntel;66;07/04/2018;Fortaleza;R$ 2.500,00;;;;
HL8851; Notebook ;4;Bruno;Velucci;46;06/11/2018;Porto Alegre;R$ 3.500,00;;;;
HL4379; Televisão ;3;Carlos;Assis;75;3/16/2018;Curitiba;R$ 2.500,00;;;;
HL7348; SmartWatch ;3;Brenno;Santos;81;01/03/2018;Fortaleza;R$ 1.400,00;;;;
HL1918; iPhone ;1;Stephanie;Novak;34;11/07/2018;Salvador;R$ 5.300,00;;;;
HL4379; Televisão ;1;Pedro;Costa;65;3/27/2018;Belo Horizonte;R$ 2.500,00;;;;
HL1148; Câmera ;3;Matheus;Tostes;57;9/26/2018;São Paulo;R$ 2.100,00;;;;
HL1918; iPhone ;2;Khaio;Mesquita;28;11/30/2018;Recife;R$ 5.300,00;;;;
HL9962; Android ;4;João;Capitulo;70;11/14/2018;Goiânia;R$ 3.400,00;;;;
HL2714; Tablet ;5;Mateus;Polastri;43;1/13/2018;Salvador;R$ 1.600,00;;;;
HL8851; Notebook ;4;Arthur;Rocha;82;11/25/2018;Belo Horizonte;R$ 3.500,00;;;;
HL1918; iPhone ;1;Isabela;Chagas;43;9/26/2018;Porto Alegre;R$ 5.300,00;;;;
HL9962; Android ;4;Marcela;Medeiros;48;04/08/2018;Salvador;R$ 3.400,00;;;;
HL4379; Televisão ;4;Lucas;Rodrigues;59;07/07/2018;Goiânia;R$ 2.500,00;;;;
HL1918; iPhone ;3;Raíssa;Nimer;61;1/31/2018;Recife;R$ 5.300,00;;;;
HL8851; Notebook ;2;Luiza;Procaci;22;04/05/2018;Fortaleza;R$ 3.500,00;;;;
HL8851; Notebook ;5;Antônio;Oliveira;55;08/04/2018;Rio de Janeiro;R$ 3.500,00;;;;
HL4379; Televisão ;4;Luiza;Farias;41;10/08/2018;Porto Alegre;R$ 2.500,00;;;;
HL1918; iPhone ;2;Anízio;Carvalho;76;12/16/2018;Fortaleza;R$ 5.300,00;;;;
HL4379; Televisão ;1;Lucas;Assunção;82;11/01/2018;Recife;R$ 2.500,00;;;;
HL7348; SmartWatch ;2;Natalia;Accioly;23;08/07/2018;Belo Horizonte;R$ 1.400,00;;;;
HL4379; Televisão ;5;Gabriel;Pereira;31;05/11/2018;São Paulo;R$ 2.500,00;;;;
HL7348; SmartWatch ;3;Thales;Portillo;23;6/24/2018;Recife;R$ 1.400,00;;;;
HL1148; Câmera ;4;Pedro;Oliveira;84;03/10/2018;Salvador;R$ 2.100,00;;;;
HL4379; Televisão ;2;Renan;Nascimento;78;3/22/2018;Curitiba;R$ 2.500,00;;;;
HL9962; Android ;2;João;Rodrigues;44;6/25/2018;São Paulo;R$ 3.400,00;;;;
HL2714; Tablet ;2;Bárbara;Cavalcante;38;2/27/2018;Fortaleza;R$ 1.600,00;;;;
HL1918; iPhone ;4;Anízio;Carvalho;62;7/26/2018;Rio de Janeiro;R$ 5.300,00;;;;
HL4379; Televisão ;5;Raíssa;Oros;38;2/17/2018;Belo Horizonte;R$ 2.500,00;;;;
HL4379; Televisão ;1;João;Capitulo;78;11/16/2018;Goiânia;R$ 2.500,00;;;;
HL7348; SmartWatch ;5;Tadeu;Sousa;80;02/11/2018;São Paulo;R$ 1.400,00;;;;
HL1918; iPhone ;3;Breno;Godoy;66;03/04/2018;São Paulo;R$ 5.300,00;;;;
HL1148; Câmera ;1;Victor;Zakhm;29;11/15/2018;Goiânia;R$ 2.100,00;;;;
HL1918; iPhone ;1;Tainah;Nogueira;38;6/15/2018;Fortaleza;R$ 5.300,00;;;;
HL1918; iPhone ;3;Thomáz;Vannier;30;04/01/2018;São Paulo;R$ 5.300,00;;;;
HL1148; Câmera ;4;Ana;Gomes;27;7/31/2018;Curitiba;R$ 2.100,00;;;;
HL4379; Televisão ;2;Ana;Felippe;71;5/19/2018;Salvador;R$ 2.500,00;;;;
HL4379; Televisão ;1;Priscila;Carvalho;46;12/01/2018;Rio de Janeiro;R$ 2.500,00;;;;
HL9962; Android ;1;Gabriel;Ribeiro;32;1/29/2018;Fortaleza;R$ 3.400,00;;;;
HL1148; Câmera ;3;Adrielle;Vieira;76;11/03/2018;Curitiba;R$ 2.100,00;;;;
HL4379; Televisão ;1;Thomáz;Bôas;20;11/04/2018;São Paulo;R$ 2.500,00;;;;
HL1148; Câmera ;1;Raphael;Machado;34;03/03/2018;Porto Alegre;R$ 2.100,00;;;;
HL8851; Notebook ;1;Deysiane;Medronho;89;6/25/2018;Curitiba;R$ 3.500,00;;;;
HL4379; Televisão ;1;Katharina;Barros;53;2/16/2018;Belo Horizonte;R$ 2.500,00;;;;
HL4379; Televisão ;5;Lucas;Neto;69;9/29/2018;Goiânia;R$ 2.500,00;;;;
HL8851; Notebook ;4;Mariana;Baptista;76;06/06/2018;Recife;R$ 3.500,00;;;;
HL1148; Câmera ;1;Jeferson;Costa;41;12/14/2018;Curitiba;R$ 2.100,00;;;;
HL9962; Android ;3;Rachel;Silva;85;1/29/2018;São Paulo;R$ 3.400,00;;;;
HL4379; Televisão ;1;Lara;Moreira;75;10/25/2018;Belo Horizonte;R$ 2.500,00;;;;
HL1918; iPhone ;1;Wendela;Veloso;87;1/13/2018;Rio de Janeiro;R$ 5.300,00;;;;
HL1918; iPhone ;2;Beatriz;Almeida;60;4/15/2018;Salvador;R$ 5.300,00;;;;
HL1918; iPhone ;1;Camilla;Cardeman;70;12/30/2018;São Paulo;R$ 5.300,00;;;;
HL1918; iPhone ;5;Willian;Albino;24;08/02/2018;Curitiba;R$ 5.300,00;;;;
HL1148; Câmera ;2;Carlos;Mesquita;73;01/11/2018;Belo Horizonte;R$ 2.100,00;;;;
HL4379; Televisão ;2;Luis;Silva;68;4/18/2018;Curitiba;R$ 2.500,00;;;;
HL1148; Câmera ;4;Aline;Andrade;65;4/20/2018;Salvador;R$ 2.100,00;;;;
HL1918; iPhone ;3;Gabriel;Soares;27;11/13/2018;São Paulo;R$ 5.300,00;;;;
HL4379; Televisão ;4;Eduardo;Veiga;32;7/27/2018;Rio de Janeiro;R$ 2.500,00;;;;
HL1918; iPhone ;1;Carolina;Bernardes;69;3/25/2018;Belo Horizonte;R$ 5.300,00;;;;
HL1918; iPhone ;3;Marcela;Gasperi;55;12/31/2018;Belo Horizonte;R$ 5.300,00;;;;
HL9962; Android ;4;Luiz;Almeida;48;04/03/2018;Recife;R$ 3.400,00;;;;
HL1148; Câmera ;5;Ana;Monte;23;11/20/2018;São Paulo;R$ 2.100,00;;;;
HL4379; Televisão ;4;Matheus;Tostes;68;7/20/2018;Curitiba;R$ 2.500,00;;;;
HL9962; Android ;2;Maria;Costa;87;05/02/2018;Fortaleza;R$ 3.400,00;;;;
HL9962; Android ;5;Guilherme;Assis;22;8/26/2018;Fortaleza;R$ 3.400,00;;;;
HL2714; Tablet ;5;Thayna;Martins;89;4/27/2018;Salvador;R$ 1.600,00;;;;
HL1918; iPhone ;1;Gustavo;Aragão;31;11/13/2018;Curitiba;R$ 5.300,00;;;;
HL4379; Televisão ;3;Ana;Gonzaga;36;01/12/2018;Salvador;R$ 2.500,00;;;;
HL1918; iPhone ;4;Gabriel;Rocha;33;3/19/2018;Goiânia;R$ 5.300,00;;;;
HL9962; Android ;3;Ana;Carvalho;68;12/31/2018;Curitiba;R$ 3.400,00;;;;
HL4379; Televisão ;5;Ana;Leite;82;09/05/2018;Fortaleza;R$ 2.500,00;;;;
HL1148; Câmera ;5;Bruno;Oliveira;90;4/29/2018;São Paulo;R$ 2.100,00;;;;
HL7348; SmartWatch ;1;Amanda;Gontijo;71;06/07/2018;São Paulo;R$ 1.400,00;;;;
HL1148; Câmera ;1;Wen;Braga;66;10/05/2018;Curitiba;R$ 2.100,00;;;;
HL7348; SmartWatch ;1;Hércules;Moreira;30;04/09/2018;Fortaleza;R$ 1.400,00;;;;
HL8851; Notebook ;1;Gustavo;Junior;56;04/12/2018;Belo Horizonte;R$ 3.500,00;;;;
HL1918; iPhone ;5;Bruno;Temporal;70;1/23/2018;Porto Alegre;R$ 5.300,00;;;;
HL1148; Câmera ;4;Fernanda;Rubim;45;09/11/2018;Fortaleza;R$ 2.100,00;;;;
HL1918; iPhone ;5;André;Alves;84;05/03/2018;São Paulo;R$ 5.300,00;;;;
HL4379; Televisão ;3;Gabriel;Almeida;62;12/01/2018;Salvador;R$ 2.500,00;;;;
HL1918; iPhone ;1;Maria;Cardoso;49;10/16/2018;Recife;R$ 5.300,00;;;;
HL7348; SmartWatch ;4;Mariana;Barrozo;27;10/14/2018;São Paulo;R$ 1.400,00;;;;
HL1918; iPhone ;3;Jorge;Fonseca;44;01/11/2018;Fortaleza;R$ 5.300,00;;;;
HL1148; Câmera ;1;Douglas;Rodrigues;64;5/25/2018;São Paulo;R$ 2.100,00;;;;
HL8851; Notebook ;3;Milena;Almeida;83;01/11/2018;Fortaleza;R$ 3.500,00;;;;
HL7348; SmartWatch ;5;Lívia;Tanaka;64;02/12/2018;São Paulo;R$ 1.400,00;;;;
HL1148; Câmera ;3;Lais;Candido;39;11/09/2018;Porto Alegre;R$ 2.100,00;;;;
HL4379; Televisão ;5;Anna;Maia;50;8/13/2018;Goiânia;R$ 2.500,00;;;;
HL4379; Televisão ;4;Marcela;Gasperi;59;3/28/2018;São Paulo;R$ 2.500,00;;;;
HL4379; Televisão ;3;Daniel;Nauenberg;34;4/15/2018;São Paulo;R$ 2.500,00;;;;
HL4379; Televisão ;4;Joyce;Souza;72;07/12/2018;Fortaleza;R$ 2.500,00;;;;
HL4379; Televisão ;5;Fabio;Ramos;18;1/23/2018;Salvador;R$ 2.500,00;;;;
HL4379; Televisão ;1;Fernanda;Coutinho;28;6/26/2018;Rio de Janeiro;R$ 2.500,00;;;;
HL9962; Android ;3;Henrique;Oliveira;32;7/28/2018;Salvador;R$ 3.400,00;;;;
HL1918; iPhone ;4;Matheus;Silva;28;07/03/2018;Belo Horizonte;R$ 5.300,00;;;;
HL1918; iPhone ;5;Patrícia;Amaral;79;8/21/2018;Goiânia;R$ 5.300,00;;;;
HL1148; Câmera ;4;Renan;Melo;54;1/29/2018;Fortaleza;R$ 2.100,00;;;;
HL1918; iPhone ;3;Guilherme;Jordao;88;3/18/2018;São Paulo;R$ 5.300,00;;;;
HL4379; Televisão ;2;Luísa;Fonseca;36;06/09/2018;Curitiba;R$ 2.500,00;;;;
HL7348; SmartWatch ;3;Larissa;Cruz;35;05/06/2018;Porto Alegre;R$ 1.400,00;;;;
HL1918; iPhone ;1;Cézar;Santos;79;2/14/2018;Fortaleza;R$ 5.300,00;;;;
HL1918; iPhone ;2;Luiz;Xavier;20;5/30/2018;Fortaleza;R$ 5.300,00;;;;
HL2714; Tablet ;1;João;Costa;82;12/10/2018;São Paulo;R$ 1.600,00;;;;
HL1918; iPhone ;3;Eduardo;Soares;21;07/10/2018;São Paulo;R$ 5.300,00;;;;
HL1148; Câmera ;4;Amanda;Machado;68;09/02/2018;Curitiba;R$ 2.100,00;;;;
HL9962; Android ;5;Thomáz;Bôas;39;4/22/2018;São Paulo;R$ 3.400,00;;;;
HL7348; SmartWatch ;3;Luana;Santana;85;03/05/2018;São Paulo;R$ 1.400,00;;;;
HL1918; iPhone ;5;Guilherme;Lima;77;9/17/2018;Porto Alegre;R$ 5.300,00;;;;
HL4379; Televisão ;2;Cassio;Faria;72;01/06/2018;Salvador;R$ 2.500,00;;;;
HL1918; iPhone ;3;Breno;Caputo;59;6/15/2018;Salvador;R$ 5.300,00;;;;
HL1918; iPhone ;3;Helena;Chafin;75;5/25/2018;Goiânia;R$ 5.300,00;;;;
HL1148; Câmera ;1;Lucas;Lacerda;75;12/11/2018;São Paulo;R$ 2.100,00;;;;
HL9962; Android ;1;Daniel;Nauenberg;62;4/20/2018;Recife;R$ 3.400,00;;;;
HL1148; Câmera ;4;Wilson;Meirelles;30;3/28/2018;Rio de Janeiro;R$ 2.100,00;;;;
HL1918; iPhone ;3;Carlos;Souza;54;2/13/2018;Curitiba;R$ 5.300,00;;;;
HL8851; Notebook ;2;Antonio;Manhães;43;9/15/2018;São Paulo;R$ 3.500,00;;;;
HL1918; iPhone ;3;Carlos;Portela;72;2/23/2018;Rio de Janeiro;R$ 5.300,00;;;;
HL4379; Televisão ;2;Luiz;Freire;70;9/15/2018;Recife;R$ 2.500,00;;;;
HL4379; Televisão ;1;Isabelle;Firmino;59;3/13/2018;Fortaleza;R$ 2.500,00;;;;
HL7348; SmartWatch ;3;Ian;Almeida;37;10/15/2018;Porto Alegre;R$ 1.400,00;;;;
HL7348; SmartWatch ;1;Pedro;Oliveira;49;11/01/2018;Fortaleza;R$ 1.400,00;;;;
HL9962; Android ;3;Paula;Cavalcanti;65;07/01/2018;Porto Alegre;R$ 3.400,00;;;;
HL1918; iPhone ;3;Leandro;Melo;55;05/06/2018;Rio de Janeiro;R$ 5.300,00;;;;
HL4379; Televisão ;5;Andre;Nóbrega;87;10/16/2018;Goiânia;R$ 2.500,00;;;;
HL1148; Câmera ;5;Jorge;Fonseca;34;04/01/2018;Porto Alegre;R$ 2.100,00;;;;
HL1148; Câmera ;3;Rebeca;Manhães;69;12/28/2018;São Paulo;R$ 2.100,00;;;;
HL1148; Câmera ;2;Matheus;Tostes;57;5/22/2018;São Paulo;R$ 2.100,00;;;;
HL1148; Câmera ;4;Bianca;Piero;23;10/11/2018;Goiânia;R$ 2.100,00;;;;
HL9962; Android ;1;Raphael;Ferman;60;01/10/2018;São Paulo;R$ 3.400,00;;;;
HL2714; Tablet ;2;Priscila;Suzano;78;8/14/2018;Porto Alegre;R$ 1.600,00;;;;
HL1148; Câmera ;1;Danilo;Mendonça;38;4/19/2018;Belo Horizonte;R$ 2.100,00;;;;
HL1918; iPhone ;4;João;Alves;37;01/05/2018;Curitiba;R$ 5.300,00;;;;
HL1148; Câmera ;3;Jessica;Ferreira;77;11/11/2018;Rio de Janeiro;R$ 2.100,00;;;;
HL1148; Câmera ;2;Jéssica;Stefanelli;50;1/20/2018;São Paulo;R$ 2.100,00;;;;
HL4379; Televisão ;2;Pedro;Buraco;87;4/22/2018;Recife;R$ 2.500,00;;;;
HL1918; iPhone ;2;Thomaz;Ferreira;78;03/12/2018;Recife;R$ 5.300,00;;;;
HL1918; iPhone ;3;Camilla;Vieira;68;04/06/2018;São Paulo;R$ 5.300,00;;;;
HL1918; iPhone ;3;Breno;Costa;66;8/26/2018;São Paulo;R$ 5.300,00;;;;
HL8851; Notebook ;3;Bruno;Souza;52;08/01/2018;Porto Alegre;R$ 3.500,00;;;;
HL1918; iPhone ;3;Pedro;Rodrigues;84;06/05/2018;Fortaleza;R$ 5.300,00;;;;
HL2714; Tablet ;3;Jeferson;Sone;50;2/18/2018;Salvador;R$ 1.600,00;;;;
HL1918; iPhone ;4;Wen;Braga;46;05/01/2018;Belo Horizonte;R$ 5.300,00;;;;
HL1918; iPhone ;4;Matheus;Ramos;22;12/04/2018;Goiânia;R$ 5.300,00;;;;
HL2714; Tablet ;1;João;Matheus;46;7/27/2018;Curitiba;R$ 1.600,00;;;;
HL2714; Tablet ;5;Andressa;Rotsztejn;18;02/06/2018;Rio de Janeiro;R$ 1.600,00;;;;
HL7348; SmartWatch ;4;Felipe;Cavalcanti;81;2/26/2018;Porto Alegre;R$ 1.400,00;;;;
HL8851; Notebook ;5;João;Rodrigues;26;3/25/2018;Rio de Janeiro;R$ 3.500,00;;;;
HL4379; Televisão ;3;Adriana;Passos;75;05/12/2018;São Paulo;R$ 2.500,00;;;;
HL7348; SmartWatch ;5;Gabriel;Rubim;85;9/15/2018;Rio de Janeiro;R$ 1.400,00;;;;
HL1918; iPhone ;3;Gabriel;Brito;86;4/28/2018;Belo Horizonte;R$ 5.300,00;;;;
HL1918; iPhone ;5;Fernanda;Figueiredo;82;5/26/2018;Salvador;R$ 5.300,00;;;;
HL4379; Televisão ;1;Luiz;Almeida;88;1/15/2018;São Paulo;R$ 2.500,00;;;;
HL1918; iPhone ;4;Sthefeson;Kohn;34;12/07/2018;Rio de Janeiro;R$ 5.300,00;;;;
HL1918; iPhone ;4;Lucas;Freire;44;5/27/2018;Recife;R$ 5.300,00;;;;
HL4379; Televisão ;1;Dykson;Silva;48;5/26/2018;Goiânia;R$ 2.500,00;;;;
HL4379; Televisão ;3;Mateus;Polastri;69;02/07/2018;São Paulo;R$ 2.500,00;;;;
HL7348; SmartWatch ;4;Jonatas;Passos;49;8/14/2018;Belo Horizonte;R$ 1.400,00;;;;
HL1918; iPhone ;5;Caroline;Pinto;58;1/28/2018;Recife;R$ 5.300,00;;;;
HL1918; iPhone ;1;Gabriel;Rocha;37;06/11/2018;Belo Horizonte;R$ 5.300,00;;;;
HL8851; Notebook ;2;Alex;Fernandes;47;9/14/2018;São Paulo;R$ 3.500,00;;;;
HL8851; Notebook ;3;Marina;Gama;37;8/30/2018;Salvador;R$ 3.500,00;;;;
HL1918; iPhone ;4;Gustavo;Guimarães;44;06/01/2018;São Paulo;R$ 5.300,00;;;;
HL4379; Televisão ;1;Marcelo;Guadagnino;82;7/14/2018;São Paulo;R$ 2.500,00;;;;
HL8851; Notebook ;5;Daniel;Nauenberg;20;8/24/2018;Salvador;R$ 3.500,00;;;;
HL9962; Android ;5;Lucas;Reis;46;10/01/2018;São Paulo;R$ 3.400,00;;;;
HL1918; iPhone ;4;Daniel;Cardoso;59;11/01/2018;Recife;R$ 5.300,00;;;;
HL8851; Notebook ;5;Guilherme;Castilho;64;11/01/2018;Rio de Janeiro;R$ 3.500,00;;;;
HL7348; SmartWatch ;5;Carlos;Azevedo;71;8/30/2018;Fortaleza;R$ 1.400,00;;;;
HL7348; SmartWatch ;4;Luiz;Marinho;39;9/15/2018;Salvador;R$ 1.400,00;;;;
HL4379; Televisão ;3;Douglas;Rodrigues;89;8/14/2018;Porto Alegre;R$ 2.500,00;;;;
HL1918; iPhone ;5;Raíssa;Oliveira;23;06/09/2018;Recife;R$ 5.300,00;;;;
HL9962; Android ;4;Beatriz;Rocha;78;01/11/2018;Belo Horizonte;R$ 3.400,00;;;;
HL1918; iPhone ;1;Izabel;Lopes;23;03/10/2018;Curitiba;R$ 5.300,00;;;;
HL4379; Televisão ;5;Patrícia;Ferreira;82;8/14/2018;Rio de Janeiro;R$ 2.500,00;;;;
HL7348; SmartWatch ;5;Livia;Cozendey;75;10/09/2018;Recife;R$ 1.400,00;;;;
HL8851; Notebook ;3;Bernardo;Botelho;87;12/24/2018;Curitiba;R$ 3.500,00;;;;
HL9962; Android ;5;Cícero;Lima;51;10/27/2018;Rio de Janeiro;R$ 3.400,00;;;;
HL1918; iPhone ;3;Matheus;Sapir;67;01/08/2018;Recife;R$ 5.300,00;;;;
HL8851; Notebook ;4;Mariana;Miranda;22;05/11/2018;Rio de Janeiro;R$ 3.500,00;;;;
HL1918; iPhone ;5;Rebeca;Taylor;37;7/14/2018;Rio de Janeiro;R$ 5.300,00;;;;
HL4379; Televisão ;1;Adrielle;Gabriel;61;04/08/2018;Belo Horizonte;R$ 2.500,00;;;;
HL1918; iPhone ;5;Samara;Pinto;46;8/14/2018;Recife;R$ 5.300,00;;;;
HL8851; Notebook ;1;Jéssica;Teixeira;88;02/11/2018;Rio de Janeiro;R$ 3.500,00;;;;
HL1148; Câmera ;5;Ana;Almeida;73;8/13/2018;Recife;R$ 2.100,00;;;;
HL9962; Android ;1;Helena;Chafin;42;11/02/2018;Salvador;R$ 3.400,00;;;;
HL8851; Notebook ;5;Hiaiune;Valim;56;9/20/2018;Curitiba;R$ 3.500,00;;;;
HL8851; Notebook ;1;Caroll;Johnson;65;12/11/2018;Belo Horizonte;R$ 3.500,00;;;;
HL7348; SmartWatch ;3;Lucas;Reis;49;6/19/2018;Porto Alegre;R$ 1.400,00;;;;
HL7348; SmartWatch ;4;Chan;Santos;52;8/23/2018;Recife;R$ 1.400,00;;;;
HL1148; Câmera ;5;Aline;Morais;90;9/30/2018;Fortaleza;R$ 2.100,00;;;;
HL4379; Televisão ;5;Priscila;Garcia;77;03/11/2018;Porto Alegre;R$ 2.500,00;;;;
HL8851; Notebook ;3;Rilson;Dias;45;03/10/2018;São Paulo;R$ 3.500,00;;;;
HL9962; Android ;5;Rafaela;Rodrigues;56;09/04/2018;Goiânia;R$ 3.400,00;;;;
HL9962; Android ;5;Laura;Araujo;49;2/13/2018;Salvador;R$ 3.400,00;;;;
HL1918; iPhone ;1;Carolina;Figueiredo;76;02/06/2018;Rio de Janeiro;R$ 5.300,00;;;;
HL7348; SmartWatch ;3;Matheus;Silva;61;08/01/2018;São Paulo;R$ 1.400,00;;;;
HL1918; iPhone ;4;Daniela;Rosa;69;05/01/2018;Curitiba;R$ 5.300,00;;;;
HL8851; Notebook ;3;Guilherme;Vianna;52;07/05/2018;Fortaleza;R$ 3.500,00;;;;
HL2714; Tablet ;3;Ana;Felippe;52;9/27/2018;Curitiba;R$ 1.600,00;;;;
HL7348; SmartWatch ;1;Leonardo;Faria;27;3/20/2018;Porto Alegre;R$ 1.400,00;;;;
HL4379; Televisão ;3;Thomáz;Vannier;88;11/26/2018;Rio de Janeiro;R$ 2.500,00;;;;
HL1918; iPhone ;3;Giulia;Lopes;53;10/23/2018;Rio de Janeiro;R$ 5.300,00;;;;
HL8851; Notebook ;5;Raissa;Maia;81;3/20/2018;Curitiba;R$ 3.500,00;;;;
HL9962; Android ;5;Adriana;Passos;54;5/20/2018;São Paulo;R$ 3.400,00;;;;
HL1918; iPhone ;3;Vitor;Campos;56;4/24/2018;Salvador;R$ 5.300,00;;;;
HL2714; Tablet ;4;Adrielle;Vieira;79;12/26/2018;Curitiba;R$ 1.600,00;;;;
HL1918; iPhone ;3;Breno;Caputo;87;8/28/2018;Rio de Janeiro;R$ 5.300,00;;;;
HL9962; Android ;3;Juliana;Mesquita;67;3/23/2018;Salvador;R$ 3.400,00;;;;
HL1148; Câmera ;3;Bianca;Piero;38;09/12/2018;São Paulo;R$ 2.100,00;;;;
HL7348; SmartWatch ;3;Rafael;Ramos;81;01/10/2018;Rio de Janeiro;R$ 1.400,00;;;;
HL2714; Tablet ;3;Giovana;Vilela;22;07/05/2018;Fortaleza;R$ 1.600,00;;;;
HL1918; iPhone ;5;Brenno;Santos;45;12/05/2018;Rio de Janeiro;R$ 5.300,00;;;;
HL8851; Notebook ;1;Raissa;Maia;78;1/24/2018;Salvador;R$ 3.500,00;;;;
HL4379; Televisão ;1;João;Aires;45;9/25/2018;São Paulo;R$ 2.500,00;;;;
HL1148; Câmera ;2;Amanda;Procaci;44;2/15/2018;Goiânia;R$ 2.100,00;;;;
HL7348; SmartWatch ;2;Yasmim;Verly;36;10/09/2018;Recife;R$ 1.400,00;;;;
HL9962; Android ;4;Kimberly;Sad;58;3/28/2018;São Paulo;R$ 3.400,00;;;;
HL1918; iPhone ;2;Thomaz;Ferreira;88;05/03/2018;Salvador;R$ 5.300,00;;;;
HL1148; Câmera ;3;Roberta;Nogueira;50;02/07/2018;São Paulo;R$ 2.100,00;;;;
HL2714; Tablet ;1;Antonio;Bernhardt;79;08/07/2018;Porto Alegre;R$ 1.600,00;;;;
HL4379; Televisão ;1;Sandy;Moreira;25;10/16/2018;Curitiba;R$ 2.500,00;;;;
HL1918; iPhone ;5;Hiaiune;Valim;21;07/06/2018;Salvador;R$ 5.300,00;;;;
HL1918; iPhone ;2;Juliana;Silva;66;10/15/2018;São Paulo;R$ 5.300,00;;;;
HL4379; Televisão ;2;Fernanda;Rubim;20;9/29/2018;Curitiba;R$ 2.500,00;;;;
HL1148; Câmera ;1;Matheus;Moraes;74;12/20/2018;Curitiba;R$ 2.100,00;;;;
HL1918; iPhone ;3;Rodrigo;Souza;46;9/22/2018;São Paulo;R$ 5.300,00;;;;
HL1918; iPhone ;1;Lucas;Fontoura;48;4/26/2018;Salvador;R$ 5.300,00;;;;
HL8851; Notebook ;3;Beatriz;Silva;83;3/25/2018;São Paulo;R$ 3.500,00;;;;
HL4379; Televisão ;3;Lucas;Assunção;54;4/19/2018;Fortaleza;R$ 2.500,00;;;;
HL1918; iPhone ;5;Lucas;Monte;67;11/11/2018;São Paulo;R$ 5.300,00;;;;
HL8851; Notebook ;2;Helvio;Pedrosa;66;7/20/2018;Recife;R$ 3.500,00;;;;
HL7348; SmartWatch ;5;Matheus;Afonso;30;01/01/2018;São Paulo;R$ 1.400,00;;;;
HL8851; Notebook ;3;Fernanda;Ferreira;44;10/03/2018;Rio de Janeiro;R$ 3.500,00;;;;
HL1148; Câmera ;3;Jorge;Carvalho;87;10/02/2018;Rio de Janeiro;R$ 2.100,00;;;;
HL9962; Android ;2;Thomaz;Ferreira;37;12/18/2018;Curitiba;R$ 3.400,00;;;;
HL2714; Tablet ;5;Dykson;Silva;54;11/25/2018;Recife;R$ 1.600,00;;;;
HL1918; iPhone ;4;Carolina;Rachide;60;7/27/2018;São Paulo;R$ 5.300,00;;;;
HL1918; iPhone ;2;Larissa;Jesus;79;3/21/2018;Goiânia;R$ 5.300,00;;;;
HL1918; iPhone ;3;Carolina;Vasconcelos;34;03/03/2018;Goiânia;R$ 5.300,00;;;;
HL2714; Tablet ;3;Bruna;Ramos;35;5/26/2018;São Paulo;R$ 1.600,00;;;;
HL7348; SmartWatch ;3;Wilson;Vianna;32;7/14/2018;Salvador;R$ 1.400,00;;;;
HL4379; Televisão ;5;Marcela;Gasperi;53;01/12/2018;Rio de Janeiro;R$ 2.500,00;;;;
HL1918; iPhone ;1;Mateus;Maia;33;4/18/2018;Recife;R$ 5.300,00;;;;
HL4379; Televisão ;1;Bianca;Piero;63;02/12/2018;Goiânia;R$ 2.500,00;;;;
HL4379; Televisão ;4;Bruna;Franco;41;10/26/2018;Belo Horizonte;R$ 2.500,00;;;;
HL4379; Televisão ;1;Ravena;Bhering;28;9/29/2018;Curitiba;R$ 2.500,00;;;;
HL9962; Android ;1;Patrícia;Ferreira;82;5/21/2018;São Paulo;R$ 3.400,00;;;;
HL1918; iPhone ;4;Rafaela;Gomes;85;11/08/2018;Fortaleza;R$ 5.300,00;;;;
HL1918; iPhone ;1;Mariana;Baptista;44;1/19/2018;Rio de Janeiro;R$ 5.300,00;;;;
HL2714; Tablet ;4;Maria;Motta;51;05/08/2018;Belo Horizonte;R$ 1.600,00;;;;
HL8851; Notebook ;4;Antonio;Bernhardt;33;11/16/2018;Porto Alegre;R$ 3.500,00;;;;
HL1918; iPhone ;5;Aline;Andrade;59;08/03/2018;São Paulo;R$ 5.300,00;;;;
HL4379; Televisão ;4;Carlos;Araujo;36;10/08/2018;Recife;R$ 2.500,00;;;;
HL2714; Tablet ;1;Marina;Delgado;20;03/12/2018;Porto Alegre;R$ 1.600,00;;;;
HL9962; Android ;2;Andressa;Chou;21;01/04/2018;Goiânia;R$ 3.400,00;;;;
HL1918; iPhone ;3;Thiago;Nóbrega;24;02/03/2018;São Paulo;R$ 5.300,00;;;;
HL9962; Android ;3;Sthefeson;Kohn;77;3/31/2018;Salvador;R$ 3.400,00;;;;
HL2714; Tablet ;5;Bianca;Piero;27;10/15/2018;Salvador;R$ 1.600,00;;;;
HL1918; iPhone ;5;Anízio;Carvalho;81;12/05/2018;Goiânia;R$ 5.300,00;;;;
HL7348; SmartWatch ;4;Myllena;Carneiro;52;5/14/2018;Salvador;R$ 1.400,00;;;;
HL1918; iPhone ;2;Stefan;Santos;42;1/19/2018;Salvador;R$ 5.300,00;;;;
HL4379; Televisão ;3;Thayane;Resende;20;5/16/2018;Rio de Janeiro;R$ 2.500,00;;;;
HL7348; SmartWatch ;2;Mateus;Polastri;86;8/16/2018;Rio de Janeiro;R$ 1.400,00;;;;
HL1918; iPhone ;3;Priscila;Garcia;88;10/24/2018;Belo Horizonte;R$ 5.300,00;;;;
HL2714; Tablet ;3;Pedro;Santos;51;9/30/2018;Fortaleza;R$ 1.600,00;;;;
HL1148; Câmera ;1;Diego;Mello;88;06/07/2018;São Paulo;R$ 2.100,00;;;;
HL1918; iPhone ;1;Larissa;Vasconcellos;27;07/07/2018;Salvador;R$ 5.300,00;;;;
HL2714; Tablet ;1;Bianca;Procaci;40;1/23/2018;Rio de Janeiro;R$ 1.600,00;;;;
HL1918; iPhone ;5;Anderson;Barreto;38;5/27/2018;Rio de Janeiro;R$ 5.300,00;;;;
HL2714; Tablet ;3;Diego;Barros;73;5/18/2018;Salvador;R$ 1.600,00;;;;
HL8851; Notebook ;4;Gabriel;Brito;28;5/28/2018;Porto Alegre;R$ 3.500,00;;;;
HL1148; Câmera ;5;Carlos;Mesquita;90;10/31/2018;Rio de Janeiro;R$ 2.100,00;;;;
HL8851; Notebook ;5;Bianca;Tatsch;80;12/09/2018;São Paulo;R$ 3.500,00;;;;
HL4379; Televisão ;3;Andressa;Rotsztejn;50;04/01/2018;São Paulo;R$ 2.500,00;;;;
HL1918; iPhone ;1;Renan;Nucci;56;5/30/2018;São Paulo;R$ 5.300,00;;;;
HL9962; Android ;3;Alex;Fernandes;79;6/20/2018;Curitiba;R$ 3.400,00;;;;
HL1918; iPhone ;1;Andressa;Nóbrega;62;2/22/2018;Recife;R$ 5.300,00;;;;
HL1918; iPhone ;5;Marina;Perdomo;61;1/27/2018;Fortaleza;R$ 5.300,00;;;;
HL8851; Notebook ;2;Jônatas;Soares;69;9/22/2018;Fortaleza;R$ 3.500,00;;;;
HL4379; Televisão ;5;Karina;Camara;43;12/26/2018;Salvador;R$ 2.500,00;;;;
HL4379; Televisão ;5;Giuseppe;Bhering;74;3/30/2018;Fortaleza;R$ 2.500,00;;;;
HL1148; Câmera ;1;Isabela;Chagas;22;10/29/2018;São Paulo;R$ 2.100,00;;;;
HL1918; iPhone ;5;Andressa;Nóbrega;57;9/18/2018;Belo Horizonte;R$ 5.300,00;;;;
HL1918; iPhone ;4;Carolina;Siqueira;50;10/25/2018;Curitiba;R$ 5.300,00;;;;
HL8851; Notebook ;1;Stefan;Santos;84;12/04/2018;Salvador;R$ 3.500,00;;;;
HL4379; Televisão ;5;Jessica;Ferreira;81;6/13/2018;São Paulo;R$ 2.500,00;;;;
HL2714; Tablet ;4;Caio;Ferreira;39;9/16/2018;Rio de Janeiro;R$ 1.600,00;;;;
HL1918; iPhone ;2;Matheus;Santos;68;6/24/2018;Salvador;R$ 5.300,00;;;;
HL1148; Câmera ;1;Mariana;Miranda;71;04/08/2018;São Paulo;R$ 2.100,00;;;;
HL1918; iPhone ;2;Lucas;Monte;57;06/06/2018;Goiânia;R$ 5.300,00;;;;
HL9962; Android ;5;Marcela;Medeiros;50;10/05/2018;Rio de Janeiro;R$ 3.400,00;;;;
HL4379; Televisão ;2;Carolina;Brum;89;03/01/2018;Salvador;R$ 2.500,00;;;;
HL4379; Televisão ;5;Juliana;Guimarães;32;10/25/2018;São Paulo;R$ 2.500,00;;;;
HL4379; Televisão ;1;Danilo;Rubim;67;10/27/2018;Rio de Janeiro;R$ 2.500,00;;;;
HL4379; Televisão ;3;Danilo;Rubim;65;7/16/2018;Fortaleza;R$ 2.500,00;;;;
HL1918; iPhone ;4;Gabriel;Soares;31;02/02/2018;São Paulo;R$ 5.300,00;;;;
HL1148; Câmera ;3;Stephanie;Novak;45;12/11/2018;Curitiba;R$ 2.100,00;;;;
HL1148; Câmera ;2;Guilherme;Jordao;18;03/07/2018;Salvador;R$ 2.100,00;;;;
HL1148; Câmera ;2;Paula;Isbelle;28;12/27/2018;Curitiba;R$ 2.100,00;;;;
HL1918; iPhone ;4;Livia;Codeceira;59;02/09/2018;Rio de Janeiro;R$ 5.300,00;;;;
HL4379; Televisão ;1;Juliana;Huon;63;01/03/2018;Curitiba;R$ 2.500,00;;;;
HL1148; Câmera ;3;Maria;Junior;34;12/25/2018;São Paulo;R$ 2.100,00;;;;
HL9962; Android ;2;Antonio;Bernhardt;30;11/10/2018;Recife;R$ 3.400,00;;;;
HL7348; SmartWatch ;1;Silvio;Provenzano;76;5/26/2018;Fortaleza;R$ 1.400,00;;;;
HL2714; Tablet ;1;Alex;Fernandes;58;03/09/2018;Curitiba;R$ 1.600,00;;;;
HL8851; Notebook ;5;Michelle;Pereira;34;3/17/2018;Salvador;R$ 3.500,00;;;;
HL2714; Tablet ;4;Victor;Gomes;36;12/04/2018;Fortaleza;R$ 1.600,00;;;;
HL1148; Câmera ;3;Ulisses;Filho;37;09/02/2018;Porto Alegre;R$ 2.100,00;;;;
HL1918; iPhone ;3;Izabel;Lopes;85;2/26/2018;Curitiba;R$ 5.300,00;;;;
HL1918; iPhone ;3;Ana;Campos;59;12/18/2018;São Paulo;R$ 5.300,00;;;;
HL1918; iPhone ;4;Jeferson;Costa;39;7/17/2018;Fortaleza;R$ 5.300,00;;;;
HL1918; iPhone ;3;Bruna;Rosa;54;7/31/2018;São Paulo;R$ 5.300,00;;;;
HL4379; Televisão ;4;Maria;Moita;72;2/13/2018;Curitiba;R$ 2.500,00;;;;
HL1918; iPhone ;5;Marina;Perdomo;43;03/09/2018;Recife;R$ 5.300,00;;;;
HL7348; SmartWatch ;1;Morgana;Correa;45;09/12/2018;São Paulo;R$ 1.400,00;;;;
HL4379; Televisão ;4;Fernanda;Bhering;55;11/19/2018;Recife;R$ 2.500,00;;;;
HL1918; iPhone ;4;João;Siqueira;58;05/10/2018;Curitiba;R$ 5.300,00;;;;
HL4379; Televisão ;2;Ana;Miura;86;7/24/2018;Belo Horizonte;R$ 2.500,00;;;;
HL1918; iPhone ;3;Carlos;Barbosa;88;8/23/2018;Fortaleza;R$ 5.300,00;;;;
HL4379; Televisão ;5;Victor;Magalhães;55;8/14/2018;Goiânia;R$ 2.500,00;;;;
HL7348; SmartWatch ;2;Juliana;Guimarães;65;08/10/2018;Salvador;R$ 1.400,00;;;;
HL9962; Android ;1;Vivianne;Rodrigues;41;06/03/2018;São Paulo;R$ 3.400,00;;;;
HL9962; Android ;1;Yasmim;Verly;25;08/08/2018;Porto Alegre;R$ 3.400,00;;;;
HL8851; Notebook ;1;Bernardo;Borges;58;3/22/2018;São Paulo;R$ 3.500,00;;;;
HL8851; Notebook ;3;Michelle;Figueiredo;50;6/20/2018;Rio de Janeiro;R$ 3.500,00;;;;
HL1148; Câmera ;5;Bernardo;Ribeiro;48;2/14/2018;Salvador;R$ 2.100,00;;;;
HL1918; iPhone ;3;David;Campelo;29;3/26/2018;Salvador;R$ 5.300,00;;;;
HL1148; Câmera ;3;Renan;Nascimento;53;12/05/2018;São Paulo;R$ 2.100,00;;;;
HL1918; iPhone ;5;Victor;Magalhães;73;10/26/2018;Salvador;R$ 5.300,00;;;;
HL9962; Android ;3;Carla;Zakhm;44;09/03/2018;Fortaleza;R$ 3.400,00;;;;
HL8851; Notebook ;2;Ana;Leite;66;12/11/2018;São Paulo;R$ 3.500,00;;;;
HL8851; Notebook ;2;Giulia;Pessanha;84;11/13/2018;Belo Horizonte;R$ 3.500,00;;;;
HL7348; SmartWatch ;3;Samara;Pinto;85;01/10/2018;Belo Horizonte;R$ 1.400,00;;;;
HL4379; Televisão ;5;Bruno;Silva;77;2/18/2018;Recife;R$ 2.500,00;;;;
HL1918; iPhone ;5;Pedro;Ayres;45;12/16/2018;Curitiba;R$ 5.300,00;;;;
HL8851; Notebook ;2;Yasmim;Verly;77;05/02/2018;São Paulo;R$ 3.500,00;;;;
HL2714; Tablet ;2;Amanda;Roberto;56;1/27/2018;São Paulo;R$ 1.600,00;;;;
HL7348; SmartWatch ;2;Mônica;Rotolo;32;11/15/2018;Rio de Janeiro;R$ 1.400,00;;;;
HL1918; iPhone ;2;Carolina;Motta;89;7/28/2018;Recife;R$ 5.300,00;;;;
HL1918; iPhone ;2;Aline;Mello;58;1/16/2018;São Paulo;R$ 5.300,00;;;;
HL4379; Televisão ;4;Julia;Aliani;60;7/31/2018;Recife;R$ 2.500,00;;;;
HL4379; Televisão ;1;Gabrielle;Viríssimo;74;09/11/2018;Fortaleza;R$ 2.500,00;;;;
HL4379; Televisão ;3;Luíza;Goulart;74;6/30/2018;Salvador;R$ 2.500,00;;;;
HL1148; Câmera ;3;Joao;Pereira;86;11/25/2018;São Paulo;R$ 2.100,00;;;;
HL2714; Tablet ;3;Júlia;Almeida;61;7/27/2018;Rio de Janeiro;R$ 1.600,00;;;;
HL4379; Televisão ;4;Raul;Junqueira;63;02/03/2018;Goiânia;R$ 2.500,00;;;;
HL4379; Televisão ;4;Caio;Silva;75;11/21/2018;Belo Horizonte;R$ 2.500,00;;;;
HL9962; Android ;5;Beatriz;Perdomo;19;04/04/2018;Recife;R$ 3.400,00;;;;
HL1918; iPhone ;2;Jeferson;Costa;47;08/03/2018;Porto Alegre;R$ 5.300,00;;;;
HL4379; Televisão ;2;Caio;Vianna;36;10/21/2018;Salvador;R$ 2.500,00;;;;
HL7348; SmartWatch ;1;Myllena;Carneiro;50;1/22/2018;Belo Horizonte;R$ 1.400,00;;;;
HL9962; Android ;4;Felipe;Paulo;26;11/16/2018;Salvador;R$ 3.400,00;;;;
HL9962; Android ;2;Karina;Camara;88;9/17/2018;Goiânia;R$ 3.400,00;;;;
HL1918; iPhone ;5;Larissa;Vasconcellos;43;01/09/2018;Goiânia;R$ 5.300,00;;;;
HL2714; Tablet ;4;Lucas;Fontoura;25;03/05/2018;São Paulo;R$ 1.600,00;;;;
HL2714; Tablet ;5;Daniel;Alcoforado;72;12/19/2018;Salvador;R$ 1.600,00;;;;
HL1148; Câmera ;1;Lucas;Neto;65;08/03/2018;Fortaleza;R$ 2.100,00;;;;
HL9962; Android ;3;Juan;Fernandes;29;01/09/2018;Belo Horizonte;R$ 3.400,00;;;;
HL1148; Câmera ;2;Marcela;Medeiros;47;10/30/2018;Recife;R$ 2.100,00;;;;
HL9962; Android ;2;Eduardo;Vargas;64;9/25/2018;Recife;R$ 3.400,00;;;;
HL8851; Notebook ;2;Patrick;Silva;37;9/23/2018;São Paulo;R$ 3.500,00;;;;
HL1918; iPhone ;5;Catarina;Teixeira;47;7/19/2018;Curitiba;R$ 5.300,00;;;;
HL7348; SmartWatch ;3;Julie;Ferreira;33;12/06/2018;Salvador;R$ 1.400,00;;;;
HL2714; Tablet ;2;Wen;Braga;25;12/17/2018;Rio de Janeiro;R$ 1.600,00;;;;
HL1148; Câmera ;4;Raphael;Mattos;77;6/22/2018;Belo Horizonte;R$ 2.100,00;;;;
HL2714; Tablet ;3;Erick;Soares;19;7/21/2018;Fortaleza;R$ 1.600,00;;;;
HL1918; iPhone ;1;Audir;Franco;56;2/25/2018;Goiânia;R$ 5.300,00;;;;
HL1148; Câmera ;5;Luiz;Conceição;70;9/24/2018;Fortaleza;R$ 2.100,00;;;;
HL9962; Android ;5;Thiago;Miura;29;11/21/2018;Goiânia;R$ 3.400,00;;;;
HL8851; Notebook ;3;Rojane;Lima;47;06/01/2018;Porto Alegre;R$ 3.500,00;;;;
HL8851; Notebook ;2;Clara;Bruno;35;11/12/2018;Rio de Janeiro;R$ 3.500,00;;;;
HL4379; Televisão ;5;Lucas;Rocha;24;12/25/2018;Rio de Janeiro;R$ 2.500,00;;;;
HL4379; Televisão ;1;Maria;Mello;86;4/18/2018;São Paulo;R$ 2.500,00;;;;
HL1918; iPhone ;3;Amanda;Amaral;88;9/27/2018;São Paulo;R$ 5.300,00;;;;
HL7348; SmartWatch ;3;Melissa;Nucci;34;04/04/2018;Rio de Janeiro;R$ 1.400,00;;;;
HL4379; Televisão ;1;Eduardo;Vargas;43;8/24/2018;Recife;R$ 2.500,00;;;;
HL1918; iPhone ;4;Paula;Calbucci;41;10/08/2018;Rio de Janeiro;R$ 5.300,00;;;;
HL2714; Tablet ;2;Andre;Sampaio;60;8/22/2018;São Paulo;R$ 1.600,00;;;;
HL9962; Android ;5;Larissa;Cruz;39;02/07/2018;São Paulo;R$ 3.400,00;;;;
HL1148; Câmera ;3;Bruna;Silva;25;10/08/2018;Rio de Janeiro;R$ 2.100,00;;;;
HL1918; iPhone ;1;Leandro;Melo;33;10/05/2018;Rio de Janeiro;R$ 5.300,00;;;;
HL1918; iPhone ;1;Cézar;Santos;20;07/10/2018;Rio de Janeiro;R$ 5.300,00;;;;
HL9962; Android ;3;Gustavo;Junior;31;2/23/2018;Belo Horizonte;R$ 3.400,00;;;;
HL9962; Android ;3;Gabriela;Cavalcanti;43;5/19/2018;Fortaleza;R$ 3.400,00;;;;
HL2714; Tablet ;4;Rachel;Silva;41;08/04/2018;Fortaleza;R$ 1.600,00;;;;
HL8851; Notebook ;4;Adriana;Passos;72;10/11/2018;Goiânia;R$ 3.500,00;;;;
HL7348; SmartWatch ;4;Fernanda;Rubim;34;09/06/2018;Salvador;R$ 1.400,00;;;;
HL2714; Tablet ;1;Thomáz;Bôas;45;7/31/2018;Curitiba;R$ 1.600,00;;;;
HL1918; iPhone ;1;Isabella;Montanholi;33;6/26/2018;Rio de Janeiro;R$ 5.300,00;;;;
HL2714; Tablet ;1;Lenon;Fernandes;68;12/19/2018;Porto Alegre;R$ 1.600,00;;;;
HL1148; Câmera ;5;Joao;Silva;20;09/11/2018;Fortaleza;R$ 2.100,00;;;;
HL7348; SmartWatch ;3;Ana;Campos;26;04/12/2018;Recife;R$ 1.400,00;;;;
HL1918; iPhone ;1;Caroline;Cavalcanti;63;01/04/2018;São Paulo;R$ 5.300,00;;;;
HL9962; Android ;1;Gabriel;Silva;78;7/15/2018;Recife;R$ 3.400,00;;;;
HL4379; Televisão ;2;João;Silva;58;02/08/2018;São Paulo;R$ 2.500,00;;;;
HL4379; Televisão ;1;Guilherme;Santos;71;10/07/2018;Fortaleza;R$ 2.500,00;;;;
HL4379; Televisão ;2;Matheus;Gomes;49;7/18/2018;Rio de Janeiro;R$ 2.500,00;;;;
HL2714; Tablet ;3;Luis;Garcia;51;9/27/2018;Salvador;R$ 1.600,00;;;;
HL8851; Notebook ;2;Anna;Maia;41;12/04/2018;Curitiba;R$ 3.500,00;;;;
HL1918; iPhone ;2;Carlos;Assis;56;5/14/2018;São Paulo;R$ 5.300,00;;;;
HL2714; Tablet ;4;Bruno;Silva;60;01/07/2018;Rio de Janeiro;R$ 1.600,00;;;;
HL7348; SmartWatch ;2;Giovanna;Santos;26;07/06/2018;São Paulo;R$ 1.400,00;;;;
HL8851; Notebook ;3;Lucas;Monte;53;11/27/2018;Goiânia;R$ 3.500,00;;;;
HL4379; Televisão ;4;Carlos;Mesquita;39;12/16/2018;São Paulo;R$ 2.500,00;;;;
HL2714; Tablet ;4;Gabriel;Rocha;77;1/13/2018;Recife;R$ 1.600,00;;;;
HL4379; Televisão ;4;João;Tabet;72;11/30/2018;Rio de Janeiro;R$ 2.500,00;;;;
HL1148; Câmera ;2;Célio;Xavier;70;06/06/2018;Belo Horizonte;R$ 2.100,00;;;;
HL1148; Câmera ;1;Gustavo;Accardo;51;1/19/2018;Fortaleza;R$ 2.100,00;;;;
HL4379; Televisão ;1;Victor;Oliveira;69;3/17/2018;Porto Alegre;R$ 2.500,00;;;;
HL9962; Android ;1;Isabela;Chagas;86;11/09/2018;Salvador;R$ 3.400,00;;;;
HL1918; iPhone ;2;Caio;Vianna;31;1/28/2018;Rio de Janeiro;R$ 5.300,00;;;;
HL1918; iPhone ;1;Isabelle;Gonçalves;84;4/17/2018;Rio de Janeiro;R$ 5.300,00;;;;
HL1918; iPhone ;2;Pedro;Bitencourt;25;5/25/2018;Rio de Janeiro;R$ 5.300,00;;;;
HL8851; Notebook ;4;Pedro;Buraco;71;11/26/2018;Porto Alegre;R$ 3.500,00;;;;
HL1918; iPhone ;3;Manuela;Merege;86;02/01/2018;São Paulo;R$ 5.300,00;;;;
HL1918; iPhone ;2;Stela;Mendonça;46;9/20/2018;São Paulo;R$ 5.300,00;;;;
HL9962; Android ;5;Nina;Magalhães;84;12/06/2018;São Paulo;R$ 3.400,00;;;;
HL2714; Tablet ;3;Yasmim;Verly;75;04/04/2018;São Paulo;R$ 1.600,00;;;;
HL4379; Televisão ;5;Erick;Soares;45;3/15/2018;Curitiba;R$ 2.500,00;;;;
HL9962; Android ;2;Marina;Gama;40;10/10/2018;Fortaleza;R$ 3.400,00;;;;
HL1918; iPhone ;4;Lucas;Assunção;31;5/30/2018;São Paulo;R$ 5.300,00;;;;
HL8851; Notebook ;2;Rafael;Wajnsztok;56;2/15/2018;São Paulo;R$ 3.500,00;;;;
HL9962; Android ;2;Daniel;Ortiz;20;5/28/2018;Salvador;R$ 3.400,00;;;;
HL7348; SmartWatch ;5;Thiago;Costa;89;1/17/2018;Rio de Janeiro;R$ 1.400,00;;;;
HL2714; Tablet ;4;Camille;Silva;36;8/29/2018;Fortaleza;R$ 1.600,00;;;;
HL1918; iPhone ;5;Cícero;Lima;24;11/27/2018;Salvador;R$ 5.300,00;;;;
HL4379; Televisão ;3;Lucas;Junior;44;01/05/2018;São Paulo;R$ 2.500,00;;;;
HL7348; SmartWatch ;3;Erick;Soares;56;4/19/2018;São Paulo;R$ 1.400,00;;;;
HL4379; Televisão ;3;Jéssica;Stefanelli;58;5/22/2018;Recife;R$ 2.500,00;;;;
HL9962; Android ;1;Raul;Junqueira;74;11/12/2018;Porto Alegre;R$ 3.400,00;;;;
HL4379; Televisão ;3;Carlos;Galvão;64;1/16/2018;Salvador;R$ 2.500,00;;;;
HL4379; Televisão ;3;Matheus;Tostes;77;05/09/2018;Rio de Janeiro;R$ 2.500,00;;;;
HL7348; SmartWatch ;5;Douglas;Rodrigues;25;08/07/2018;Fortaleza;R$ 1.400,00;;;;
HL4379; Televisão ;4;Ulisses;Quinto;36;10/12/2018;São Paulo;R$ 2.500,00;;;;
HL2714; Tablet ;2;Victoria;Mazza;54;4/26/2018;São Paulo;R$ 1.600,00;;;;
HL8851; Notebook ;2;Julia;Silva;80;5/27/2018;Rio de Janeiro;R$ 3.500,00;;;;
HL2714; Tablet ;4;Diego;Rodrigues;52;10/13/2018;Belo Horizonte;R$ 1.600,00;;;;
HL4379; Televisão ;5;Roberta;Pimenta;74;4/13/2018;Goiânia;R$ 2.500,00;;;;
HL1148; Câmera ;5;Guilherme;Monteiro;57;5/18/2018;Belo Horizonte;R$ 2.100,00;;;;
HL1918; iPhone ;1;Thays;Castro;71;04/03/2018;Rio de Janeiro;R$ 5.300,00;;;;
HL1918; iPhone ;4;Wellington;Duarte;34;12/20/2018;Recife;R$ 5.300,00;;;;
HL1918; iPhone ;4;Marcela;Medeiros;37;4/27/2018;Fortaleza;R$ 5.300,00;;;;
HL1918; iPhone ;5;Brenno;Santos;36;8/30/2018;Recife;R$ 5.300,00;;;;
HL8851; Notebook ;2;Lucas;Coelho;57;9/24/2018;São Paulo;R$ 3.500,00;;;;
HL1148; Câmera ;5;Natalia;Guedes;83;8/29/2018;Porto Alegre;R$ 2.100,00;;;;
HL9962; Android ;1;Caio;Vianna;33;6/18/2018;Fortaleza;R$ 3.400,00;;;;
HL4379; Televisão ;1;Stefan;Santos;46;9/15/2018;Recife;R$ 2.500,00;;;;
HL9962; Android ;2;Maurício;Dias;30;4/30/2018;Rio de Janeiro;R$ 3.400,00;;;;
HL8851; Notebook ;2;Carolina;Figueiredo;24;2/18/2018;Salvador;R$ 3.500,00;;;;
HL1148; Câmera ;5;Guilherme;Marchesi;81;6/16/2018;São Paulo;R$ 2.100,00;;;;
HL9962; Android ;5;Lucas;Costa;40;5/26/2018;Salvador;R$ 3.400,00;;;;
HL1148; Câmera ;2;Guilherme;Castilho;79;11/08/2018;São Paulo;R$ 2.100,00;;;;
HL2714; Tablet ;5;Renan;Melo;47;6/26/2018;Fortaleza;R$ 1.600,00;;;;
HL7348; SmartWatch ;1;Roberto;Nogueira;39;4/24/2018;Curitiba;R$ 1.400,00;;;;
HL4379; Televisão ;2;Jéssica;Resinente;49;8/22/2018;Fortaleza;R$ 2.500,00;;;;
HL2714; Tablet ;3;Marcelo;Rosa;76;10/08/2018;Salvador;R$ 1.600,00;;;;
HL1918; iPhone ;5;Thais;Rodrigues;85;6/16/2018;Porto Alegre;R$ 5.300,00;;;;
HL2714; Tablet ;4;Giselia;Thiele;54;9/28/2018;Curitiba;R$ 1.600,00;;;;
HL1918; iPhone ;4;Luiz;Mendonça;71;05/03/2018;Curitiba;R$ 5.300,00;;;;
HL1918; iPhone ;5;Raphael;Ferman;34;12/13/2018;São Paulo;R$ 5.300,00;;;;
HL1918; iPhone ;4;Bruna;Brandao;55;4/13/2018;Salvador;R$ 5.300,00;;;;
HL8851; Notebook ;2;Victoria;Tavares;54;4/20/2018;São Paulo;R$ 3.500,00;;;;
HL1148; Câmera ;2;Wen;Santos;65;4/18/2018;Fortaleza;R$ 2.100,00;;;;
HL7348; SmartWatch ;1;Sylvio;Bernhardt;89;01/08/2018;Curitiba;R$ 1.400,00;;;;
HL1918; iPhone ;1;João;Guadagnino;66;03/11/2018;Fortaleza;R$ 5.300,00;;;;
HL1148; Câmera ;2;João;Bach;55;01/01/2018;Salvador;R$ 2.100,00;;;;
HL4379; Televisão ;3;Henrique;Lencastre;18;7/17/2018;Goiânia;R$ 2.500,00;;;;
HL7348; SmartWatch ;4;Alexandre;Rodriguez;37;08/03/2018;Rio de Janeiro;R$ 1.400,00;;;;
HL7348; SmartWatch ;2;Fabio;Sepúlveda;80;04/08/2018;Salvador;R$ 1.400,00;;;;
HL7348; SmartWatch ;4;Guilherme;Vianna;64;10/25/2018;Rio de Janeiro;R$ 1.400,00;;;;
HL1148; Câmera ;1;Anderson;Martins;81;4/22/2018;Belo Horizonte;R$ 2.100,00;;;;
HL1918; iPhone ;3;Vivianne;Rodrigues;47;07/03/2018;Curitiba;R$ 5.300,00;;;;
HL9962; Android ;4;Caroll;Johnson;82;9/24/2018;São Paulo;R$ 3.400,00;;;;
HL1918; iPhone ;4;Juliana;Goes;84;10/27/2018;Fortaleza;R$ 5.300,00;;;;
HL7348; SmartWatch ;3;Priscila;Carvalho;18;7/13/2018;Rio de Janeiro;R$ 1.400,00;;;;
HL1148; Câmera ;4;Guilherme;Lima;67;11/06/2018;Goiânia;R$ 2.100,00;;;;
HL2714; Tablet ;5;João;Oliveira;53;01/07/2018;Fortaleza;R$ 1.600,00;;;;
HL4379; Televisão ;5;Vanessa;Bach;27;7/16/2018;Salvador;R$ 2.500,00;;;;
HL2714; Tablet ;1;Matheus;Moraes;70;5/14/2018;Curitiba;R$ 1.600,00;;;;
HL4379; Televisão ;4;Lucas;Neto;39;05/01/2018;Fortaleza;R$ 2.500,00;;;;
HL1918; iPhone ;2;Ulisses;Filho;64;3/19/2018;Fortaleza;R$ 5.300,00;;;;
HL1148; Câmera ;4;Gabrielle;Figueiredo;73;10/08/2018;São Paulo;R$ 2.100,00;;;;
HL9962; Android ;2;Mateus;Maia;53;6/17/2018;Curitiba;R$ 3.400,00;;;;
HL7348; SmartWatch ;3;Amanda;Procaci;33;10/20/2018;Rio de Janeiro;R$ 1.400,00;;;;
HL1148; Câmera ;4;Isabela;Rodrigues;83;12/26/2018;São Paulo;R$ 2.100,00;;;;
HL1918; iPhone ;3;Bruno;Freitas;27;6/30/2018;São Paulo;R$ 5.300,00;;;;
HL9962; Android ;1;Júlia;Almeida;39;12/06/2018;Belo Horizonte;R$ 3.400,00;;;;
HL9962; Android ;4;Priscila;Carvalho;20;7/14/2018;Fortaleza;R$ 3.400,00;;;;
HL8851; Notebook ;2;Ananda;Dias;52;3/19/2018;Curitiba;R$ 3.500,00;;;;
HL1148; Câmera ;4;Pedro;Lyra;56;6/24/2018;Rio de Janeiro;R$ 2.100,00;;;;
HL2714; Tablet ;1;Matheus;Afonso;62;5/21/2018;Salvador;R$ 1.600,00;;;;
HL1918; iPhone ;3;José;Seixas;76;6/16/2018;São Paulo;R$ 5.300,00;;;;
HL8851; Notebook ;5;Julia;Silva;37;03/06/2018;São Paulo;R$ 3.500,00;;;;
HL7348; SmartWatch ;2;Joyce;Souza;25;9/24/2018;Rio de Janeiro;R$ 1.400,00;;;;
HL1918; iPhone ;3;Daniela;Pereira;30;02/09/2018;Fortaleza;R$ 5.300,00;;;;
HL9962; Android ;4;Barbara;Procaci;76;06/10/2018;Salvador;R$ 3.400,00;;;;
HL1918; iPhone ;2;Matheus;Silva;49;1/26/2018;São Paulo;R$ 5.300,00;;;;
HL9962; Android ;2;Guilherme;Vianna;27;9/18/2018;São Paulo;R$ 3.400,00;;;;
HL1148; Câmera ;1;Isabella;Rodrigues;23;6/14/2018;Curitiba;R$ 2.100,00;;;;
HL1148; Câmera ;5;Michelle;Miura;24;09/10/2018;São Paulo;R$ 2.100,00;;;;
HL8851; Notebook ;4;Antonio;Manhães;19;1/16/2018;Fortaleza;R$ 3.500,00;;;;
HL1148; Câmera ;5;Bianca;Piero;51;6/24/2018;Salvador;R$ 2.100,00;;;;
HL8851; Notebook ;4;Lívia;Tanaka;71;03/09/2018;Goiânia;R$ 3.500,00;;;;
HL4379; Televisão ;3;Rebeca;Reis;85;07/01/2018;Rio de Janeiro;R$ 2.500,00;;;;
HL1148; Câmera ;2;Raphael;Coelho;81;12/23/2018;São Paulo;R$ 2.100,00;;;;
HL1918; iPhone ;1;Bernardo;Nauenberg;88;12/25/2018;São Paulo;R$ 5.300,00;;;;
HL4379; Televisão ;5;Igor;Lima;18;1/22/2018;São Paulo;R$ 2.500,00;;;;
HL4379; Televisão ;4;João;Ribeiro;52;9/25/2018;São Paulo;R$ 2.500,00;;;;
HL9962; Android ;3;Matheus;Delgado;28;12/17/2018;São Paulo;R$ 3.400,00;;;;
HL1918; iPhone ;5;Eduardo;Peluzo;87;9/20/2018;Salvador;R$ 5.300,00;;;;
HL1918; iPhone ;2;Wilson;Meirelles;90;9/25/2018;Salvador;R$ 5.300,00;;;;
HL4379; Televisão ;4;Thayna;Martins;77;11/13/2018;Porto Alegre;R$ 2.500,00;;;;
HL7348; SmartWatch ;2;Pedro;Costa;86;9/26/2018;Goiânia;R$ 1.400,00;;;;
HL4379; Televisão ;4;Larissa;Florim;31;9/21/2018;Curitiba;R$ 2.500,00;;;;
HL8851; Notebook ;2;Carolina;Silva;69;03/02/2018;São Paulo;R$ 3.500,00;;;;
HL2714; Tablet ;5;Marina;Mesquita;59;11/21/2018;Recife;R$ 1.600,00;;;;
HL4379; Televisão ;5;Andressa;Chou;28;8/31/2018;Curitiba;R$ 2.500,00;;;;
HL2714; Tablet ;2;Carolina;Motta;29;08/06/2018;Belo Horizonte;R$ 1.600,00;;;;
HL2714; Tablet ;3;Daniel;Terra;34;11/26/2018;Fortaleza;R$ 1.600,00;;;;
HL4379; Televisão ;3;Bruna;Franco;19;10/22/2018;Recife;R$ 2.500,00;;;;
HL4379; Televisão ;2;Michelle;Figueiredo;80;03/11/2018;São Paulo;R$ 2.500,00;;;;
HL1148; Câmera ;3;João;Araujo;51;02/05/2018;Curitiba;R$ 2.100,00;;;;
HL4379; Televisão ;4;Guilherme;Vianna;21;12/12/2018;São Paulo;R$ 2.500,00;;;;
HL1148; Câmera ;4;Luiza;Farias;89;12/31/2018;Recife;R$ 2.100,00;;;;
HL9962; Android ;3;Pedro;Lyra;19;3/20/2018;Fortaleza;R$ 3.400,00;;;;
HL7348; SmartWatch ;4;Roberta;Nogueira;79;8/17/2018;Recife;R$ 1.400,00;;;;
HL1918; iPhone ;1;Diego;Barros;22;11/26/2018;Recife;R$ 5.300,00;;;;
HL1918; iPhone ;5;Joao;Pereira;21;10/01/2018;Recife;R$ 5.300,00;;;;
HL1918; iPhone ;5;Amanda;Machado;57;4/18/2018;São Paulo;R$ 5.300,00;;;;
HL1918; iPhone ;2;Natália;Appel;43;11/28/2018;Salvador;R$ 5.300,00;;;;
HL7348; SmartWatch ;2;Renan;Nascimento;81;05/02/2018;Curitiba;R$ 1.400,00;;;;
HL4379; Televisão ;2;Victor;Gomes;50;12/05/2018;Goiânia;R$ 2.500,00;;;;
HL1148; Câmera ;4;Sandy;Moreira;45;01/06/2018;São Paulo;R$ 2.100,00;;;;
HL1918; iPhone ;4;Juliana;Silva;90;1/26/2018;Curitiba;R$ 5.300,00;;;;
HL7348; SmartWatch ;4;Fernanda;Ferreira;23;04/04/2018;Fortaleza;R$ 1.400,00;;;;
HL9962; Android ;5;Tadeu;Sousa;66;07/09/2018;Rio de Janeiro;R$ 3.400,00;;;;
HL7348; SmartWatch ;3;Carolina;Santos;32;02/03/2018;Fortaleza;R$ 1.400,00;;;;
HL2714; Tablet ;4;Lucas;Chagas;82;9/24/2018;Fortaleza;R$ 1.600,00;;;;
HL2714; Tablet ;4;Rilson;Guedes;38;01/02/2018;Goiânia;R$ 1.600,00;;;;
HL1148; Câmera ;4;Clara;Bruno;67;07/11/2018;Fortaleza;R$ 2.100,00;;;;
HL1918; iPhone ;4;Itai;Puntel;76;11/10/2018;Salvador;R$ 5.300,00;;;;
HL8851; Notebook ;1;Patrícia;Fernandes;62;01/10/2018;Rio de Janeiro;R$ 3.500,00;;;;
HL9962; Android ;5;Bernardo;Nauenberg;48;2/21/2018;Belo Horizonte;R$ 3.400,00;;;;
HL1148; Câmera ;5;Sandy;Moreira;57;9/28/2018;Rio de Janeiro;R$ 2.100,00;;;;
HL4379; Televisão ;1;Ana;Campos;23;8/23/2018;São Paulo;R$ 2.500,00;;;;
HL4379; Televisão ;1;Katharina;Barros;75;1/14/2018;Porto Alegre;R$ 2.500,00;;;;
HL4379; Televisão ;3;Marcelo;Borges;52;8/13/2018;Rio de Janeiro;R$ 2.500,00;;;;
HL8851; Notebook ;5;Anna;Figueiredo;37;4/28/2018;Salvador;R$ 3.500,00;;;;
HL7348; SmartWatch ;5;Pedro;Martins;45;6/22/2018;Goiânia;R$ 1.400,00;;;;
HL8851; Notebook ;3;Brenno;Miranda;76;06/11/2018;Salvador;R$ 3.500,00;;;;
HL1918; iPhone ;4;Yasmim;Bittencourt;69;03/07/2018;São Paulo;R$ 5.300,00;;;;
HL1918; iPhone ;2;Lunna;Vannier;88;5/19/2018;Rio de Janeiro;R$ 5.300,00;;;;
HL4379; Televisão ;5;Júlia;Almeida;63;01/05/2018;São Paulo;R$ 2.500,00;;;;
HL4379; Televisão ;4;Giuseppe;Bhering;79;5/13/2018;Belo Horizonte;R$ 2.500,00;;;;
HL1918; iPhone ;2;Jônatas;Soares;54;07/05/2018;Fortaleza;R$ 5.300,00;;;;
HL4379; Televisão ;2;Raísa;Rodrigues;20;9/23/2018;Rio de Janeiro;R$ 2.500,00;;;;
HL1148; Câmera ;2;Fernanda;Ferreira;21;7/24/2018;São Paulo;R$ 2.100,00;;;;
HL4379; Televisão ;5;Chan;Santos;61;11/06/2018;Rio de Janeiro;R$ 2.500,00;;;;
HL4379; Televisão ;3;Elaine;Santos;55;5/30/2018;Rio de Janeiro;R$ 2.500,00;;;;
HL9962; Android ;2;Luísa;Fonseca;52;11/29/2018;São Paulo;R$ 3.400,00;;;;
HL7348; SmartWatch ;4;Renan;Melo;67;5/29/2018;Salvador;R$ 1.400,00;;;;
HL1918; iPhone ;4;João;Luz;46;7/13/2018;Fortaleza;R$ 5.300,00;;;;
HL4379; Televisão ;4;Camille;Silva;63;11/04/2018;Fortaleza;R$ 2.500,00;;;;
HL2714; Tablet ;4;Cézar;Santos;30;11/11/2018;Fortaleza;R$ 1.600,00;;;;
HL8851; Notebook ;3;Carolina;Brum;19;02/08/2018;São Paulo;R$ 3.500,00;;;;
HL9962; Android ;5;Nathan;Morelli;64;12/11/2018;Fortaleza;R$ 3.400,00;;;;
HL1148; Câmera ;3;David;Campelo;43;12/11/2018;Rio de Janeiro;R$ 2.100,00;;;;
HL9962; Android ;2;Caroline;Cavalcanti;90;4/15/2018;Curitiba;R$ 3.400,00;;;;
HL1918; iPhone ;3;Victor;Corrêa;55;6/17/2018;São Paulo;R$ 5.300,00;;;;
HL4379; Televisão ;5;Isabelle;Firmino;57;03/10/2018;Curitiba;R$ 2.500,00;;;;
HL2714; Tablet ;5;Victoria;Mazza;50;9/22/2018;Rio de Janeiro;R$ 1.600,00;;;;
HL4379; Televisão ;3;Bernardo;Souza;36;6/15/2018;Salvador;R$ 2.500,00;;;;
HL1918; iPhone ;5;Andressa;Chou;78;09/09/2018;Salvador;R$ 5.300,00;;;;
HL1918; iPhone ;3;Paula;Isbelle;80;12/17/2018;São Paulo;R$ 5.300,00;;;;
HL9962; Android ;5;Jessica;Ferreira;79;07/08/2018;Fortaleza;R$ 3.400,00;;;;
HL8851; Notebook ;3;Vanessa;Neves;86;11/15/2018;Rio de Janeiro;R$ 3.500,00;;;;
HL1148; Câmera ;5;William;Mendonça;57;07/06/2018;Salvador;R$ 2.100,00;;;;
HL2714; Tablet ;1;Ives;Teixeira;21;1/22/2018;São Paulo;R$ 1.600,00;;;;
HL1148; Câmera ;3;Stephanie;Gonçalves;89;9/16/2018;Rio de Janeiro;R$ 2.100,00;;;;
HL7348; SmartWatch ;3;Larissa;Florim;30;3/21/2018;Fortaleza;R$ 1.400,00;;;;
HL1148; Câmera ;5;Beatriz;Cavalcanti;26;11/16/2018;Salvador;R$ 2.100,00;;;;
HL8851; Notebook ;5;Tainah;Nogueira;34;5/15/2018;Porto Alegre;R$ 3.500,00;;;;
HL9962; Android ;2;Felipe;Mendonça;21;6/27/2018;Rio de Janeiro;R$ 3.400,00;;;;
HL1918; iPhone ;4;Bruna;Londero;28;04/05/2018;Rio de Janeiro;R$ 5.300,00;;;;
HL7348; SmartWatch ;3;Sylvio;Bernhardt;64;1/30/2018;Fortaleza;R$ 1.400,00;;;;
HL1918; iPhone ;3;Wilson;Vianna;40;11/22/2018;Rio de Janeiro;R$ 5.300,00;;;;
HL4379; Televisão ;1;Raphael;Kurtz;72;11/24/2018;Rio de Janeiro;R$ 2.500,00;;;;
HL4379; Televisão ;5;Matheus;Ramos;30;9/26/2018;Fortaleza;R$ 2.500,00;;;;
HL4379; Televisão ;2;Roger;Rosa;49;09/03/2018;São Paulo;R$ 2.500,00;;;;
HL4379; Televisão ;5;Caroline;Cavalcanti;87;12/10/2018;Goiânia;R$ 2.500,00;;;;
HL1918; iPhone ;3;Beatriz;Rocha;60;6/14/2018;Fortaleza;R$ 5.300,00;;;;
HL1918; iPhone ;5;William;Mendonça;61;08/11/2018;Salvador;R$ 5.300,00;;;;
HL9962; Android ;1;Lucas;Assunção;82;7/26/2018;Rio de Janeiro;R$ 3.400,00;;;;
HL4379; Televisão ;1;Caio;Moraes;44;6/28/2018;Rio de Janeiro;R$ 2.500,00;;;;
HL2714; Tablet ;5;Alex;Fernandes;32;10/24/2018;Rio de Janeiro;R$ 1.600,00;;;;
HL1918; iPhone ;3;Lucas;Rocha;37;11/01/2018;São Paulo;R$ 5.300,00;;;;
HL1148; Câmera ;1;Jonatas;Passos;64;7/25/2018;Curitiba;R$ 2.100,00;;;;
HL2714; Tablet ;3;Chan;Santos;82;6/20/2018;Belo Horizonte;R$ 1.600,00;;;;
HL8851; Notebook ;1;Thiago;Nóbrega;49;3/25/2018;São Paulo;R$ 3.500,00;;;;
HL8851; Notebook ;2;Lívia;Marques;21;01/01/2018;Porto Alegre;R$ 3.500,00;;;;
HL7348; SmartWatch ;4;João;Ribeiro;35;12/10/2018;Salvador;R$ 1.400,00;;;;
HL4379; Televisão ;5;Pedro;Buraco;80;05/12/2018;São Paulo;R$ 2.500,00;;;;
HL1918; iPhone ;1;Lucas;Machado;19;10/16/2018;Salvador;R$ 5.300,00;;;;
HL8851; Notebook ;2;Caio;Ferreira;18;6/21/2018;Rio de Janeiro;R$ 3.500,00;;;;
HL4379; Televisão ;3;Juliana;Huon;62;4/27/2018;Porto Alegre;R$ 2.500,00;;;;
HL1918; iPhone ;4;Wellington;Duarte;79;12/02/2018;Curitiba;R$ 5.300,00;;;;
HL4379; Televisão ;4;Gabriel;Brito;88;1/27/2018;Goiânia;R$ 2.500,00;;;;
HL9962; Android ;1;Luis;Villanova;61;10/16/2018;São Paulo;R$ 3.400,00;;;;
HL2714; Tablet ;2;Hércules;Júnior;22;10/15/2018;Fortaleza;R$ 1.600,00;;;;
HL9962; Android ;5;Ana;Gonzaga;84;7/15/2018;Rio de Janeiro;R$ 3.400,00;;;;
HL4379; Televisão ;1;Thomáz;Rodriguez;53;2/14/2018;Goiânia;R$ 2.500,00;;;;
HL1918; iPhone ;2;Bernardo;Nauenberg;33;6/20/2018;Rio de Janeiro;R$ 5.300,00;;;;
HL7348; SmartWatch ;2;Tainah;Nogueira;90;12/08/2018;São Paulo;R$ 1.400,00;;;;
HL4379; Televisão ;2;Allan;Guedes;32;8/18/2018;Curitiba;R$ 2.500,00;;;;
HL1918; iPhone ;3;Gabriela;Cavalcanti;69;01/08/2018;Porto Alegre;R$ 5.300,00;;;;
HL4379; Televisão ;5;Laura;Araujo;28;12/22/2018;São Paulo;R$ 2.500,00;;;;
HL9962; Android ;3;Bianca;Tatsch;28;11/01/2018;São Paulo;R$ 3.400,00;;;;
HL1918; iPhone ;5;Amanda;Delgado;67;5/25/2018;Recife;R$ 5.300,00;;;;
HL8851; Notebook ;4;Beatriz;Perdomo;75;9/23/2018;Fortaleza;R$ 3.500,00;;;;
HL8851; Notebook ;4;Elena;Barreto;20;04/05/2018;Goiânia;R$ 3.500,00;;;;
HL1148; Câmera ;4;Luã;Sá;37;9/25/2018;Salvador;R$ 2.100,00;;;;
HL4379; Televisão ;1;Guilherme;Lima;45;4/22/2018;Fortaleza;R$ 2.500,00;;;;
HL1918; iPhone ;2;Lorena;Carvalho;67;11/19/2018;Goiânia;R$ 5.300,00;;;;
HL2714; Tablet ;2;Victor;Lira;46;11/03/2018;Porto Alegre;R$ 1.600,00;;;;
HL1918; iPhone ;4;Diogo;Ressurreição;49;5/19/2018;Rio de Janeiro;R$ 5.300,00;;;;
HL1918; iPhone ;4;Matheus;Silva;70;8/17/2018;Salvador;R$ 5.300,00;;;;
HL1918; iPhone ;3;Dykson;Silva;27;9/30/2018;Salvador;R$ 5.300,00;;;;
HL4379; Televisão ;1;João;Júnior;28;8/31/2018;Porto Alegre;R$ 2.500,00;;;;
HL1918; iPhone ;1;Eric;Carvalho;61;10/25/2018;Recife;R$ 5.300,00;;;;
HL1918; iPhone ;5;Paula;Calbucci;34;1/14/2018;São Paulo;R$ 5.300,00;;;;
HL4379; Televisão ;2;Livia;Corrêa;36;09/10/2018;Rio de Janeiro;R$ 2.500,00;;;;
HL1918; iPhone ;1;Leticia;Mesquita;40;09/11/2018;São Paulo;R$ 5.300,00;;;;
HL8851; Notebook ;3;Ulisses;Filho;52;3/24/2018;São Paulo;R$ 3.500,00;;;;
HL4379; Televisão ;2;Milena;Alcoforado;29;11/10/2018;Fortaleza;R$ 2.500,00;;;;
HL7348; SmartWatch ;5;Brenno;Santos;66;05/01/2018;São Paulo;R$ 1.400,00;;;;
HL9962; Android ;3;Breno;Costa;58;03/05/2018;Salvador;R$ 3.400,00;;;;
HL1148; Câmera ;2;Priscila;Carvalho;18;7/14/2018;São Paulo;R$ 2.100,00;;;;
HL1148; Câmera ;1;Lucas;Araújo;20;3/26/2018;Salvador;R$ 2.100,00;;;;
HL8851; Notebook ;4;Pedro;Macckione;21;5/19/2018;Goiânia;R$ 3.500,00;;;;
HL1918; iPhone ;2;Luíza;Melo;61;9/14/2018;Salvador;R$ 5.300,00;;;;
HL1918; iPhone ;5;Carolina;Rachide;25;10/08/2018;Goiânia;R$ 5.300,00;;;;
HL1918; iPhone ;4;Marina;Perdomo;84;11/08/2018;Rio de Janeiro;R$ 5.300,00;;;;
HL8851; Notebook ;2;Matheus;Miranda;35;02/02/2018;Rio de Janeiro;R$ 3.500,00;;;;
HL7348; SmartWatch ;4;Matheus;Silva;35;5/28/2018;Rio de Janeiro;R$ 1.400,00;;;;
HL1918; iPhone ;5;Andressa;Rotsztejn;46;3/30/2018;São Paulo;R$ 5.300,00;;;;
HL1148; Câmera ;3;Rodrigo;Bruno;87;8/14/2018;Fortaleza;R$ 2.100,00;;;;
HL7348; SmartWatch ;3;Vanessa;Neves;49;10/14/2018;São Paulo;R$ 1.400,00;;;;
HL2714; Tablet ;3;Luiz;Conceição;89;12/07/2018;Fortaleza;R$ 1.600,00;;;;
HL7348; SmartWatch ;2;Lívia;Marques;37;07/01/2018;Salvador;R$ 1.400,00;;;;
HL7348; SmartWatch ;5;Gustavo;Aragão;73;12/31/2018;Curitiba;R$ 1.400,00;;;;
HL1918; iPhone ;4;Rodrigo;Bruno;84;9/13/2018;São Paulo;R$ 5.300,00;;;;
HL7348; SmartWatch ;3;Felipe;Paulo;77;4/22/2018;Goiânia;R$ 1.400,00;;;;
HL4379; Televisão ;1;Beatriz;Rocha;18;11/18/2018;São Paulo;R$ 2.500,00;;;;
HL1918; iPhone ;1;Lázaro;Villanova;59;12/21/2018;Salvador;R$ 5.300,00;;;;
HL1918; iPhone ;5;Pedro;Pereira;50;4/30/2018;Porto Alegre;R$ 5.300,00;;;;
HL1918; iPhone ;4;Rafael;Carneiro;62;05/08/2018;Curitiba;R$ 5.300,00;;;;
HL1918; iPhone ;1;Stefan;Nunes;80;2/24/2018;Recife;R$ 5.300,00;;;;
HL9962; Android ;5;Carolina;Silva;55;09/07/2018;Salvador;R$ 3.400,00;;;;
HL8851; Notebook ;3;Vanessa;Rodrigues;45;7/25/2018;Fortaleza;R$ 3.500,00;;;;
HL7348; SmartWatch ;3;Lenon;Fernandes;20;07/08/2018;Goiânia;R$ 1.400,00;;;;
HL8851; Notebook ;3;Lucas;Valim;37;10/18/2018;Curitiba;R$ 3.500,00;;;;
HL1918; iPhone ;3;Carlos;Mesquita;28;1/14/2018;Recife;R$ 5.300,00;;;;
HL9962; Android ;1;Arthur;Souza;60;03/04/2018;São Paulo;R$ 3.400,00;;;;
HL9962; Android ;5;Joyce;Medina;51;4/21/2018;Curitiba;R$ 3.400,00;;;;
HL9962; Android ;5;Victor;Franco;23;10/16/2018;São Paulo;R$ 3.400,00;;;;
HL1918; iPhone ;1;Renan;Freire;61;02/07/2018;Curitiba;R$ 5.300,00;;;;
HL7348; SmartWatch ;3;Eduardo;Pacheco;24;7/28/2018;Goiânia;R$ 1.400,00;;;;
HL4379; Televisão ;4;Allan;Candido;22;9/18/2018;Goiânia;R$ 2.500,00;;;;
HL1918; iPhone ;1;Daniel;Sousa;54;11/19/2018;Goiânia;R$ 5.300,00;;;;
HL1918; iPhone ;3;Adriana;Carneiro;68;9/20/2018;Rio de Janeiro;R$ 5.300,00;;;;
HL1918; iPhone ;1;Ana;Bôas;56;8/24/2018;Rio de Janeiro;R$ 5.300,00;;;;
HL1918; iPhone ;5;José;Marques;63;12/18/2018;Rio de Janeiro;R$ 5.300,00;;;;
HL4379; Televisão ;3;Luiz;Campista;32;4/16/2018;Goiânia;R$ 2.500,00;;;;
HL1918; iPhone ;3;Arthur;Rocha;79;1/27/2018;Rio de Janeiro;R$ 5.300,00;;;;
HL4379; Televisão ;1;Luíza;Melo;71;08/05/2018;São Paulo;R$ 2.500,00;;;;
HL1148; Câmera ;3;Raul;Junqueira;19;5/16/2018;Recife;R$ 2.100,00;;;;
HL1918; iPhone ;1;Yasmim;Bittencourt;65;01/11/2018;Rio de Janeiro;R$ 5.300,00;;;;
HL1918; iPhone ;5;Victor;Lira;24;2/19/2018;Rio de Janeiro;R$ 5.300,00;;;;
HL7348; SmartWatch ;1;João;Silva;88;11/23/2018;Rio de Janeiro;R$ 1.400,00;;;;
HL4379; Televisão ;5;Paula;Carneiro;78;11/05/2018;Rio de Janeiro;R$ 2.500,00;;;;
HL1148; Câmera ;2;Ulisses;Filho;18;11/01/2018;Salvador;R$ 2.100,00;;;;
HL9962; Android ;4;Andressa;Nóbrega;84;4/15/2018;São Paulo;R$ 3.400,00;;;;
HL7348; SmartWatch ;3;Vitor;Arruda;44;6/25/2018;Recife;R$ 1.400,00;;;;
HL1918; iPhone ;3;Amanda;Delgado;26;04/08/2018;Recife;R$ 5.300,00;;;;
HL4379; Televisão ;4;Daniela;Andrada;65;10/20/2018;Rio de Janeiro;R$ 2.500,00;;;;
HL8851; Notebook ;4;Carolina;Santos;80;12/06/2018;Salvador;R$ 3.500,00;;;;
HL2714; Tablet ;5;Luiza;Marques;31;11/02/2018;Fortaleza;R$ 1.600,00;;;;
HL1148; Câmera ;3;Roger;Rosa;64;5/18/2018;Rio de Janeiro;R$ 2.100,00;;;;
HL4379; Televisão ;2;Fabio;Ramos;22;08/01/2018;São Paulo;R$ 2.500,00;;;;
HL1918; iPhone ;2;Rafaela;Ferreira;24;9/14/2018;Belo Horizonte;R$ 5.300,00;;;;
HL1148; Câmera ;3;Joao;Pereira;67;3/20/2018;Rio de Janeiro;R$ 2.100,00;;;;
HL4379; Televisão ;4;Eduardo;Pacheco;78;02/08/2018;Fortaleza;R$ 2.500,00;;;;
HL4379; Televisão ;2;Eduardo;Vargas;43;04/07/2018;Salvador;R$ 2.500,00;;;;
HL4379; Televisão ;1;Breno;Britto;50;1/23/2018;Fortaleza;R$ 2.500,00;;;;
HL9962; Android ;2;Rafael;Rocha;31;12/09/2018;Rio de Janeiro;R$ 3.400,00;;;;
HL1918; iPhone ;3;Raíssa;Oliveira;25;03/11/2018;Goiânia;R$ 5.300,00;;;;
HL1918; iPhone ;2;Sylvio;Bernhardt;41;05/08/2018;Recife;R$ 5.300,00;;;;
HL4379; Televisão ;4;Rafael;Guimarães;29;8/19/2018;Goiânia;R$ 2.500,00;;;;
HL2714; Tablet ;5;Camille;Silva;66;5/14/2018;Recife;R$ 1.600,00;;;;
HL4379; Televisão ;3;Adriana;Carneiro;71;8/25/2018;São Paulo;R$ 2.500,00;;;;
HL8851; Notebook ;5;Erick;Soares;20;12/08/2018;Belo Horizonte;R$ 3.500,00;;;;
HL4379; Televisão ;5;Thiago;Veiga;58;03/07/2018;Rio de Janeiro;R$ 2.500,00;;;;
HL1918; iPhone ;3;Matheus;Gomes;42;02/10/2018;Salvador;R$ 5.300,00;;;;
HL7348; SmartWatch ;4;Sthefeson;Pereira;62;12/19/2018;São Paulo;R$ 1.400,00;;;;
HL2714; Tablet ;1;Rafael;Portela;54;11/25/2018;São Paulo;R$ 1.600,00;;;;
HL8851; Notebook ;4;Thales;Portillo;63;05/10/2018;Fortaleza;R$ 3.500,00;;;;
HL8851; Notebook ;5;Jéssica;Resinente;33;05/08/2018;Belo Horizonte;R$ 3.500,00;;;;
HL1148; Câmera ;4;Bruno;Velucci;31;3/29/2018;Recife;R$ 2.100,00;;;;
HL1148; Câmera ;2;Thaís;Ribeiro;67;11/06/2018;Recife;R$ 2.100,00;;;;
HL1918; iPhone ;1;Jackson;Derossi;77;1/16/2018;Goiânia;R$ 5.300,00;;;;
HL9962; Android ;2;Hanna;Fonseca;75;11/16/2018;Belo Horizonte;R$ 3.400,00;;;;
HL4379; Televisão ;1;Marina;Correa;68;8/29/2018;Goiânia;R$ 2.500,00;;;;
HL4379; Televisão ;3;Rubens;Netto;29;12/08/2018;São Paulo;R$ 2.500,00;;;;
HL4379; Televisão ;3;Maria;Junior;71;05/02/2018;Goiânia;R$ 2.500,00;;;;
HL1918; iPhone ;3;Marina;Cormack;44;09/05/2018;Fortaleza;R$ 5.300,00;;;;
HL1918; iPhone ;4;Priscila;Suzano;31;09/02/2018;Salvador;R$ 5.300,00;;;;
HL4379; Televisão ;4;Luiza;Farias;67;10/16/2018;São Paulo;R$ 2.500,00;;;;
HL4379; Televisão ;4;David;Campelo;85;5/14/2018;Porto Alegre;R$ 2.500,00;;;;
HL4379; Televisão ;1;Mateus;Polastri;27;6/17/2018;Porto Alegre;R$ 2.500,00;;;;
HL1918; iPhone ;5;Bruna;Silva;71;8/27/2018;São Paulo;R$ 5.300,00;;;;
HL9962; Android ;5;Bernardo;Souza;77;04/04/2018;Fortaleza;R$ 3.400,00;;;;
HL9962; Android ;1;Dykson;Silva;50;8/31/2018;Curitiba;R$ 3.400,00;;;;
HL4379; Televisão ;3;Natali;Rangel;43;4/18/2018;São Paulo;R$ 2.500,00;;;;
HL8851; Notebook ;3;Carolina;Carneiro;35;3/19/2018;Belo Horizonte;R$ 3.500,00;;;;
HL8851; Notebook ;4;Marcelo;Rosa;67;12/23/2018;Curitiba;R$ 3.500,00;;;;
HL7348; SmartWatch ;3;Raphael;Kurtz;66;03/03/2018;Rio de Janeiro;R$ 1.400,00;;;;
HL1918; iPhone ;3;Célio;Xavier;73;5/25/2018;Rio de Janeiro;R$ 5.300,00;;;;
HL1918; iPhone ;3;Júlio;Fraga;83;7/18/2018;Rio de Janeiro;R$ 5.300,00;;;;
HL7348; SmartWatch ;5;Marina;Gama;58;2/18/2018;Recife;R$ 1.400,00;;;;
HL7348; SmartWatch ;2;Julia;Leite;87;04/09/2018;Salvador;R$ 1.400,00;;;;
HL1918; iPhone ;2;Platini;Heimlich;29;1/20/2018;Salvador;R$ 5.300,00;;;;
HL1148; Câmera ;3;Letícia;Araujo;33;10/22/2018;Fortaleza;R$ 2.100,00;;;;
HL1918; iPhone ;2;Mariane;Racy;30;06/08/2018;Belo Horizonte;R$ 5.300,00;;;;
HL4379; Televisão ;1;Marina;Miranda;56;11/26/2018;Fortaleza;R$ 2.500,00;;;;
HL4379; Televisão ;2;Matheus;Moraes;88;03/11/2018;Salvador;R$ 2.500,00;;;;
HL1918; iPhone ;4;João;Menezes;25;2/26/2018;Rio de Janeiro;R$ 5.300,00;;;;
HL2714; Tablet ;3;Rubens;Netto;77;7/26/2018;São Paulo;R$ 1.600,00;;;;
HL4379; Televisão ;4;Breno;Quinto;48;12/01/2018;Curitiba;R$ 2.500,00;;;;
HL8851; Notebook ;2;Fernanda;Bhering;39;4/26/2018;São Paulo;R$ 3.500,00;;;;
HL2714; Tablet ;3;Deysiane;Bach;24;5/15/2018;Belo Horizonte;R$ 1.600,00;;;;
HL4379; Televisão ;4;Rafaela;Ferreira;55;02/09/2018;São Paulo;R$ 2.500,00;;;;
HL4379; Televisão ;2;Thais;Rodrigues;33;12/31/2018;São Paulo;R$ 2.500,00;;;;
HL2714; Tablet ;5;Raissa;Sales;79;01/09/2018;Goiânia;R$ 1.600,00;;;;
HL7348; SmartWatch ;3;Gustavo;Accardo;85;9/25/2018;Fortaleza;R$ 1.400,00;;;;
HL1918; iPhone ;4;Henrique;Villanova;81;06/12/2018;Porto Alegre;R$ 5.300,00;;;;
HL1148; Câmera ;5;Thales;Portillo;41;1/29/2018;Belo Horizonte;R$ 2.100,00;;;;
HL7348; SmartWatch ;3;Julia;Aliani;54;05/02/2018;Goiânia;R$ 1.400,00;;;;
HL2714; Tablet ;5;Rebeca;Manhães;61;11/06/2018;Porto Alegre;R$ 1.600,00;;;;
HL4379; Televisão ;5;Pedro;Conceição;82;10/19/2018;Curitiba;R$ 2.500,00;;;;
HL4379; Televisão ;4;Gabrielle;Silva;35;03/07/2018;São Paulo;R$ 2.500,00;;;;
HL7348; SmartWatch ;5;Rafael;Ramos;42;1/30/2018;Belo Horizonte;R$ 1.400,00;;;;
HL8851; Notebook ;3;Stela;Mendonça;81;03/12/2018;Rio de Janeiro;R$ 3.500,00;;;;
HL2714; Tablet ;1;Pedro;Ayres;42;10/06/2018;Salvador;R$ 1.600,00;;;;
HL9962; Android ;5;Lara;Moreira;63;01/08/2018;Rio de Janeiro;R$ 3.400,00;;;;
HL4379; Televisão ;3;João;Tabet;41;3/27/2018;São Paulo;R$ 2.500,00;;;;
HL4379; Televisão ;4;Clara;Silveira;34;11/07/2018;Salvador;R$ 2.500,00;;;;
HL4379; Televisão ;2;Danilo;Mendonça;28;3/23/2018;Curitiba;R$ 2.500,00;;;;
HL4379; Televisão ;2;Gabrielle;Vasconcelos;84;4/16/2018;Salvador;R$ 2.500,00;;;;
HL8851; Notebook ;3;Thomáz;Bôas;25;6/19/2018;Curitiba;R$ 3.500,00;;;;
HL1918; iPhone ;5;Lívia;Marques;45;04/05/2018;Goiânia;R$ 5.300,00;;;;
HL4379; Televisão ;2;Jéssica;Resinente;54;12/24/2018;Recife;R$ 2.500,00;;;;
HL1918; iPhone ;1;Stephanie;Oliveira;83;05/10/2018;Rio de Janeiro;R$ 5.300,00;;;;
HL4379; Televisão ;5;Luis;Oliveira;69;03/03/2018;Recife;R$ 2.500,00;;;;
HL9962; Android ;4;Stephanie;Novak;70;1/20/2018;Porto Alegre;R$ 3.400,00;;;;
HL1148; Câmera ;5;Raphael;Filho;73;11/23/2018;São Paulo;R$ 2.100,00;;;;
HL4379; Televisão ;3;Gabriella;Sagrillo;71;1/13/2018;Belo Horizonte;R$ 2.500,00;;;;
HL1148; Câmera ;1;João;Tabet;79;11/02/2018;Belo Horizonte;R$ 2.100,00;;;;
HL4379; Televisão ;1;Livia;Cozendey;35;10/21/2018;Fortaleza;R$ 2.500,00;;;;
HL2714; Tablet ;5;Lívia;Marques;74;11/24/2018;Fortaleza;R$ 1.600,00;;;;
HL2714; Tablet ;1;Livia;Corrêa;25;9/19/2018;Salvador;R$ 1.600,00;;;;
HL7348; SmartWatch ;1;Rodrigo;Alves;53;5/30/2018;Rio de Janeiro;R$ 1.400,00;;;;
HL1918; iPhone ;2;Vanessa;Bach;84;3/17/2018;Recife;R$ 5.300,00;;;;
HL7348; SmartWatch ;4;Victor;Franco;30;10/15/2018;Salvador;R$ 1.400,00;;;;
HL1918; iPhone ;5;Bruno;Barcessat;34;02/08/2018;São Paulo;R$ 5.300,00;;;;
HL8851; Notebook ;2;Diogo;Peixoto;82;10/12/2018;Curitiba;R$ 3.500,00;;;;
HL4379; Televisão ;2;João;Araujo;85;11/05/2018;Salvador;R$ 2.500,00;;;;
HL1918; iPhone ;2;Raul;Junqueira;31;10/27/2018;Curitiba;R$ 5.300,00;;;;
HL1918; iPhone ;1;Carlos;Mesquita;70;4/14/2018;Goiânia;R$ 5.300,00;;;;
HL4379; Televisão ;5;Norman;Jimbo;55;4/20/2018;São Paulo;R$ 2.500,00;;;;
HL1918; iPhone ;4;Lucas;Neto;29;4/18/2018;Recife;R$ 5.300,00;;;;
HL9962; Android ;1;Raphael;Kurtz;69;8/19/2018;Curitiba;R$ 3.400,00;;;;
HL9962; Android ;1;Pedro;Martins;66;03/12/2018;São Paulo;R$ 3.400,00;;;;
HL9962; Android ;3;Gabrielle;Costa;47;8/22/2018;Goiânia;R$ 3.400,00;;;;
HL8851; Notebook ;1;Natalia;Accioly;33;1/15/2018;Fortaleza;R$ 3.500,00;;;;
HL9962; Android ;3;Gustavo;Junior;71;11/21/2018;São Paulo;R$ 3.400,00;;;;
HL8851; Notebook ;3;Bruna;Franco;73;5/28/2018;Fortaleza;R$ 3.500,00;;;;
HL7348; SmartWatch ;2;Giuseppe;Bhering;86;2/19/2018;Salvador;R$ 1.400,00;;;;
HL7348; SmartWatch ;3;Luísa;Fonseca;84;10/22/2018;Salvador;R$ 1.400,00;;;;
HL7348; SmartWatch ;1;João;Pedrazza;82;07/08/2018;Porto Alegre;R$ 1.400,00;;;;
HL9962; Android ;4;David;Assumpção;35;6/13/2018;Recife;R$ 3.400,00;;;;
HL1918; iPhone ;3;Luana;Santana;21;06/03/2018;Curitiba;R$ 5.300,00;;;;
HL1918; iPhone ;3;Guilherme;Vianna;39;05/02/2018;Recife;R$ 5.300,00;;;;
HL8851; Notebook ;2;Alon;Pestana;81;12/20/2018;São Paulo;R$ 3.500,00;;;;
HL1148; Câmera ;5;Juliana;Huon;71;10/18/2018;Belo Horizonte;R$ 2.100,00;;;;
HL1918; iPhone ;5;Marcelo;Rosa;40;10/08/2018;Porto Alegre;R$ 5.300,00;;;;
HL1148; Câmera ;1;Diego;Marchesi;56;4/22/2018;Recife;R$ 2.100,00;;;;
HL1918; iPhone ;1;Thaís;Pereira;69;5/28/2018;Curitiba;R$ 5.300,00;;;;
HL4379; Televisão ;3;Gabriel;Puntel;23;4/22/2018;Salvador;R$ 2.500,00;;;;
HL1918; iPhone ;4;Isabel;Mesquita;52;2/20/2018;Recife;R$ 5.300,00;;;;
HL1148; Câmera ;5;Lázaro;Villanova;79;11/11/2018;Recife;R$ 2.100,00;;;;
HL1918; iPhone ;2;Lunna;Vannier;71;10/24/2018;Fortaleza;R$ 5.300,00;;;;
HL9962; Android ;3;Larissa;Jesus;47;12/20/2018;Goiânia;R$ 3.400,00;;;;
HL1918; iPhone ;4;Camila;Sobral;66;1/14/2018;Rio de Janeiro;R$ 5.300,00;;;;
HL4379; Televisão ;1;Thomáz;Bôas;51;1/28/2018;São Paulo;R$ 2.500,00;;;;
HL1918; iPhone ;4;Ana;Gonzaga;34;06/12/2018;Fortaleza;R$ 5.300,00;;;;
HL7348; SmartWatch ;1;Antônio;Oliveira;22;12/31/2018;Fortaleza;R$ 1.400,00;;;;
HL9962; Android ;5;Paula;Cavalcanti;31;6/13/2018;Porto Alegre;R$ 3.400,00;;;;
HL8851; Notebook ;3;Bianca;Tatsch;43;07/06/2018;Goiânia;R$ 3.500,00;;;;
HL4379; Televisão ;5;João;Capitulo;28;01/04/2018;São Paulo;R$ 2.500,00;;;;
HL1148; Câmera ;3;Sthefeson;Barroso;61;06/12/2018;Rio de Janeiro;R$ 2.100,00;;;;
HL1918; iPhone ;5;Thiago;Veiga;65;4/23/2018;Fortaleza;R$ 5.300,00;;;;
HL7348; SmartWatch ;1;Livia;Codeceira;79;3/16/2018;São Paulo;R$ 1.400,00;;;;
HL1918; iPhone ;3;Carolina;Santos;78;11/08/2018;São Paulo;R$ 5.300,00;;;;
HL1918; iPhone ;2;Eric;Neves;51;12/23/2018;Fortaleza;R$ 5.300,00;;;;
HL4379; Televisão ;5;Wilson;Vianna;79;5/24/2018;São Paulo;R$ 2.500,00;;;;
HL9962; Android ;1;Leandro;Ferreira;76;5/19/2018;Salvador;R$ 3.400,00;;;;
HL1148; Câmera ;3;Gabriel;Thoni;61;04/08/2018;Fortaleza;R$ 2.100,00;;;;
HL7348; SmartWatch ;5;Mariana;Barrozo;61;6/15/2018;Belo Horizonte;R$ 1.400,00;;;;
HL7348; SmartWatch ;3;Amanda;Procaci;61;9/29/2018;Rio de Janeiro;R$ 1.400,00;;;;
HL4379; Televisão ;2;Fernanda;Figueiredo;27;09/11/2018;Fortaleza;R$ 2.500,00;;;;
HL7348; SmartWatch ;2;Ana;Gonzaga;62;1/30/2018;Salvador;R$ 1.400,00;;;;
HL2714; Tablet ;2;Raíssa;Oros;69;3/21/2018;Goiânia;R$ 1.600,00;;;;
HL4379; Televisão ;1;Milena;Pereira;72;10/04/2018;Rio de Janeiro;R$ 2.500,00;;;;
HL1148; Câmera ;2;Gabriel;Pereira;63;1/30/2018;Belo Horizonte;R$ 2.100,00;;;;
HL1148; Câmera ;5;Lázaro;Nascimento;80;06/04/2018;Salvador;R$ 2.100,00;;;;
HL4379; Televisão ;2;Patrícia;Fernandes;36;7/20/2018;Salvador;R$ 2.500,00;;;;
HL4379; Televisão ;5;Carlos;Portela;27;03/11/2018;Rio de Janeiro;R$ 2.500,00;;;;
HL4379; Televisão ;4;Mariane;Ferreira;73;9/24/2018;São Paulo;R$ 2.500,00;;;;
HL4379; Televisão ;1;Glenda;Santos;50;10/01/2018;Salvador;R$ 2.500,00;;;;
HL4379; Televisão ;2;Caio;Vianna;42;09/05/2018;Rio de Janeiro;R$ 2.500,00;;;;
HL8851; Notebook ;1;Antônio;Soares;83;1/26/2018;Salvador;R$ 3.500,00;;;;
HL1918; iPhone ;3;Marina;Aragão;81;11/17/2018;Salvador;R$ 5.300,00;;;;
HL1918; iPhone ;4;Eric;Carvalho;18;12/10/2018;São Paulo;R$ 5.300,00;;;;
HL4379; Televisão ;3;Karine;Barros;47;06/03/2018;Fortaleza;R$ 2.500,00;;;;
HL9962; Android ;1;Rebeca;Taylor;49;1/30/2018;São Paulo;R$ 3.400,00;;;;
HL4379; Televisão ;5;Fillipe;Almeida;27;12/27/2018;Salvador;R$ 2.500,00;;;;
HL7348; SmartWatch ;5;Maria;Junior;44;10/16/2018;São Paulo;R$ 1.400,00;;;;
HL7348; SmartWatch ;3;Amanda;Gontijo;43;11/06/2018;Salvador;R$ 1.400,00;;;;
HL8851; Notebook ;5;Rafael;Guimarães;25;09/04/2018;Salvador;R$ 3.500,00;;;;
HL1918; iPhone ;3;Luísa;Fonseca;80;7/30/2018;São Paulo;R$ 5.300,00;;;;
HL9962; Android ;1;Caroline;Aquino;39;11/05/2018;Recife;R$ 3.400,00;;;;
HL1918; iPhone ;3;Maria;Costa;81;12/10/2018;Fortaleza;R$ 5.300,00;;;;
HL4379; Televisão ;2;Matheus;Afonso;77;09/02/2018;Fortaleza;R$ 2.500,00;;;;
HL1918; iPhone ;4;Marcos;Nucci;52;1/16/2018;Rio de Janeiro;R$ 5.300,00;;;;
HL9962; Android ;3;Luis;Villanova;29;10/24/2018;Rio de Janeiro;R$ 3.400,00;;;;
HL2714; Tablet ;2;Matheus;Santos;66;01/11/2018;São Paulo;R$ 1.600,00;;;;
HL2714; Tablet ;3;Rodrigo;Souza;42;06/04/2018;Salvador;R$ 1.600,00;;;;
HL1918; iPhone ;4;Ana;Carvalho;38;12/30/2018;Goiânia;R$ 5.300,00;;;;
HL4379; Televisão ;4;Nathan;Morelli;28;11/08/2018;Goiânia;R$ 2.500,00;;;;
HL7348; SmartWatch ;2;João;Fonseca;25;8/18/2018;Salvador;R$ 1.400,00;;;;
HL2714; Tablet ;4;Thiago;Costa;86;7/13/2018;Goiânia;R$ 1.600,00;;;;
HL9962; Android ;4;Clarissa;Santos;49;7/25/2018;Salvador;R$ 3.400,00;;;;
HL8851; Notebook ;3;Maurício;Dias;35;07/09/2018;Salvador;R$ 3.500,00;;;;
HL1918; iPhone ;4;Gabriel;Puntel;39;1/17/2018;Curitiba;R$ 5.300,00;;;;
HL9962; Android ;5;Rilson;Guedes;57;12/28/2018;Rio de Janeiro;R$ 3.400,00;;;;
HL1918; iPhone ;5;Natalia;Accioly;57;10/25/2018;Fortaleza;R$ 5.300,00;;;;
HL8851; Notebook ;2;Thales;Portillo;28;4/16/2018;Fortaleza;R$ 3.500,00;;;;
HL2714; Tablet ;5;Ruan;Lopes;47;7/15/2018;Salvador;R$ 1.600,00;;;;
HL1918; iPhone ;2;Caroline;Cavalcanti;67;2/19/2018;Goiânia;R$ 5.300,00;;;;
HL8851; Notebook ;5;Rafael;Rocha;50;10/22/2018;Curitiba;R$ 3.500,00;;;;
HL7348; SmartWatch ;1;José;Seixas;39;3/21/2018;São Paulo;R$ 1.400,00;;;;
HL7348; SmartWatch ;1;João;Siqueira;19;12/25/2018;Salvador;R$ 1.400,00;;;;
HL2714; Tablet ;2;Breno;Quinto;41;5/13/2018;São Paulo;R$ 1.600,00;;;;
HL1918; iPhone ;3;Caroline;Cavalcanti;71;07/11/2018;São Paulo;R$ 5.300,00;;;;
HL8851; Notebook ;4;Cícero;Ramos;39;08/07/2018;Curitiba;R$ 3.500,00;;;;
HL1148; Câmera ;2;Carlos;Souza;83;5/26/2018;Belo Horizonte;R$ 2.100,00;;;;
HL8851; Notebook ;3;Tadeu;Sousa;20;2/13/2018;São Paulo;R$ 3.500,00;;;;
HL9962; Android ;3;José;Fonseca;43;10/23/2018;Recife;R$ 3.400,00;;;;
HL1918; iPhone ;1;Gabriel;Ribeiro;35;11/08/2018;Rio de Janeiro;R$ 5.300,00;;;;
HL7348; SmartWatch ;4;Bruno;Ferreira;22;1/25/2018;Salvador;R$ 1.400,00;;;;
HL4379; Televisão ;1;Michelle;Miura;80;11/16/2018;Fortaleza;R$ 2.500,00;;;;
HL9962; Android ;2;Rogério;Gentile;51;9/19/2018;Porto Alegre;R$ 3.400,00;;;;
HL4379; Televisão ;2;Bruno;Silva;87;6/25/2018;Porto Alegre;R$ 2.500,00;;;;
HL4379; Televisão ;5;Wendela;Veloso;73;9/16/2018;Fortaleza;R$ 2.500,00;;;;
HL4379; Televisão ;4;Daniel;Monteiro;79;12/05/2018;Rio de Janeiro;R$ 2.500,00;;;;
HL4379; Televisão ;1;Thales;Portillo;49;02/09/2018;São Paulo;R$ 2.500,00;;;;
HL2714; Tablet ;5;Patrícia;Amaral;47;10/27/2018;Salvador;R$ 1.600,00;;;;
HL1918; iPhone ;1;Bruno;Salomão;23;05/10/2018;Fortaleza;R$ 5.300,00;;;;
HL1148; Câmera ;2;Luíza;Melo;65;11/21/2018;Rio de Janeiro;R$ 2.100,00;;;;
HL8851; Notebook ;3;Rafaela;Rodrigues;69;04/09/2018;Fortaleza;R$ 3.500,00;;;;
HL9962; Android ;1;Fernanda;Coutinho;82;10/22/2018;Rio de Janeiro;R$ 3.400,00;;;;
HL1918; iPhone ;3;Daniela;Andrada;75;4/24/2018;Recife;R$ 5.300,00;;;;
HL2714; Tablet ;2;Lucas;Monte;52;6/27/2018;Curitiba;R$ 1.600,00;;;;
HL9962; Android ;1;Thomáz;Bôas;32;05/07/2018;Porto Alegre;R$ 3.400,00;;;;
HL1918; iPhone ;5;Lucas;Lemos;18;06/06/2018;Porto Alegre;R$ 5.300,00;;;;
HL1918; iPhone ;1;Rubens;Netto;66;11/11/2018;Porto Alegre;R$ 5.300,00;;;;
HL1918; iPhone ;2;Mariana;Barrozo;60;12/31/2018;Porto Alegre;R$ 5.300,00;;;;
HL4379; Televisão ;4;Caroll;Johnson;83;10/03/2018;Fortaleza;R$ 2.500,00;;;;
HL2714; Tablet ;2;Bruna;Gomes;50;01/11/2018;São Paulo;R$ 1.600,00;;;;
HL1918; iPhone ;5;Pedro;Rodrigues;31;5/26/2018;São Paulo;R$ 5.300,00;;;;
HL1918; iPhone ;2;Ruan;Lopes;26;3/27/2018;São Paulo;R$ 5.300,00;;;;
HL2714; Tablet ;5;Silvio;Provenzano;70;7/19/2018;Recife;R$ 1.600,00;;;;
HL1918; iPhone ;1;Thales;Portillo;47;12/08/2018;Recife;R$ 5.300,00;;;;
HL1918; iPhone ;3;Sarah;Souza;89;07/08/2018;Goiânia;R$ 5.300,00;;;;
HL2714; Tablet ;4;Lara;Moreira;42;07/07/2018;Curitiba;R$ 1.600,00;;;;
HL7348; SmartWatch ;4;Mariana;Freire;64;07/05/2018;Rio de Janeiro;R$ 1.400,00;;;;
HL1918; iPhone ;5;Gabrielle;Wanderley;19;12/23/2018;Rio de Janeiro;R$ 5.300,00;;;;
HL1918; iPhone ;5;Bárbara;Lima;44;11/14/2018;Curitiba;R$ 5.300,00;;;;
HL8851; Notebook ;2;Raphael;Machado;90;10/25/2018;Fortaleza;R$ 3.500,00;;;;
HL1918; iPhone ;2;David;Campelo;51;11/21/2018;Rio de Janeiro;R$ 5.300,00;;;;
HL4379; Televisão ;2;Thomáz;Bôas;73;6/30/2018;Belo Horizonte;R$ 2.500,00;;;;
HL2714; Tablet ;5;Antonio;Manhães;20;6/17/2018;Fortaleza;R$ 1.600,00;;;;
HL4379; Televisão ;5;Natalia;Marinho;78;6/24/2018;Recife;R$ 2.500,00;;;;
HL4379; Televisão ;2;Pedro;Oliveira;27;09/04/2018;Fortaleza;R$ 2.500,00;;;;
HL7348; SmartWatch ;5;Breno;Farias;66;6/28/2018;Salvador;R$ 1.400,00;;;;
HL1148; Câmera ;4;Camila;Sobral;45;4/27/2018;Salvador;R$ 2.100,00;;;;
HL8851; Notebook ;4;Caio;Vianna;87;10/26/2018;São Paulo;R$ 3.500,00;;;;
HL1918; iPhone ;4;Patrícia;Amaral;35;2/19/2018;São Paulo;R$ 5.300,00;;;;
HL7348; SmartWatch ;3;Wilson;Farias;46;2/20/2018;Fortaleza;R$ 1.400,00;;;;
HL1918; iPhone ;2;Ana;Gonzaga;63;07/12/2018;Fortaleza;R$ 5.300,00;;;;
HL9962; Android ;5;Thales;Portillo;64;02/09/2018;Rio de Janeiro;R$ 3.400,00;;;;
HL1918; iPhone ;4;Pedro;Rodrigues;84;2/17/2018;Belo Horizonte;R$ 5.300,00;;;;
HL7348; SmartWatch ;2;Livia;Codeceira;88;10/24/2018;Fortaleza;R$ 1.400,00;;;;
HL7348; SmartWatch ;2;Chan;Santos;79;01/03/2018;Fortaleza;R$ 1.400,00;;;;
HL8851; Notebook ;1;Bianca;Procaci;61;12/19/2018;Salvador;R$ 3.500,00;;;;
HL4379; Televisão ;2;Philipe;Morete;19;03/08/2018;São Paulo;R$ 2.500,00;;;;
HL4379; Televisão ;3;Juliana;Goes;75;8/13/2018;Porto Alegre;R$ 2.500,00;;;;
HL4379; Televisão ;5;Marina;Marins;41;4/18/2018;Recife;R$ 2.500,00;;;;
HL1918; iPhone ;5;Gabriel;Azevedo;53;1/15/2018;Rio de Janeiro;R$ 5.300,00;;;;
HL9962; Android ;1;Bernardo;Botelho;76;03/01/2018;Salvador;R$ 3.400,00;;;;
HL2714; Tablet ;5;Marcelo;Borges;33;6/27/2018;Porto Alegre;R$ 1.600,00;;;;
HL1148; Câmera ;3;Gabriel;Azevedo;43;5/23/2018;Fortaleza;R$ 2.100,00;;;;
HL9962; Android ;2;Raphael;Coelho;48;01/08/2018;Fortaleza;R$ 3.400,00;;;;
HL2714; Tablet ;1;Beatriz;Cavalcanti;47;10/31/2018;Fortaleza;R$ 1.600,00;;;;
HL7348; SmartWatch ;4;Eric;Carvalho;26;07/08/2018;São Paulo;R$ 1.400,00;;;;
HL4379; Televisão ;2;Beatriz;Silva;21;07/12/2018;Fortaleza;R$ 2.500,00;;;;
HL8851; Notebook ;2;Lucas;Reis;58;01/11/2018;Fortaleza;R$ 3.500,00;;;;
HL4379; Televisão ;3;Adrielle;Forte;62;9/22/2018;Rio de Janeiro;R$ 2.500,00;;;;
HL4379; Televisão ;1;Ulisses;Quinto;28;3/13/2018;Porto Alegre;R$ 2.500,00;;;;
HL9962; Android ;2;Rafael;Carneiro;49;10/06/2018;Belo Horizonte;R$ 3.400,00;;;;
HL7348; SmartWatch ;3;Paulo;Campos;19;1/30/2018;Rio de Janeiro;R$ 1.400,00;;;;
HL2714; Tablet ;2;Marina;Delgado;55;08/11/2018;Belo Horizonte;R$ 1.600,00;;;;
HL2714; Tablet ;1;Juliana;Souza;70;09/04/2018;Salvador;R$ 1.600,00;;;;
HL7348; SmartWatch ;5;Julia;Leite;35;07/12/2018;Salvador;R$ 1.400,00;;;;
HL4379; Televisão ;4;João;Araujo;37;12/11/2018;Salvador;R$ 2.500,00;;;;
HL1148; Câmera ;3;Amanda;Amaral;27;1/22/2018;Salvador;R$ 2.100,00;;;;
HL2714; Tablet ;5;Antônio;Soares;60;12/21/2018;Goiânia;R$ 1.600,00;;;;
HL1918; iPhone ;2;Igor;Lima;75;8/31/2018;Goiânia;R$ 5.300,00;;;;
HL1148; Câmera ;5;Eduardo;Vargas;54;5/16/2018;São Paulo;R$ 2.100,00;;;;
HL1918; iPhone ;1;Paloma;Sperandei;88;12/02/2018;Goiânia;R$ 5.300,00;;;;
HL4379; Televisão ;1;Rogério;Pereira;90;3/20/2018;Salvador;R$ 2.500,00;;;;
HL4379; Televisão ;5;Andre;Sampaio;84;12/03/2018;Recife;R$ 2.500,00;;;;
HL1918; iPhone ;3;Deysiane;Medronho;47;5/31/2018;Rio de Janeiro;R$ 5.300,00;;;;
HL8851; Notebook ;5;Matheus;Silva;81;09/04/2018;Fortaleza;R$ 3.500,00;;;;
HL1918; iPhone ;2;Rafaela;Ferreira;83;07/03/2018;Rio de Janeiro;R$ 5.300,00;;;;
HL1918; iPhone ;3;Raissa;Sales;88;4/26/2018;Goiânia;R$ 5.300,00;;;;
HL4379; Televisão ;1;Lucas;Freire;79;10/27/2018;São Paulo;R$ 2.500,00;;;;
HL8851; Notebook ;2;Pedro;Sena;49;2/15/2018;Rio de Janeiro;R$ 3.500,00;;;;
HL1918; iPhone ;2;Juliana;Mesquita;46;07/03/2018;Recife;R$ 5.300,00;;;;
HL8851; Notebook ;1;Pedro;Sena;62;09/05/2018;Recife;R$ 3.500,00;;;;
HL2714; Tablet ;4;Juliana;Pacheco;41;4/20/2018;São Paulo;R$ 1.600,00;;;;
HL7348; SmartWatch ;1;Philipe;Morete;71;4/14/2018;São Paulo;R$ 1.400,00;;;;
HL9962; Android ;3;Rafael;Carneiro;29;1/14/2018;Salvador;R$ 3.400,00;;;;
HL9962; Android ;1;Raíza;Lopes;64;10/16/2018;Salvador;R$ 3.400,00;;;;
HL9962; Android ;4;Isabella;Rodrigues;32;8/16/2018;Salvador;R$ 3.400,00;;;;
HL9962; Android ;5;Michelle;Figueiredo;67;12/07/2018;Salvador;R$ 3.400,00;;;;
HL8851; Notebook ;3;Raul;Junqueira;24;2/23/2018;Rio de Janeiro;R$ 3.500,00;;;;
HL4379; Televisão ;4;Pedro;Macckione;88;1/30/2018;São Paulo;R$ 2.500,00;;;;
HL8851; Notebook ;4;Wilson;Miranda;72;1/31/2018;Goiânia;R$ 3.500,00;;;;
HL4379; Televisão ;2;Caio;Ferreira;51;03/07/2018;São Paulo;R$ 2.500,00;;;;
HL7348; SmartWatch ;5;Eduardo;Soares;53;8/23/2018;Salvador;R$ 1.400,00;;;;
HL1918; iPhone ;1;Vitor;Boccaletti;65;11/21/2018;Rio de Janeiro;R$ 5.300,00;;;;
HL1918; iPhone ;5;Lucas;Freire;22;1/17/2018;Fortaleza;R$ 5.300,00;;;;
HL1148; Câmera ;4;Bernardo;Borges;82;10/05/2018;Salvador;R$ 2.100,00;;;;
HL4379; Televisão ;2;Rachel;Restum;83;09/03/2018;Belo Horizonte;R$ 2.500,00;;;;
HL1918; iPhone ;3;Luiza;Cabral;62;2/18/2018;Belo Horizonte;R$ 5.300,00;;;;
HL8851; Notebook ;1;Ana;Gomes;60;10/23/2018;São Paulo;R$ 3.500,00;;;;
HL4379; Televisão ;5;Júlio;Freire;35;07/06/2018;São Paulo;R$ 2.500,00;;;;
HL1918; iPhone ;4;Diogo;Ressurreição;48;04/01/2018;Recife;R$ 5.300,00;;;;
HL1918; iPhone ;1;Leandro;Ferreira;76;1/16/2018;Rio de Janeiro;R$ 5.300,00;;;;
HL1918; iPhone ;4;Gabrielle;Wanderley;60;11/19/2018;Goiânia;R$ 5.300,00;;;;
HL9962; Android ;4;Pedro;Bitencourt;34;4/23/2018;Salvador;R$ 3.400,00;;;;
HL2714; Tablet ;4;Caio;Ferreira;66;12/30/2018;Rio de Janeiro;R$ 1.600,00;;;;
HL1918; iPhone ;5;Lucas;Aragão;88;06/12/2018;São Paulo;R$ 5.300,00;;;;
HL4379; Televisão ;1;Mateus;Polastri;90;05/12/2018;Fortaleza;R$ 2.500,00;;;;
HL1148; Câmera ;1;Raissa;Maia;50;8/25/2018;Goiânia;R$ 2.100,00;;;;
HL1918; iPhone ;2;Thomáz;Vannier;21;11/03/2018;Rio de Janeiro;R$ 5.300,00;;;;
HL1918; iPhone ;3;Mariana;Barrozo;73;5/30/2018;Fortaleza;R$ 5.300,00;;;;
HL1918; iPhone ;1;Viviane;Cunha;70;03/08/2018;Curitiba;R$ 5.300,00;;;;
HL9962; Android ;3;Cláudio;Aragão;90;11/03/2018;Porto Alegre;R$ 3.400,00;;;;
HL2714; Tablet ;1;Marina;Perdomo;49;11/04/2018;Fortaleza;R$ 1.600,00;;;;
HL1148; Câmera ;3;Eduardo;Peluzo;76;07/02/2018;Rio de Janeiro;R$ 2.100,00;;;;
HL1918; iPhone ;4;Lucas;Wanderley;68;06/04/2018;Goiânia;R$ 5.300,00;;;;
HL7348; SmartWatch ;4;Michelle;Miura;18;03/09/2018;Goiânia;R$ 1.400,00;;;;
HL8851; Notebook ;5;André;Alves;24;12/31/2018;Rio de Janeiro;R$ 3.500,00;;;;
HL1918; iPhone ;5;Diego;Mello;20;12/03/2018;São Paulo;R$ 5.300,00;;;;
HL4379; Televisão ;3;Kimberly;Sad;48;4/26/2018;São Paulo;R$ 2.500,00;;;;
HL9962; Android ;2;Pedro;Cardoso;36;12/13/2018;Fortaleza;R$ 3.400,00;;;;
HL4379; Televisão ;5;Caio;Fernandes;46;8/13/2018;Belo Horizonte;R$ 2.500,00;;;;
HL1148; Câmera ;1;Jéssica;Netto;51;1/13/2018;Porto Alegre;R$ 2.100,00;;;;
HL1918; iPhone ;4;Carolina;Carneiro;29;06/10/2018;Rio de Janeiro;R$ 5.300,00;;;;
HL2714; Tablet ;5;Letícia;Rodrigues;87;3/31/2018;São Paulo;R$ 1.600,00;;;;
HL9962; Android ;1;Mateus;Polastri;83;09/08/2018;Fortaleza;R$ 3.400,00;;;;
HL8851; Notebook ;2;Luiz;Campista;58;10/26/2018;Rio de Janeiro;R$ 3.500,00;;;;
HL9962; Android ;4;Mônica;Rotolo;48;07/04/2018;Rio de Janeiro;R$ 3.400,00;;;;
HL1918; iPhone ;4;Thales;Gouvêa;62;09/07/2018;São Paulo;R$ 5.300,00;;;;
HL9962; Android ;2;Mariana;Barrozo;56;4/17/2018;Belo Horizonte;R$ 3.400,00;;;;
HL7348; SmartWatch ;4;Matheus;Gomes;26;12/21/2018;São Paulo;R$ 1.400,00;;;;
HL1918; iPhone ;4;Rafaela;Gomes;31;12/11/2018;Curitiba;R$ 5.300,00;;;;
HL4379; Televisão ;2;Gabriela;Mello;26;11/10/2018;Goiânia;R$ 2.500,00;;;;
HL1918; iPhone ;3;Sthefeson;Kohn;65;01/11/2018;São Paulo;R$ 5.300,00;;;;
HL1918; iPhone ;5;Jorge;Carvalho;26;6/16/2018;São Paulo;R$ 5.300,00;;;;
HL1918; iPhone ;1;Gabriel;Almeida;33;6/26/2018;Belo Horizonte;R$ 5.300,00;;;;
HL4379; Televisão ;3;Lucas;Destri;35;01/03/2018;São Paulo;R$ 2.500,00;;;;
HL9962; Android ;1;Isabel;Leite;34;11/10/2018;Goiânia;R$ 3.400,00;;;;
HL1918; iPhone ;1;Mariana;Freire;59;02/08/2018;São Paulo;R$ 5.300,00;;;;
HL1918; iPhone ;5;Isabella;Scalabrin;62;08/12/2018;Rio de Janeiro;R$ 5.300,00;;;;
HL4379; Televisão ;3;Alon;Palmeira;88;2/14/2018;Fortaleza;R$ 2.500,00;;;;
HL1918; iPhone ;3;Beatriz;Li;88;6/17/2018;Salvador;R$ 5.300,00;;;;
HL7348; SmartWatch ;2;Marcelo;Borges;55;09/10/2018;Belo Horizonte;R$ 1.400,00;;;;
HL1918; iPhone ;3;Maria;Costa;51;8/15/2018;Belo Horizonte;R$ 5.300,00;;;;
HL1918; iPhone ;3;João;Monteiro;81;10/04/2018;Goiânia;R$ 5.300,00;;;;
HL1918; iPhone ;1;Lucas;Assunção;38;11/21/2018;São Paulo;R$ 5.300,00;;;;
HL1918; iPhone ;4;Julia;Silva;50;8/19/2018;São Paulo;R$ 5.300,00;;;;
HL8851; Notebook ;2;Marina;Correa;89;01/11/2018;Rio de Janeiro;R$ 3.500,00;;;;
HL4379; Televisão ;3;Bianca;Procaci;45;8/18/2018;Fortaleza;R$ 2.500,00;;;;
HL1918; iPhone ;4;Lais;Candido;69;9/14/2018;São Paulo;R$ 5.300,00;;;;
HL7348; SmartWatch ;3;Ulisses;Quinto;57;08/01/2018;São Paulo;R$ 1.400,00;;;;
HL4379; Televisão ;4;Marcos;Nucci;48;2/24/2018;Salvador;R$ 2.500,00;;;;
HL8851; Notebook ;2;Isabella;Santos;22;10/10/2018;Goiânia;R$ 3.500,00;;;;
HL1918; iPhone ;2;Leandro;Melo;64;12/11/2018;Salvador;R$ 5.300,00;;;;
HL1918; iPhone ;5;Raísa;Berto;69;7/21/2018;Fortaleza;R$ 5.300,00;;;;
HL4379; Televisão ;5;Thales;Santos;34;12/03/2018;Porto Alegre;R$ 2.500,00;;;;
HL1148; Câmera ;2;Miguel;Carneiro;70;10/05/2018;Goiânia;R$ 2.100,00;;;;
HL4379; Televisão ;1;Ruan;Lopes;43;1/19/2018;Salvador;R$ 2.500,00;;;;
HL1148; Câmera ;1;Débora;Lopes;35;4/19/2018;Recife;R$ 2.100,00;;;;
HL9962; Android ;3;Marina;Miranda;84;1/22/2018;Goiânia;R$ 3.400,00;;;;
HL1918; iPhone ;2;Ana;Campos;55;2/28/2018;Rio de Janeiro;R$ 5.300,00;;;;
HL2714; Tablet ;1;Rilson;Dias;88;3/31/2018;Curitiba;R$ 1.600,00;;;;
HL1918; iPhone ;3;Sarah;Souza;76;09/08/2018;Rio de Janeiro;R$ 5.300,00;;;;
HL9962; Android ;1;Wilson;Brandão;69;2/13/2018;Recife;R$ 3.400,00;;;;
HL1148; Câmera ;2;Matheus;Moraes;83;08/10/2018;Rio de Janeiro;R$ 2.100,00;;;;
HL8851; Notebook ;3;Luiz;Limp;84;9/19/2018;Salvador;R$ 3.500,00;;;;
HL4379; Televisão ;4;Carlos;Azevedo;76;10/25/2018;São Paulo;R$ 2.500,00;;;;
HL1918; iPhone ;2;Diego;Mello;88;4/19/2018;São Paulo;R$ 5.300,00;;;;
HL4379; Televisão ;3;Izabel;Miura;63;02/02/2018;Rio de Janeiro;R$ 2.500,00;;;;
HL1918; iPhone ;1;Maria;Mello;59;4/25/2018;Rio de Janeiro;R$ 5.300,00;;;;
HL1918; iPhone ;2;Henrique;Lencastre;63;03/02/2018;São Paulo;R$ 5.300,00;;;;
HL2714; Tablet ;3;Thiago;Nóbrega;87;03/08/2018;São Paulo;R$ 1.600,00;;;;
HL4379; Televisão ;3;Juliana;Goes;29;07/02/2018;São Paulo;R$ 2.500,00;;;;
HL7348; SmartWatch ;3;Gabriel;Silva;33;12/23/2018;Curitiba;R$ 1.400,00;;;;
HL9962; Android ;1;Marcos;Nucci;42;7/17/2018;Belo Horizonte;R$ 3.400,00;;;;
HL1918; iPhone ;2;Rodrigo;Ramos;58;04/10/2018;Salvador;R$ 5.300,00;;;;
HL9962; Android ;5;Marcelo;Pereira;32;10/25/2018;Curitiba;R$ 3.400,00;;;;
HL4379; Televisão ;4;Nicolas;Monteiro;47;01/06/2018;Fortaleza;R$ 2.500,00;;;;
HL7348; SmartWatch ;3;Victor;Gomes;32;09/06/2018;Salvador;R$ 1.400,00;;;;
HL8851; Notebook ;1;Gabriel;Puntel;87;9/19/2018;Fortaleza;R$ 3.500,00;;;;
HL1918; iPhone ;2;Isabella;Montanholi;35;04/05/2018;Goiânia;R$ 5.300,00;;;;
HL1918; iPhone ;4;Bianca;Piero;87;09/11/2018;Fortaleza;R$ 5.300,00;;;;
HL1148; Câmera ;3;Vitor;Arruda;52;4/21/2018;Rio de Janeiro;R$ 2.100,00;;;;
HL8851; Notebook ;3;Raphael;Ferman;20;02/12/2018;Rio de Janeiro;R$ 3.500,00;;;;
HL2714; Tablet ;1;Matheus;Ramos;28;1/13/2018;Rio de Janeiro;R$ 1.600,00;;;;
HL2714; Tablet ;2;Amanda;Machado;41;09/04/2018;Salvador;R$ 1.600,00;;;;
HL2714; Tablet ;1;Thales;Fanara;80;1/14/2018;São Paulo;R$ 1.600,00;;;;
HL9962; Android ;3;Rafaela;Ferreira;87;03/07/2018;Curitiba;R$ 3.400,00;;;;
HL4379; Televisão ;2;Ruan;Gonçalves;69;12/17/2018;São Paulo;R$ 2.500,00;;;;
HL1148; Câmera ;5;Marina;Delgado;60;3/26/2018;São Paulo;R$ 2.100,00;;;;
HL1918; iPhone ;3;Caio;Vianna;72;05/01/2018;Porto Alegre;R$ 5.300,00;;;;
HL4379; Televisão ;4;Thiago;Miura;73;02/09/2018;São Paulo;R$ 2.500,00;;;;
HL4379; Televisão ;3;Camilla;Cardeman;31;4/16/2018;Rio de Janeiro;R$ 2.500,00;;;;
HL1918; iPhone ;4;Gustavo;Junior;60;6/22/2018;São Paulo;R$ 5.300,00;;;;
HL9962; Android ;5;Amanda;Delgado;64;11/30/2018;Porto Alegre;R$ 3.400,00;;;;
HL1918; iPhone ;5;Manuela;Ferreira;20;1/21/2018;Goiânia;R$ 5.300,00;;;;
HL1918; iPhone ;2;Fernanda;Coutinho;51;12/05/2018;Fortaleza;R$ 5.300,00;;;;
HL8851; Notebook ;3;Paula;Calbucci;77;4/28/2018;São Paulo;R$ 3.500,00;;;;
HL2714; Tablet ;5;Ana;Felippe;57;03/04/2018;Goiânia;R$ 1.600,00;;;;
HL1918; iPhone ;3;Anderson;Martins;39;5/29/2018;Curitiba;R$ 5.300,00;;;;
HL2714; Tablet ;3;Philipe;Morete;51;05/09/2018;São Paulo;R$ 1.600,00;;;;
HL7348; SmartWatch ;1;Julia;Penteado;65;05/03/2018;Fortaleza;R$ 1.400,00;;;;
HL1918; iPhone ;2;Maria;Gasperi;28;3/29/2018;Goiânia;R$ 5.300,00;;;;
HL1148; Câmera ;2;Julia;Leig;32;9/21/2018;São Paulo;R$ 2.100,00;;;;
HL1918; iPhone ;3;Cézar;Santos;72;02/10/2018;Goiânia;R$ 5.300,00;;;;
HL1918; iPhone ;2;Mariana;Sousa;66;07/03/2018;Curitiba;R$ 5.300,00;;;;
HL4379; Televisão ;4;Paula;Cavalcanti;66;11/30/2018;Goiânia;R$ 2.500,00;;;;
HL9962; Android ;4;Fabio;Boccaletti;33;7/21/2018;Porto Alegre;R$ 3.400,00;;;;
HL1148; Câmera ;2;Thomáz;Rodriguez;82;8/21/2018;Fortaleza;R$ 2.100,00;;;;
HL1148; Câmera ;2;Mariane;Ferreira;18;7/25/2018;Salvador;R$ 2.100,00;;;;
HL4379; Televisão ;4;Juliana;Guimarães;37;10/06/2018;Belo Horizonte;R$ 2.500,00;;;;
HL1918; iPhone ;5;Priscila;Carvalho;71;10/18/2018;Salvador;R$ 5.300,00;;;;
HL7348; SmartWatch ;1;Matheus;Tostes;44;5/17/2018;São Paulo;R$ 1.400,00;;;;
HL1918; iPhone ;1;Jonas;Gomes;61;9/13/2018;São Paulo;R$ 5.300,00;;;;
HL7348; SmartWatch ;3;João;Peçanha;25;07/07/2018;Rio de Janeiro;R$ 1.400,00;;;;
HL4379; Televisão ;3;Lucas;Machado;66;01/05/2018;Goiânia;R$ 2.500,00;;;;
HL1918; iPhone ;4;Jessica;Ferreira;56;7/13/2018;Belo Horizonte;R$ 5.300,00;;;;
HL9962; Android ;3;Rebeca;Reis;21;9/13/2018;São Paulo;R$ 3.400,00;;;;
HL4379; Televisão ;1;Raul;Junqueira;79;1/20/2018;Goiânia;R$ 2.500,00;;;;
HL1918; iPhone ;1;Iuri;Neto;32;07/04/2018;Belo Horizonte;R$ 5.300,00;;;;
HL1918; iPhone ;3;Eduardo;Silva;64;11/10/2018;Salvador;R$ 5.300,00;;;;
HL4379; Televisão ;3;Larissa;Jesus;87;03/08/2018;Curitiba;R$ 2.500,00;;;;
HL8851; Notebook ;1;Breno;Britto;32;9/14/2018;Belo Horizonte;R$ 3.500,00;;;;
HL1918; iPhone ;1;Wellington;Duarte;48;1/21/2018;Rio de Janeiro;R$ 5.300,00;;;;
HL2714; Tablet ;4;Raphael;Filho;58;11/11/2018;Salvador;R$ 1.600,00;;;;
HL2714; Tablet ;4;Joao;Silva;53;07/01/2018;Porto Alegre;R$ 1.600,00;;;;
HL4379; Televisão ;3;José;Fonseca;69;1/29/2018;Goiânia;R$ 2.500,00;;;;
HL1148; Câmera ;3;Victor;Firmino;18;1/24/2018;Fortaleza;R$ 2.100,00;;;;
HL1918; iPhone ;4;Patrícia;Amaral;47;07/02/2018;Porto Alegre;R$ 5.300,00;;;;
HL1148; Câmera ;1;Ana;Soledade;30;08/01/2018;São Paulo;R$ 2.100,00;;;;
HL1148; Câmera ;1;Luíza;Garcia;33;8/30/2018;Rio de Janeiro;R$ 2.100,00;;;;
HL9962; Android ;1;Joyce;Medina;30;01/01/2018;São Paulo;R$ 3.400,00;;;;
HL9962; Android ;3;Anna;Figueiredo;21;4/13/2018;Fortaleza;R$ 3.400,00;;;;
HL1918; iPhone ;2;Renan;Melo;62;6/23/2018;Curitiba;R$ 5.300,00;;;;
HL2714; Tablet ;3;Luíza;Garcia;18;9/28/2018;Salvador;R$ 1.600,00;;;;
HL9962; Android ;5;Raissa;Sales;80;10/26/2018;Salvador;R$ 3.400,00;;;;
HL4379; Televisão ;2;Henrique;Oliveira;37;8/27/2018;Recife;R$ 2.500,00;;;;
HL1918; iPhone ;1;Marina;Mesquita;40;8/20/2018;Recife;R$ 5.300,00;;;;
HL1918; iPhone ;2;Pedro;Rodrigues;79;7/23/2018;Recife;R$ 5.300,00;;;;
HL1918; iPhone ;5;Giulia;Lopes;30;10/08/2018;Recife;R$ 5.300,00;;;;
HL1918; iPhone ;5;Thomaz;Ferreira;69;02/03/2018;Fortaleza;R$ 5.300,00;;;;
HL9962; Android ;4;Paola;Abreu;80;7/20/2018;Recife;R$ 3.400,00;;;;
HL8851; Notebook ;2;Chan;Santos;87;1/17/2018;Fortaleza;R$ 3.500,00;;;;
HL1918; iPhone ;3;Juliana;Guimarães;37;3/25/2018;Salvador;R$ 5.300,00;;;;
HL2714; Tablet ;4;Nathan;Cunha;51;08/12/2018;Recife;R$ 1.600,00;;;;
HL1918; iPhone ;5;Thiago;Veiga;32;2/18/2018;Rio de Janeiro;R$ 5.300,00;;;;
HL1918; iPhone ;4;Ana;Monte;65;5/19/2018;Porto Alegre;R$ 5.300,00;;;;
HL4379; Televisão ;2;Khaio;Mesquita;46;12/11/2018;São Paulo;R$ 2.500,00;;;;
HL1148; Câmera ;1;Maria;Motta;35;9/20/2018;Belo Horizonte;R$ 2.100,00;;;;
HL1918; iPhone ;4;Giselia;Thiele;58;11/08/2018;São Paulo;R$ 5.300,00;;;;
HL9962; Android ;3;João;Monteiro;21;12/10/2018;São Paulo;R$ 3.400,00;;;;
HL1148; Câmera ;4;Raphael;Rezende;44;5/16/2018;Rio de Janeiro;R$ 2.100,00;;;;
HL1918; iPhone ;1;Renan;Melo;36;09/02/2018;Salvador;R$ 5.300,00;;;;
HL7348; SmartWatch ;2;Juliana;Goes;59;9/18/2018;Rio de Janeiro;R$ 1.400,00;;;;
HL4379; Televisão ;2;Fernanda;Rubim;50;06/02/2018;São Paulo;R$ 2.500,00;;;;
HL1148; Câmera ;4;Juliana;Silva;38;5/26/2018;Salvador;R$ 2.100,00;;;;
HL1918; iPhone ;3;Carlos;Mesquita;73;10/22/2018;Salvador;R$ 5.300,00;;;;
HL8851; Notebook ;5;Larissa;Jesus;55;10/12/2018;Curitiba;R$ 3.500,00;;;;
HL4379; Televisão ;2;Giselia;Thiele;90;3/30/2018;Fortaleza;R$ 2.500,00;;;;
HL1148; Câmera ;1;Larissa;Jesus;48;6/13/2018;Belo Horizonte;R$ 2.100,00;;;;
HL2714; Tablet ;2;Gabriel;Azevedo;47;5/28/2018;Belo Horizonte;R$ 1.600,00;;;;
HL2714; Tablet ;2;Sthefeson;Pereira;52;7/25/2018;Rio de Janeiro;R$ 1.600,00;;;;
HL4379; Televisão ;2;Lucas;Lima;58;11/02/2018;Curitiba;R$ 2.500,00;;;;
HL4379; Televisão ;4;Raísa;Berto;82;2/24/2018;Salvador;R$ 2.500,00;;;;
HL1148; Câmera ;1;Carla;Zakhm;51;9/16/2018;Salvador;R$ 2.100,00;;;;
HL4379; Televisão ;4;Luiza;Cavalcanti;29;1/16/2018;São Paulo;R$ 2.500,00;;;;
HL4379; Televisão ;5;Isabella;Santos;41;9/26/2018;Rio de Janeiro;R$ 2.500,00;;;;
HL4379; Televisão ;5;Paula;Isbelle;44;4/19/2018;São Paulo;R$ 2.500,00;;;;
HL4379; Televisão ;2;Lucas;Fontoura;22;6/30/2018;São Paulo;R$ 2.500,00;;;;
HL1148; Câmera ;3;Gabriella;Sagrillo;21;9/20/2018;São Paulo;R$ 2.100,00;;;;
HL1918; iPhone ;3;Isabela;Chagas;75;11/27/2018;São Paulo;R$ 5.300,00;;;;
HL1148; Câmera ;3;Pedro;Cardoso;48;11/23/2018;Belo Horizonte;R$ 2.100,00;;;;
HL8851; Notebook ;5;Camilla;Vieira;26;1/23/2018;Porto Alegre;R$ 3.500,00;;;;
HL7348; SmartWatch ;2;Caio;Affonso;39;12/04/2018;Salvador;R$ 1.400,00;;;;
HL7348; SmartWatch ;2;Raul;Silveira;19;01/06/2018;Belo Horizonte;R$ 1.400,00;;;;
HL8851; Notebook ;4;Juan;Barbosa;44;3/15/2018;Rio de Janeiro;R$ 3.500,00;;;;
HL4379; Televisão ;2;Patrick;Silva;21;4/28/2018;Rio de Janeiro;R$ 2.500,00;;;;
HL4379; Televisão ;4;Antônio;Oliveira;71;01/10/2018;Rio de Janeiro;R$ 2.500,00;;;;
HL2714; Tablet ;4;Brenno;Santos;69;6/20/2018;Rio de Janeiro;R$ 1.600,00;;;;
HL9962; Android ;1;Larissa;Jesus;49;7/14/2018;São Paulo;R$ 3.400,00;;;;
HL4379; Televisão ;3;Rachel;Restum;54;12/24/2018;Rio de Janeiro;R$ 2.500,00;;;;
HL4379; Televisão ;3;Bruno;Ferreira;27;1/13/2018;São Paulo;R$ 2.500,00;;;;
HL1918; iPhone ;2;Nathan;Morelli;79;12/16/2018;Recife;R$ 5.300,00;;;;
HL4379; Televisão ;3;Glenda;Santos;40;09/03/2018;Curitiba;R$ 2.500,00;;;;
HL1148; Câmera ;5;Eduardo;Silva;28;12/10/2018;Belo Horizonte;R$ 2.100,00;;;;
HL7348; SmartWatch ;1;Rafael;Guimarães;28;12/30/2018;Rio de Janeiro;R$ 1.400,00;;;;
HL4379; Televisão ;4;Amanda;Procaci;65;04/02/2018;Salvador;R$ 2.500,00;;;;
HL9962; Android ;4;João;Costa;76;5/13/2018;São Paulo;R$ 3.400,00;;;;
HL1918; iPhone ;3;Leandro;Rodrigues;23;3/16/2018;Salvador;R$ 5.300,00;;;;
HL1918; iPhone ;1;Matheus;Gomes;84;3/28/2018;São Paulo;R$ 5.300,00;;;;
HL4379; Televisão ;2;Izabel;Miura;40;4/13/2018;Fortaleza;R$ 2.500,00;;;;
HL9962; Android ;3;Lunna;Vannier;36;12/01/2018;Salvador;R$ 3.400,00;;;;
HL8851; Notebook ;4;Mateus;Maia;27;08/03/2018;Fortaleza;R$ 3.500,00;;;;
HL1148; Câmera ;4;Julia;Silva;38;10/29/2018;Porto Alegre;R$ 2.100,00;;;;
HL7348; SmartWatch ;2;Rafaella;Mello;77;5/20/2018;Curitiba;R$ 1.400,00;;;;
HL1918; iPhone ;2;Aline;Andrade;57;02/11/2018;Porto Alegre;R$ 5.300,00;;;;
HL1918; iPhone ;2;Stephanie;Novak;85;3/19/2018;Porto Alegre;R$ 5.300,00;;;;
HL4379; Televisão ;2;Matheus;Santos;59;10/03/2018;Fortaleza;R$ 2.500,00;;;;
HL1918; iPhone ;1;Arthur;Portela;63;8/15/2018;Fortaleza;R$ 5.300,00;;;;
HL8851; Notebook ;3;Rodrigo;Bruno;57;4/19/2018;Salvador;R$ 3.500,00;;;;
HL1918; iPhone ;1;Julie;Ferreira;86;4/13/2018;Porto Alegre;R$ 5.300,00;;;;
HL4379; Televisão ;3;Gabriel;Assis;69;10/21/2018;São Paulo;R$ 2.500,00;;;;
HL1918; iPhone ;1;Luis;Silva;37;04/06/2018;Salvador;R$ 5.300,00;;;;
HL1918; iPhone ;2;Henrique;Oliveira;61;5/21/2018;Belo Horizonte;R$ 5.300,00;;;;
HL9962; Android ;2;Paula;Calbucci;26;05/06/2018;São Paulo;R$ 3.400,00;;;;
HL1918; iPhone ;1;Guilherme;Jordao;19;02/04/2018;Rio de Janeiro;R$ 5.300,00;;;;
HL9962; Android ;5;Bruna;Brandao;41;10/02/2018;São Paulo;R$ 3.400,00;;;;
HL1918; iPhone ;2;Rebeca;Reis;88;10/14/2018;Fortaleza;R$ 5.300,00;;;;
HL7348; SmartWatch ;5;Roberta;Pimenta;53;2/22/2018;Salvador;R$ 1.400,00;;;;
HL9962; Android ;3;Ives;Teixeira;60;11/14/2018;Rio de Janeiro;R$ 3.400,00;;;;
HL1918; iPhone ;5;Cézar;Santos;67;3/19/2018;Goiânia;R$ 5.300,00;;;;
HL2714; Tablet ;4;Maria;Junior;44;12/16/2018;São Paulo;R$ 1.600,00;;;;
HL9962; Android ;4;Carlos;Azevedo;48;10/10/2018;São Paulo;R$ 3.400,00;;;;
HL4379; Televisão ;3;Daniel;Araujo;54;1/21/2018;Rio de Janeiro;R$ 2.500,00;;;;
HL4379; Televisão ;3;Alon;Guedes;72;2/19/2018;São Paulo;R$ 2.500,00;;;;
HL7348; SmartWatch ;3;Hygor;Essaber;66;9/13/2018;Goiânia;R$ 1.400,00;;;;
HL7348; SmartWatch ;4;Pedro;Pereira;54;05/12/2018;São Paulo;R$ 1.400,00;;;;
HL9962; Android ;3;Ana;Gomes;26;6/24/2018;Salvador;R$ 3.400,00;;;;
HL2714; Tablet ;1;Pedro;Conceição;41;08/11/2018;São Paulo;R$ 1.600,00;;;;
HL4379; Televisão ;4;Ana;Leite;38;10/29/2018;Recife;R$ 2.500,00;;;;
HL8851; Notebook ;5;Luis;Silva;65;9/21/2018;Recife;R$ 3.500,00;;;;
HL1148; Câmera ;2;Caroll;Johnson;44;09/08/2018;Curitiba;R$ 2.100,00;;;;
HL1918; iPhone ;4;José;Carvalho;60;2/27/2018;São Paulo;R$ 5.300,00;;;;
HL2714; Tablet ;2;Bianca;Paz;43;8/24/2018;Salvador;R$ 1.600,00;;;;
HL8851; Notebook ;4;Eduardo;Vargas;76;6/13/2018;Rio de Janeiro;R$ 3.500,00;;;;
HL1918; iPhone ;1;Julie;Ferreira;29;02/04/2018;Fortaleza;R$ 5.300,00;;;;
HL1918; iPhone ;3;Julia;Figueiredo;49;4/26/2018;Fortaleza;R$ 5.300,00;;;;
HL2714; Tablet ;3;Chan;Santos;71;6/25/2018;São Paulo;R$ 1.600,00;;;;
HL9962; Android ;1;Thays;Castro;55;11/09/2018;Rio de Janeiro;R$ 3.400,00;;;;
HL1918; iPhone ;4;João;Abraçado;50;4/15/2018;São Paulo;R$ 5.300,00;;;;
HL2714; Tablet ;4;Marina;Miranda;75;01/11/2018;Porto Alegre;R$ 1.600,00;;;;
HL1918; iPhone ;1;Hércules;Moreira;21;10/22/2018;Fortaleza;R$ 5.300,00;;;;
HL9962; Android ;2;Mateus;Franco;53;04/05/2018;Salvador;R$ 3.400,00;;;;
HL9962; Android ;3;Victor;Gomes;23;06/05/2018;Fortaleza;R$ 3.400,00;;;;
HL1918; iPhone ;1;Michelle;Figueiredo;38;10/15/2018;Rio de Janeiro;R$ 5.300,00;;;;
HL1918; iPhone ;5;Marcela;Medeiros;67;1/16/2018;São Paulo;R$ 5.300,00;;;;
HL4379; Televisão ;3;Eduardo;Vargas;78;7/24/2018;São Paulo;R$ 2.500,00;;;;
HL1918; iPhone ;5;Isabel;Mesquita;64;10/19/2018;Salvador;R$ 5.300,00;;;;
HL9962; Android ;4;Lucas;Reis;79;3/26/2018;Salvador;R$ 3.400,00;;;;
HL4379; Televisão ;4;Luiza;Cabral;70;10/16/2018;Rio de Janeiro;R$ 2.500,00;;;;
HL1148; Câmera ;1;Pedro;Oliveira;60;1/17/2018;Curitiba;R$ 2.100,00;;;;
HL1918; iPhone ;5;Luísa;Fonseca;57;4/14/2018;São Paulo;R$ 5.300,00;;;;
HL2714; Tablet ;1;Bianca;Paz;27;9/19/2018;Salvador;R$ 1.600,00;;;;
HL8851; Notebook ;4;Anderson;Barreto;80;04/02/2018;Rio de Janeiro;R$ 3.500,00;;;;
HL1918; iPhone ;1;Hércules;Júnior;54;03/04/2018;Salvador;R$ 5.300,00;;;;
HL7348; SmartWatch ;4;Wellington;Duarte;53;07/12/2018;Rio de Janeiro;R$ 1.400,00;;;;
HL1918; iPhone ;2;Rebeca;Taylor;51;6/23/2018;Salvador;R$ 5.300,00;;;;
HL8851; Notebook ;4;Rodrigo;Silva;31;11/12/2018;Salvador;R$ 3.500,00;;;;
HL8851; Notebook ;2;Thales;Portillo;75;08/01/2018;Salvador;R$ 3.500,00;;;;
HL4379; Televisão ;5;Lucas;Junior;79;09/01/2018;Recife;R$ 2.500,00;;;;
HL1918; iPhone ;4;Juliana;Hollander;72;7/23/2018;São Paulo;R$ 5.300,00;;;;
HL2714; Tablet ;1;David;Vasconcelos;81;4/17/2018;São Paulo;R$ 1.600,00;;;;
HL1148; Câmera ;4;Lucas;Costa;27;10/01/2018;São Paulo;R$ 2.100,00;;;;
HL7348; SmartWatch ;3;Izabel;Miura;29;2/26/2018;Salvador;R$ 1.400,00;;;;
HL7348; SmartWatch ;1;Norman;Jimbo;44;12/25/2018;Goiânia;R$ 1.400,00;;;;
HL1918; iPhone ;2;Amanda;Roberto;26;8/26/2018;São Paulo;R$ 5.300,00;;;;
HL4379; Televisão ;3;Miguel;Carneiro;73;11/03/2018;Fortaleza;R$ 2.500,00;;;;
HL8851; Notebook ;3;Caroline;Aquino;35;09/03/2018;Fortaleza;R$ 3.500,00;;;;
HL7348; SmartWatch ;3;Alessandra;Martins;36;1/28/2018;São Paulo;R$ 1.400,00;;;;
HL7348; SmartWatch ;3;Victor;Soares;60;08/11/2018;Recife;R$ 1.400,00;;;;
HL8851; Notebook ;5;Caio;Moraes;38;3/25/2018;Curitiba;R$ 3.500,00;;;;
HL7348; SmartWatch ;4;Hanna;Fonseca;88;07/02/2018;Rio de Janeiro;R$ 1.400,00;;;;
HL1918; iPhone ;1;João;Tabet;26;6/30/2018;Belo Horizonte;R$ 5.300,00;;;;
HL7348; SmartWatch ;4;Michelle;Miura;83;7/26/2018;Salvador;R$ 1.400,00;;;;
HL1918; iPhone ;2;Guilherme;Vianna;67;3/23/2018;Porto Alegre;R$ 5.300,00;;;;
HL1148; Câmera ;4;Carlos;Galvão;57;12/21/2018;Curitiba;R$ 2.100,00;;;;
HL1918; iPhone ;2;Lívia;Marques;68;11/13/2018;São Paulo;R$ 5.300,00;;;;
HL1918; iPhone ;5;Gabriel;Pereira;73;7/29/2018;Rio de Janeiro;R$ 5.300,00;;;;
HL8851; Notebook ;1;Jônatas;Tanaka;18;9/23/2018;São Paulo;R$ 3.500,00;;;;
HL1918; iPhone ;3;Marcela;Gasperi;84;7/31/2018;São Paulo;R$ 5.300,00;;;;
HL1148; Câmera ;4;Ana;Felippe;85;8/25/2018;Porto Alegre;R$ 2.100,00;;;;
HL1148; Câmera ;2;Bruna;Rosa;68;1/18/2018;Fortaleza;R$ 2.100,00;;;;
HL9962; Android ;3;Ana;Leite;56;10/18/2018;Salvador;R$ 3.400,00;;;;
HL9962; Android ;2;Ana;Soledade;35;09/05/2018;São Paulo;R$ 3.400,00;;;;
HL4379; Televisão ;3;Bruno;Souza;71;12/17/2018;Rio de Janeiro;R$ 2.500,00;;;;
HL7348; SmartWatch ;1;Ruan;Gonçalves;52;11/16/2018;Salvador;R$ 1.400,00;;;;
HL4379; Televisão ;3;Isabella;Rodrigues;41;5/13/2018;Goiânia;R$ 2.500,00;;;;
HL1918; iPhone ;4;Giovana;Vilela;23;06/07/2018;São Paulo;R$ 5.300,00;;;;
HL1918; iPhone ;5;Clarissa;Santos;23;3/17/2018;Recife;R$ 5.300,00;;;;
HL9962; Android ;2;Lucas;Valim;19;12/15/2018;Salvador;R$ 3.400,00;;;;
HL9962; Android ;4;Victor;Oliveira;33;7/19/2018;São Paulo;R$ 3.400,00;;;;
HL8851; Notebook ;3;Jeferson;Costa;79;10/16/2018;Fortaleza;R$ 3.500,00;;;;
HL1918; iPhone ;4;José;Carvalho;50;9/15/2018;Curitiba;R$ 5.300,00;;;;
HL9962; Android ;3;Yasmim;Verly;77;10/07/2018;São Paulo;R$ 3.400,00;;;;
HL1148; Câmera ;1;Ruan;Lopes;67;7/29/2018;Salvador;R$ 2.100,00;;;;
HL1918; iPhone ;4;Lívia;Marques;67;10/02/2018;Rio de Janeiro;R$ 5.300,00;;;;
HL8851; Notebook ;4;Lucas;Destri;31;09/10/2018;Curitiba;R$ 3.500,00;;;;
HL1918; iPhone ;1;Luana;Santos;69;10/24/2018;Belo Horizonte;R$ 5.300,00;;;;
HL1918; iPhone ;2;Anízio;Carvalho;84;9/29/2018;Porto Alegre;R$ 5.300,00;;;;
HL2714; Tablet ;4;Daniel;Felippe;24;12/11/2018;São Paulo;R$ 1.600,00;;;;
HL1918; iPhone ;2;Julia;Teixeira;54;6/16/2018;Rio de Janeiro;R$ 5.300,00;;;;
HL9962; Android ;1;Rafaela;Gomes;64;06/12/2018;Fortaleza;R$ 3.400,00;;;;
HL8851; Notebook ;1;Caio;Moura;49;12/12/2018;Curitiba;R$ 3.500,00;;;;
HL4379; Televisão ;2;Pedro;Pereira;69;09/08/2018;Salvador;R$ 2.500,00;;;;
HL1918; iPhone ;3;Lucas;Freitas;63;4/19/2018;Curitiba;R$ 5.300,00;;;;
HL7348; SmartWatch ;5;Rachel;Silva;21;7/18/2018;Salvador;R$ 1.400,00;;;;
HL4379; Televisão ;1;Raphael;Guedes;54;10/23/2018;Curitiba;R$ 2.500,00;;;;
HL1148; Câmera ;3;Bruno;Silva;26;3/17/2018;Rio de Janeiro;R$ 2.100,00;;;;
HL4379; Televisão ;5;Leonardo;Faria;89;9/22/2018;Salvador;R$ 2.500,00;;;;
HL2714; Tablet ;1;Pedro;Sena;63;02/05/2018;Salvador;R$ 1.600,00;;;;
HL4379; Televisão ;5;Arthur;Fernandes;64;06/09/2018;Goiânia;R$ 2.500,00;;;;
HL4379; Televisão ;2;Juan;Barbosa;24;06/12/2018;Porto Alegre;R$ 2.500,00;;;;
HL2714; Tablet ;5;Elaine;Santos;86;2/27/2018;Rio de Janeiro;R$ 1.600,00;;;;
HL4379; Televisão ;2;Lucas;Freitas;87;09/12/2018;Rio de Janeiro;R$ 2.500,00;;;;
HL1148; Câmera ;1;Luiz;Almeida;69;09/04/2018;São Paulo;R$ 2.100,00;;;;
HL9962; Android ;4;Cláudio;Aragão;88;5/22/2018;São Paulo;R$ 3.400,00;;;;
HL8851; Notebook ;3;Stephanie;Novak;86;05/01/2018;Rio de Janeiro;R$ 3.500,00;;;;
HL4379; Televisão ;1;Lorena;Carvalho;54;09/10/2018;Rio de Janeiro;R$ 2.500,00;;;;
HL2714; Tablet ;1;Fernanda;Junior;48;2/22/2018;Salvador;R$ 1.600,00;;;;
HL2714; Tablet ;5;Bruno;Temporal;39;11/06/2018;São Paulo;R$ 1.600,00;;;;
HL1918; iPhone ;5;Guido;Monteiro;42;5/17/2018;Recife;R$ 5.300,00;;;;
HL1918; iPhone ;3;Viviane;Cunha;56;8/31/2018;São Paulo;R$ 5.300,00;;;;
HL7348; SmartWatch ;2;Mariana;Freire;23;10/15/2018;Fortaleza;R$ 1.400,00;;;;
HL9962; Android ;1;Sthefeson;Barroso;23;01/01/2018;São Paulo;R$ 3.400,00;;;;
HL2714; Tablet ;1;Raul;Silveira;58;02/01/2018;São Paulo;R$ 1.600,00;;;;
HL1148; Câmera ;5;Kim;Ferreira;79;09/11/2018;Salvador;R$ 2.100,00;;;;
HL1148; Câmera ;5;Célio;Xavier;86;4/17/2018;São Paulo;R$ 2.100,00;;;;
HL4379; Televisão ;4;Natália;Appel;31;12/02/2018;São Paulo;R$ 2.500,00;;;;
HL2714; Tablet ;1;Júlio;Fraga;84;01/09/2018;Salvador;R$ 1.600,00;;;;
HL1148; Câmera ;1;Ives;Teixeira;75;02/05/2018;Fortaleza;R$ 2.100,00;;;;
HL9962; Android ;5;Luiza;Cabral;28;03/04/2018;Curitiba;R$ 3.400,00;;;;
HL1918; iPhone ;3;Célio;Xavier;69;09/11/2018;Salvador;R$ 5.300,00;;;;
HL4379; Televisão ;5;Julia;Leig;76;8/31/2018;Porto Alegre;R$ 2.500,00;;;;
HL9962; Android ;1;Raísa;Berto;29;01/09/2018;Recife;R$ 3.400,00;;;;
HL1918; iPhone ;2;Marina;Miranda;30;7/25/2018;Salvador;R$ 5.300,00;;;;
HL1148; Câmera ;3;João;Guadagnino;66;08/08/2018;São Paulo;R$ 2.100,00;;;;
HL9962; Android ;2;Michelle;Miura;43;05/02/2018;Belo Horizonte;R$ 3.400,00;;;;
HL4379; Televisão ;3;Adrielle;Vieira;63;3/30/2018;Recife;R$ 2.500,00;;;;
HL8851; Notebook ;1;Pedro;Pereira;61;11/03/2018;Salvador;R$ 3.500,00;;;;
HL9962; Android ;1;Rodrigo;Silva;36;10/07/2018;Curitiba;R$ 3.400,00;;;;
HL4379; Televisão ;3;Thainá;Binello;59;11/14/2018;Recife;R$ 2.500,00;;;;
HL9962; Android ;4;Manuela;Ferreira;24;4/13/2018;Belo Horizonte;R$ 3.400,00;;;;
HL1918; iPhone ;5;Roberta;Pimenta;80;3/21/2018;Curitiba;R$ 5.300,00;;;;
HL9962; Android ;4;Felipe;Cavalcanti;41;6/27/2018;São Paulo;R$ 3.400,00;;;;
HL4379; Televisão ;2;Roger;Rosa;83;10/12/2018;Belo Horizonte;R$ 2.500,00;;;;
HL1918; iPhone ;1;Daniel;Costa;86;9/13/2018;Porto Alegre;R$ 5.300,00;;;;
HL1918; iPhone ;4;Eric;Carvalho;41;2/13/2018;São Paulo;R$ 5.300,00;;;;
HL9962; Android ;5;Natalia;Marinho;24;11/16/2018;Fortaleza;R$ 3.400,00;;;;
HL1918; iPhone ;2;Lucas;Wanderley;29;03/10/2018;Salvador;R$ 5.300,00;;;;
HL1918; iPhone ;1;Victor;Zakhm;82;8/17/2018;Recife;R$ 5.300,00;;;;
HL1918; iPhone ;1;Breno;Quinto;79;6/19/2018;Rio de Janeiro;R$ 5.300,00;;;;
HL8851; Notebook ;3;Giovanna;Santos;74;10/05/2018;São Paulo;R$ 3.500,00;;;;
HL1918; iPhone ;1;Felipe;Freitas;79;12/27/2018;Salvador;R$ 5.300,00;;;;
HL2714; Tablet ;3;Ruan;Gonçalves;29;1/13/2018;Rio de Janeiro;R$ 1.600,00;;;;
HL9962; Android ;1;Gabriel;Garcia;45;12/28/2018;Recife;R$ 3.400,00;;;;
HL8851; Notebook ;2;Pedro;Sena;81;04/11/2018;São Paulo;R$ 3.500,00;;;;
HL1918; iPhone ;4;Carolina;Alfradique;28;9/16/2018;Porto Alegre;R$ 5.300,00;;;;
HL9962; Android ;1;Wendela;Veloso;26;12/31/2018;Rio de Janeiro;R$ 3.400,00;;;;
HL9962; Android ;5;Bárbara;Lima;34;2/17/2018;São Paulo;R$ 3.400,00;;;;
HL7348; SmartWatch ;3;Dykson;Silva;58;8/24/2018;São Paulo;R$ 1.400,00;;;;
HL4379; Televisão ;3;Rojane;Lima;23;09/05/2018;Salvador;R$ 2.500,00;;;;
HL1918; iPhone ;1;Rafael;Ramos;45;12/25/2018;São Paulo;R$ 5.300,00;;;;
HL4379; Televisão ;2;Vivianne;Rodrigues;38;12/16/2018;Rio de Janeiro;R$ 2.500,00;;;;
HL9962; Android ;3;Vanessa;Neves;65;3/21/2018;Goiânia;R$ 3.400,00;;;;
HL4379; Televisão ;3;Ana;Leite;81;01/06/2018;Fortaleza;R$ 2.500,00;;;;
HL1918; iPhone ;3;Juliana;Guimarães;45;9/30/2018;São Paulo;R$ 5.300,00;;;;
HL4379; Televisão ;4;Bruno;Barcessat;67;11/27/2018;Porto Alegre;R$ 2.500,00;;;;
HL4379; Televisão ;1;Beatriz;Li;41;2/13/2018;Porto Alegre;R$ 2.500,00;;;;
HL8851; Notebook ;5;Milena;Alcoforado;79;04/07/2018;Recife;R$ 3.500,00;;;;
HL9962; Android ;5;Marina;Cormack;70;6/27/2018;Fortaleza;R$ 3.400,00;;;;
HL7348; SmartWatch ;3;Michelle;Miura;37;12/13/2018;Rio de Janeiro;R$ 1.400,00;;;;
HL1918; iPhone ;4;Caroline;Cavalcanti;25;5/14/2018;Belo Horizonte;R$ 5.300,00;;;;
HL2714; Tablet ;4;Arthur;Pereira;25;7/26/2018;Recife;R$ 1.600,00;;;;
HL1918; iPhone ;3;Gabriel;Almeida;64;5/18/2018;São Paulo;R$ 5.300,00;;;;
HL1918; iPhone ;4;Eduardo;Nunes;78;4/26/2018;Salvador;R$ 5.300,00;;;;
HL1918; iPhone ;1;Felipe;Jorge;88;01/04/2018;Rio de Janeiro;R$ 5.300,00;;;;
HL8851; Notebook ;1;Andressa;Rotsztejn;55;9/15/2018;Salvador;R$ 3.500,00;;;;
HL7348; SmartWatch ;2;Lázaro;Nascimento;18;02/11/2018;São Paulo;R$ 1.400,00;;;;
HL1918; iPhone ;5;Maria;Correa;73;08/11/2018;Fortaleza;R$ 5.300,00;;;;
HL1918; iPhone ;1;Sthefeson;Barroso;28;08/12/2018;Curitiba;R$ 5.300,00;;;;
HL1918; iPhone ;2;Sandy;Ribeiro;45;6/17/2018;Salvador;R$ 5.300,00;;;;
HL9962; Android ;2;Eduardo;Peluzo;83;3/29/2018;São Paulo;R$ 3.400,00;;;;
HL8851; Notebook ;3;Rafael;Wajnsztok;87;07/03/2018;Salvador;R$ 3.500,00;;;;
HL4379; Televisão ;4;Danilo;Mendonça;19;02/03/2018;Curitiba;R$ 2.500,00;;;;
HL4379; Televisão ;3;Carolina;Alfradique;90;01/10/2018;Curitiba;R$ 2.500,00;;;;
HL7348; SmartWatch ;3;Victor;Zakhm;56;11/13/2018;Curitiba;R$ 1.400,00;;;;
HL4379; Televisão ;5;Carolina;Silva;76;10/20/2018;São Paulo;R$ 2.500,00;;;;
HL1148; Câmera ;3;Juliana;Silva;44;10/04/2018;São Paulo;R$ 2.100,00;;;;
HL4379; Televisão ;5;Maria;Mello;60;03/03/2018;São Paulo;R$ 2.500,00;;;;
HL7348; SmartWatch ;5;Mariane;Ferreira;67;8/22/2018;Belo Horizonte;R$ 1.400,00;;;;
HL4379; Televisão ;4;Lucas;Valim;85;03/02/2018;Rio de Janeiro;R$ 2.500,00;;;;
HL4379; Televisão ;5;Guilherme;Barbosa;43;8/22/2018;Salvador;R$ 2.500,00;;;;
HL4379; Televisão ;5;Thales;Fanara;35;9/18/2018;Belo Horizonte;R$ 2.500,00;;;;
HL1148; Câmera ;1;Marcela;Medeiros;20;04/09/2018;São Paulo;R$ 2.100,00;;;;
HL4379; Televisão ;4;Renan;Melo;60;12/27/2018;Salvador;R$ 2.500,00;;;;
HL7348; SmartWatch ;2;Joyce;Souza;48;9/30/2018;Fortaleza;R$ 1.400,00;;;;
HL8851; Notebook ;2;Sarah;Souza;56;1/21/2018;Curitiba;R$ 3.500,00;;;;
HL8851; Notebook ;4;Marcos;Nucci;76;01/03/2018;Recife;R$ 3.500,00;;;;
HL9962; Android ;3;Jessica;Ferreira;26;11/12/2018;Belo Horizonte;R$ 3.400,00;;;;
HL4379; Televisão ;2;Adriane;Gomes;57;1/13/2018;São Paulo;R$ 2.500,00;;;;
HL1918; iPhone ;2;Livia;Corrêa;55;7/19/2018;São Paulo;R$ 5.300,00;;;;
HL1918; iPhone ;2;Nathan;Cunha;52;3/14/2018;São Paulo;R$ 5.300,00;;;;
HL1918; iPhone ;3;Cícero;Lima;77;9/22/2018;Goiânia;R$ 5.300,00;;;;
HL8851; Notebook ;5;Raíssa;Nimer;42;3/31/2018;São Paulo;R$ 3.500,00;;;;
HL1918; iPhone ;3;José;Seixas;76;3/29/2018;São Paulo;R$ 5.300,00;;;;
HL1918; iPhone ;4;Paola;Abreu;49;05/06/2018;Salvador;R$ 5.300,00;;;;
HL7348; SmartWatch ;2;Allan;Candido;62;5/20/2018;Belo Horizonte;R$ 1.400,00;;;;
HL7348; SmartWatch ;1;Joao;Pereira;65;08/05/2018;Rio de Janeiro;R$ 1.400,00;;;;
HL4379; Televisão ;3;Luíza;Garcia;48;3/15/2018;Goiânia;R$ 2.500,00;;;;
HL2714; Tablet ;5;Wilson;Brandão;20;04/04/2018;Porto Alegre;R$ 1.600,00;;;;
HL4379; Televisão ;3;Allan;Guedes;87;5/13/2018;Rio de Janeiro;R$ 2.500,00;;;;
HL8851; Notebook ;2;Rebeca;Manhães;58;4/23/2018;Goiânia;R$ 3.500,00;;;;
HL7348; SmartWatch ;1;Guilherme;Assis;78;11/17/2018;Salvador;R$ 1.400,00;;;;
HL2714; Tablet ;5;Jéssica;Resinente;19;1/13/2018;Rio de Janeiro;R$ 1.600,00;;;;
HL8851; Notebook ;3;Carlos;Assis;75;08/05/2018;Curitiba;R$ 3.500,00;;;;
HL2714; Tablet ;3;Livia;Codeceira;83;1/30/2018;Salvador;R$ 1.600,00;;;;
HL7348; SmartWatch ;3;Vitor;Arruda;58;1/31/2018;São Paulo;R$ 1.400,00;;;;
HL8851; Notebook ;1;Eduardo;Lopes;47;09/08/2018;São Paulo;R$ 3.500,00;;;;
HL4379; Televisão ;3;Beatriz;Santos;75;08/09/2018;Salvador;R$ 2.500,00;;;;
HL4379; Televisão ;3;Jonatas;Essaber;44;10/03/2018;Recife;R$ 2.500,00;;;;
HL7348; SmartWatch ;3;Letícia;Rodrigues;78;10/20/2018;Rio de Janeiro;R$ 1.400,00;;;;
HL8851; Notebook ;2;Diogo;Ressurreição;22;12/25/2018;Fortaleza;R$ 3.500,00;;;;
HL8851; Notebook ;3;Thales;Santos;33;12/26/2018;Fortaleza;R$ 3.500,00;;;;
HL9962; Android ;4;Natalia;Guedes;88;9/27/2018;Porto Alegre;R$ 3.400,00;;;;
HL4379; Televisão ;2;Lucas;Rocha;87;3/20/2018;Rio de Janeiro;R$ 2.500,00;;;;
HL9962; Android ;5;Carlos;Melo;34;04/08/2018;Goiânia;R$ 3.400,00;;;;
HL4379; Televisão ;1;Guilherme;Merotto;42;7/30/2018;Rio de Janeiro;R$ 2.500,00;;;;
HL4379; Televisão ;4;Rebeca;Taylor;70;1/14/2018;Rio de Janeiro;R$ 2.500,00;;;;
HL1918; iPhone ;5;Rafaela;Rodrigues;46;05/01/2018;Goiânia;R$ 5.300,00;;;;
HL1918; iPhone ;2;Andreza;Ramos;73;6/23/2018;São Paulo;R$ 5.300,00;;;;
HL1918; iPhone ;1;Camille;Silva;19;2/15/2018;Rio de Janeiro;R$ 5.300,00;;;;
HL8851; Notebook ;1;Carolina;Siqueira;76;2/16/2018;Fortaleza;R$ 3.500,00;;;;
HL2714; Tablet ;4;João;Castilho;54;12/29/2018;São Paulo;R$ 1.600,00;;;;
HL2714; Tablet ;3;Caio;Ferreira;38;11/04/2018;São Paulo;R$ 1.600,00;;;;
HL1918; iPhone ;1;Arthur;Pereira;70;03/02/2018;Porto Alegre;R$ 5.300,00;;;;
HL1918; iPhone ;4;Sthefeson;Barroso;36;10/18/2018;São Paulo;R$ 5.300,00;;;;
HL2714; Tablet ;2;Breno;Varella;90;8/30/2018;Fortaleza;R$ 1.600,00;;;;
HL4379; Televisão ;4;Wilson;Farias;18;12/11/2018;Salvador;R$ 2.500,00;;;;
HL1918; iPhone ;2;Guilherme;Lima;42;11/15/2018;Goiânia;R$ 5.300,00;;;;
HL1148; Câmera ;5;Adrielle;Forte;42;07/03/2018;Fortaleza;R$ 2.100,00;;;;
HL1918; iPhone ;5;Rafael;Guimarães;72;12/21/2018;Fortaleza;R$ 5.300,00;;;;
HL1918; iPhone ;2;Daniel;Nauenberg;24;2/21/2018;Goiânia;R$ 5.300,00;;;;
HL4379; Televisão ;4;Lucas;Junior;56;12/07/2018;Salvador;R$ 2.500,00;;;;
HL7348; SmartWatch ;1;Alvaro;Kranz;34;11/14/2018;São Paulo;R$ 1.400,00;;;;
HL9962; Android ;3;Paola;Abreu;88;7/26/2018;São Paulo;R$ 3.400,00;;;;
HL1918; iPhone ;3;Cézar;Santos;21;12/04/2018;Porto Alegre;R$ 5.300,00;;;;
HL9962; Android ;5;Rodrigo;Bruno;48;12/04/2018;Belo Horizonte;R$ 3.400,00;;;;
HL2714; Tablet ;2;Thales;Portillo;59;04/12/2018;São Paulo;R$ 1.600,00;;;;
HL4379; Televisão ;5;Luiz;Almeida;24;8/18/2018;Porto Alegre;R$ 2.500,00;;;;
HL4379; Televisão ;4;Maria;Junior;43;1/21/2018;Belo Horizonte;R$ 2.500,00;;;;
HL9962; Android ;1;Lucas;Chagas;49;11/11/2018;Rio de Janeiro;R$ 3.400,00;;;;
HL9962; Android ;4;Alon;Guedes;64;9/14/2018;Porto Alegre;R$ 3.400,00;;;;
HL1918; iPhone ;2;Eduardo;Quindeler;53;9/27/2018;Rio de Janeiro;R$ 5.300,00;;;;
HL1918; iPhone ;3;João;Castilho;65;11/30/2018;Goiânia;R$ 5.300,00;;;;
HL1918; iPhone ;1;Pedro;Dalforne;76;08/07/2018;Belo Horizonte;R$ 5.300,00;;;;
HL1148; Câmera ;4;Elaine;Santos;51;11/09/2018;Rio de Janeiro;R$ 2.100,00;;;;
HL1918; iPhone ;5;Sandy;Figueiredo;63;3/24/2018;Fortaleza;R$ 5.300,00;;;;
HL1148; Câmera ;1;Ana;Almeida;61;6/25/2018;Fortaleza;R$ 2.100,00;;;;
HL8851; Notebook ;2;Juliana;Hollander;90;7/31/2018;Fortaleza;R$ 3.500,00;;;;
HL1918; iPhone ;4;Beatriz;Rodrigues;85;5/18/2018;São Paulo;R$ 5.300,00;;;;
HL4379; Televisão ;1;Carolina;Carneiro;70;5/29/2018;São Paulo;R$ 2.500,00;;;;
HL8851; Notebook ;1;Lucas;Neto;79;06/12/2018;Fortaleza;R$ 3.500,00;;;;
HL4379; Televisão ;5;Rogério;Gentile;63;10/21/2018;Fortaleza;R$ 2.500,00;;;;
HL4379; Televisão ;1;Letícia;Rodrigues;77;09/12/2018;Goiânia;R$ 2.500,00;;;;
HL4379; Televisão ;5;Alex;Fernandes;33;11/04/2018;São Paulo;R$ 2.500,00;;;;
HL8851; Notebook ;3;Carolina;Bernardes;67;5/18/2018;Rio de Janeiro;R$ 3.500,00;;;;
HL4379; Televisão ;1;Thaís;Moura;20;11/07/2018;Porto Alegre;R$ 2.500,00;;;;
HL4379; Televisão ;4;Thaís;Pereira;53;2/21/2018;Rio de Janeiro;R$ 2.500,00;;;;
HL1918; iPhone ;1;Bruno;Souza;54;12/22/2018;Fortaleza;R$ 5.300,00;;;;
HL1918; iPhone ;1;Gabriel;Rocha;75;5/29/2018;Belo Horizonte;R$ 5.300,00;;;;
HL7348; SmartWatch ;5;Adriana;Carneiro;62;3/14/2018;Porto Alegre;R$ 1.400,00;;;;
HL1148; Câmera ;3;Caio;Affonso;31;4/18/2018;São Paulo;R$ 2.100,00;;;;
HL2714; Tablet ;3;João;Júnior;89;10/01/2018;São Paulo;R$ 1.600,00;;;;
HL1918; iPhone ;5;Bernardo;Nauenberg;57;02/10/2018;Salvador;R$ 5.300,00;;;;
HL9962; Android ;4;Jackson;Derossi;49;11/02/2018;Recife;R$ 3.400,00;;;;
HL2714; Tablet ;5;Wellington;Duarte;31;11/15/2018;Salvador;R$ 1.600,00;;;;
HL4379; Televisão ;3;Gustavo;Erthal;67;04/05/2018;Rio de Janeiro;R$ 2.500,00;;;;
HL2714; Tablet ;3;Luiz;Almeida;59;05/02/2018;São Paulo;R$ 1.600,00;;;;
HL2714; Tablet ;2;Leonardo;Faria;45;12/03/2018;Goiânia;R$ 1.600,00;;;;
HL8851; Notebook ;2;Ylana;Teraoka;69;06/04/2018;São Paulo;R$ 3.500,00;;;;
HL1918; iPhone ;2;Marcelo;Magalhães;27;12/14/2018;Rio de Janeiro;R$ 5.300,00;;;;
HL9962; Android ;1;Raísa;Rodrigues;76;1/22/2018;Recife;R$ 3.400,00;;;;
HL9962; Android ;1;Eduardo;Vargas;75;7/29/2018;Curitiba;R$ 3.400,00;;;;
HL4379; Televisão ;3;Andressa;Nóbrega;18;10/23/2018;Salvador;R$ 2.500,00;;;;
HL4379; Televisão ;3;Adrielle;Vieira;58;5/13/2018;Recife;R$ 2.500,00;;;;
HL4379; Televisão ;5;Victor;Firmino;71;2/27/2018;São Paulo;R$ 2.500,00;;;;
HL4379; Televisão ;1;Marianna;Pestana;67;05/07/2018;Fortaleza;R$ 2.500,00;;;;
HL7348; SmartWatch ;3;Gabriel;Thoni;73;2/24/2018;Curitiba;R$ 1.400,00;;;;
HL2714; Tablet ;4;Katharina;Barros;88;03/04/2018;Goiânia;R$ 1.600,00;;;;
HL4379; Televisão ;2;Ramon;Araujo;29;08/11/2018;Fortaleza;R$ 2.500,00;;;;
HL4379; Televisão ;1;Renan;Nucci;60;3/29/2018;São Paulo;R$ 2.500,00;;;;
HL4379; Televisão ;1;Caroll;Johnson;86;10/12/2018;Porto Alegre;R$ 2.500,00;;;;
HL2714; Tablet ;4;Antonio;Manhães;64;07/10/2018;Goiânia;R$ 1.600,00;;;;
HL8851; Notebook ;1;Cícero;Lima;86;4/13/2018;Belo Horizonte;R$ 3.500,00;;;;
HL1918; iPhone ;5;Thais;Rodrigues;43;02/03/2018;Goiânia;R$ 5.300,00;;;;
HL8851; Notebook ;5;Alexandre;Dantas;83;06/07/2018;Curitiba;R$ 3.500,00;;;;
HL1148; Câmera ;1;Hygor;Essaber;48;1/26/2018;Curitiba;R$ 2.100,00;;;;
HL4379; Televisão ;5;Joyce;Souza;40;4/23/2018;Fortaleza;R$ 2.500,00;;;;
HL1918; iPhone ;2;Wilson;Meirelles;32;9/21/2018;Fortaleza;R$ 5.300,00;;;;
HL1918; iPhone ;2;Marina;Perdomo;22;05/03/2018;Salvador;R$ 5.300,00;;;;
HL1918; iPhone ;1;Isabela;Rodrigues;39;11/04/2018;Rio de Janeiro;R$ 5.300,00;;;;
HL1148; Câmera ;4;Victoria;Mazza;68;2/13/2018;São Paulo;R$ 2.100,00;;;;
HL4379; Televisão ;1;Adriane;Gomes;90;6/30/2018;Goiânia;R$ 2.500,00;;;;
HL9962; Android ;5;Pedro;Oliveira;34;03/12/2018;Salvador;R$ 3.400,00;;;;
HL1918; iPhone ;2;Renan;Ventura;55;8/23/2018;Salvador;R$ 5.300,00;;;;
HL1148; Câmera ;3;Catarina;Teixeira;75;8/20/2018;Salvador;R$ 2.100,00;;;;
HL9962; Android ;2;Henrique;Silva;27;9/15/2018;São Paulo;R$ 3.400,00;;;;
HL1918; iPhone ;5;Anderson;Barreto;36;6/22/2018;Fortaleza;R$ 5.300,00;;;;
HL4379; Televisão ;5;Rafael;Wajnsztok;67;5/20/2018;Goiânia;R$ 2.500,00;;;;
HL9962; Android ;3;Clarissa;Santos;87;08/02/2018;Rio de Janeiro;R$ 3.400,00;;;;
HL1148; Câmera ;2;Victoria;Tavares;34;9/27/2018;Belo Horizonte;R$ 2.100,00;;;;
HL1918; iPhone ;4;Luis;Oliveira;78;04/11/2018;São Paulo;R$ 5.300,00;;;;
HL1918; iPhone ;5;José;Vieira;40;04/03/2018;Rio de Janeiro;R$ 5.300,00;;;;
HL2714; Tablet ;2;Manuela;Merege;89;6/29/2018;São Paulo;R$ 1.600,00;;;;
HL4379; Televisão ;1;Matheus;Moraes;31;02/07/2018;Belo Horizonte;R$ 2.500,00;;;;
HL8851; Notebook ;1;Bruna;Gomes;70;3/16/2018;Rio de Janeiro;R$ 3.500,00;;;;
HL1918; iPhone ;2;Guilherme;Monteiro;61;2/19/2018;Fortaleza;R$ 5.300,00;;;;
HL9962; Android ;1;Lucas;Valim;22;4/21/2018;Salvador;R$ 3.400,00;;;;
HL2714; Tablet ;1;Lorena;Carvalho;72;09/06/2018;Rio de Janeiro;R$ 1.600,00;;;;
HL1918; iPhone ;4;Lucas;Costa;71;01/05/2018;Fortaleza;R$ 5.300,00;;;;
HL7348; SmartWatch ;2;Lucas;Machado;59;7/30/2018;Curitiba;R$ 1.400,00;;;;
HL1918; iPhone ;1;Mariana;Miranda;78;08/04/2018;Rio de Janeiro;R$ 5.300,00;;;;
HL4379; Televisão ;3;Isabelle;Firmino;81;03/03/2018;Salvador;R$ 2.500,00;;;;
HL8851; Notebook ;4;Camilla;Cardeman;38;3/28/2018;Goiânia;R$ 3.500,00;;;;
HL9962; Android ;4;João;Bach;44;8/18/2018;Rio de Janeiro;R$ 3.400,00;;;;
HL4379; Televisão ;5;Rogério;Gentile;33;07/05/2018;Rio de Janeiro;R$ 2.500,00;;;;
HL9962; Android ;2;Jéssica;Netto;82;5/17/2018;São Paulo;R$ 3.400,00;;;;
HL1148; Câmera ;4;Matheus;Gomes;86;11/17/2018;Porto Alegre;R$ 2.100,00;;;;
HL2714; Tablet ;3;Ana;Felippe;58;10/06/2018;São Paulo;R$ 1.600,00;;;;
HL9962; Android ;2;Eduardo;Quindeler;21;7/21/2018;São Paulo;R$ 3.400,00;;;;
HL4379; Televisão ;3;Beatriz;Cavalcanti;68;02/03/2018;Salvador;R$ 2.500,00;;;;
HL4379; Televisão ;5;Myllena;Corrêa;83;8/18/2018;Recife;R$ 2.500,00;;;;
HL4379; Televisão ;4;Leonardo;Ferreira;45;8/29/2018;Goiânia;R$ 2.500,00;;;;
HL1148; Câmera ;5;Sarah;Souza;85;09/11/2018;São Paulo;R$ 2.100,00;;;;
HL7348; SmartWatch ;5;Vitor;Campos;90;1/20/2018;Rio de Janeiro;R$ 1.400,00;;;;
HL4379; Televisão ;3;Diego;Rodrigues;81;08/09/2018;Curitiba;R$ 2.500,00;;;;
HL1918; iPhone ;3;Gabrielle;Viríssimo;43;11/02/2018;Recife;R$ 5.300,00;;;;
HL1918; iPhone ;3;Luiz;Mendonça;44;06/05/2018;Salvador;R$ 5.300,00;;;;
HL7348; SmartWatch ;5;Luiz;Campista;42;1/21/2018;São Paulo;R$ 1.400,00;;;;
HL1918; iPhone ;5;Renan;Freire;25;11/06/2018;Fortaleza;R$ 5.300,00;;;;
HL1148; Câmera ;2;Paola;Abreu;53;05/08/2018;Fortaleza;R$ 2.100,00;;;;
HL1148; Câmera ;3;Rafael;Rocha;31;03/02/2018;Rio de Janeiro;R$ 2.100,00;;;;
HL4379; Televisão ;5;Jessica;Cordovil;25;12/07/2018;Curitiba;R$ 2.500,00;;;;
HL1918; iPhone ;2;Marina;Marins;26;9/27/2018;Goiânia;R$ 5.300,00;;;;
HL1918; iPhone ;2;Ravena;Bhering;80;07/08/2018;Salvador;R$ 5.300,00;;;;
HL1918; iPhone ;5;Marina;Mesquita;63;04/06/2018;Rio de Janeiro;R$ 5.300,00;;;;
HL1918; iPhone ;4;Caio;Fernandes;39;12/02/2018;Curitiba;R$ 5.300,00;;;;
HL8851; Notebook ;3;Bruna;Franco;80;05/12/2018;Fortaleza;R$ 3.500,00;;;;
HL9962; Android ;2;Breno;Quinto;44;5/22/2018;Rio de Janeiro;R$ 3.400,00;;;;
HL9962; Android ;2;Bianca;Allevato;74;8/25/2018;Goiânia;R$ 3.400,00;;;;
HL9962; Android ;2;João;Capitulo;87;6/21/2018;Curitiba;R$ 3.400,00;;;;
HL1918; iPhone ;5;Gustavo;Guimarães;66;09/09/2018;Fortaleza;R$ 5.300,00;;;;
HL1148; Câmera ;3;Antônio;Oliveira;60;4/14/2018;São Paulo;R$ 2.100,00;;;;
HL2714; Tablet ;3;Julia;Figueiredo;82;03/10/2018;Goiânia;R$ 1.600,00;;;;
HL2714; Tablet ;2;Livia;Corrêa;64;12/04/2018;São Paulo;R$ 1.600,00;;;;
HL1148; Câmera ;2;Raissa;Maia;64;6/14/2018;Salvador;R$ 2.100,00;;;;
HL9962; Android ;2;Eric;Neves;81;03/09/2018;Belo Horizonte;R$ 3.400,00;;;;
HL4379; Televisão ;1;Bárbara;Lima;90;05/09/2018;Porto Alegre;R$ 2.500,00;;;;
HL4379; Televisão ;5;Eric;Carvalho;82;3/21/2018;Salvador;R$ 2.500,00;;;;
HL4379; Televisão ;3;Carolina;Bernardes;65;2/18/2018;Salvador;R$ 2.500,00;;;;
HL1918; iPhone ;5;Jeferson;Sone;66;11/26/2018;Recife;R$ 5.300,00;;;;
HL8851; Notebook ;5;Luis;Oliveira;78;5/14/2018;Rio de Janeiro;R$ 3.500,00;;;;
HL8851; Notebook ;4;Mariana;Sousa;76;12/01/2018;São Paulo;R$ 3.500,00;;;;
HL2714; Tablet ;2;Isabela;Resende;21;2/16/2018;Curitiba;R$ 1.600,00;;;;
HL8851; Notebook ;5;Julia;Figueiredo;24;8/17/2018;Rio de Janeiro;R$ 3.500,00;;;;
HL1918; iPhone ;2;José;Vieira;77;2/26/2018;São Paulo;R$ 5.300,00;;;;
HL9962; Android ;1;Marcelo;Borges;86;6/21/2018;Fortaleza;R$ 3.400,00;;;;
HL7348; SmartWatch ;3;Ananda;Dias;55;11/14/2018;São Paulo;R$ 1.400,00;;;;
HL1918; iPhone ;1;Renan;Nascimento;27;3/22/2018;São Paulo;R$ 5.300,00;;;;
HL2714; Tablet ;4;Victor;Franco;39;11/04/2018;Rio de Janeiro;R$ 1.600,00;;;;
HL9962; Android ;4;Ylana;Teraoka;70;07/08/2018;São Paulo;R$ 3.400,00;;;;
HL1148; Câmera ;1;Samara;Pinto;32;3/24/2018;Fortaleza;R$ 2.100,00;;;;
HL8851; Notebook ;4;Paula;Calbucci;79;10/14/2018;São Paulo;R$ 3.500,00;;;;
HL4379; Televisão ;4;Julia;Penteado;86;6/20/2018;Fortaleza;R$ 2.500,00;;;;
HL1918; iPhone ;2;Lucas;Almeida;58;12/12/2018;Salvador;R$ 5.300,00;;;;
HL1918; iPhone ;3;Carolina;Abrahão;21;10/25/2018;Curitiba;R$ 5.300,00;;;;
HL8851; Notebook ;2;Gabriela;Mello;41;03/08/2018;São Paulo;R$ 3.500,00;;;;
HL1918; iPhone ;5;Alex;Fernandes;24;2/17/2018;São Paulo;R$ 5.300,00;;;;
HL4379; Televisão ;3;João;Fonseca;51;10/01/2018;Salvador;R$ 2.500,00;;;;
HL4379; Televisão ;5;João;Araujo;47;3/17/2018;Belo Horizonte;R$ 2.500,00;;;;
HL2714; Tablet ;4;Pedro;Ronfini;20;3/24/2018;Recife;R$ 1.600,00;;;;
HL4379; Televisão ;3;Carolina;Silva;21;09/11/2018;São Paulo;R$ 2.500,00;;;;
HL1148; Câmera ;5;Luiz;Almeida;79;11/30/2018;Salvador;R$ 2.100,00;;;;
HL1918; iPhone ;2;Hércules;Júnior;34;1/20/2018;Rio de Janeiro;R$ 5.300,00;;;;
HL8851; Notebook ;3;Felipe;Mendonça;33;09/08/2018;São Paulo;R$ 3.500,00;;;;
HL1918; iPhone ;1;Debora;Silva;73;12/09/2018;Belo Horizonte;R$ 5.300,00;;;;
HL1918; iPhone ;1;Rodrigo;Mendes;86;01/07/2018;Fortaleza;R$ 5.300,00;;;;
HL1918; iPhone ;5;Wilson;Miranda;36;5/31/2018;Recife;R$ 5.300,00;;;;
HL1918; iPhone ;3;Fernanda;Silva;74;5/13/2018;Fortaleza;R$ 5.300,00;;;;
HL4379; Televisão ;4;Daniel;Felippe;69;07/08/2018;Recife;R$ 2.500,00;;;;
HL4379; Televisão ;1;Rogério;Gentile;58;09/07/2018;Fortaleza;R$ 2.500,00;;;;
HL4379; Televisão ;5;Priscila;Garcia;60;02/07/2018;Salvador;R$ 2.500,00;;;;
HL8851; Notebook ;1;Yasser;Calbucci;45;07/04/2018;Rio de Janeiro;R$ 3.500,00;;;;
HL1148; Câmera ;1;Ana;Silva;29;8/26/2018;Fortaleza;R$ 2.100,00;;;;
HL1918; iPhone ;2;Rebeca;Reis;64;9/28/2018;Fortaleza;R$ 5.300,00;;;;
HL7348; SmartWatch ;4;Rachel;Restum;25;12/24/2018;Porto Alegre;R$ 1.400,00;;;;
HL9962; Android ;5;Bernardo;Ribeiro;61;02/09/2018;Fortaleza;R$ 3.400,00;;;;
HL1918; iPhone ;4;Juliana;Souza;80;09/02/2018;Goiânia;R$ 5.300,00;;;;
HL9962; Android ;4;Ana;Campos;90;11/15/2018;São Paulo;R$ 3.400,00;;;;
HL8851; Notebook ;5;João;Luz;72;5/20/2018;Salvador;R$ 3.500,00;;;;
HL1148; Câmera ;2;Alon;Pestana;57;12/01/2018;Porto Alegre;R$ 2.100,00;;;;
HL1918; iPhone ;4;Monique;Vasconcelos;48;4/15/2018;Fortaleza;R$ 5.300,00;;;;
HL2714; Tablet ;5;Carlos;Barbosa;35;5/21/2018;Salvador;R$ 1.600,00;;;;
HL2714; Tablet ;3;Luiz;Xavier;36;11/18/2018;Rio de Janeiro;R$ 1.600,00;;;;
HL8851; Notebook ;2;Matheus;Miranda;58;5/16/2018;Recife;R$ 3.500,00;;;;
HL4379; Televisão ;5;Fernanda;Junior;60;01/05/2018;Recife;R$ 2.500,00;;;;
HL4379; Televisão ;3;Gabriel;Azevedo;62;05/01/2018;Curitiba;R$ 2.500,00;;;;
HL1918; iPhone ;2;Caio;Cardoso;86;10/03/2018;Curitiba;R$ 5.300,00;;;;
HL4379; Televisão ;4;Renan;Cunha;83;02/01/2018;Salvador;R$ 2.500,00;;;;
HL7348; SmartWatch ;4;Rodrigo;Ramos;51;2/25/2018;Salvador;R$ 1.400,00;;;;
HL1918; iPhone ;2;Miguel;Carneiro;65;11/07/2018;Curitiba;R$ 5.300,00;;;;
HL4379; Televisão ;4;David;Vasconcelos;20;9/16/2018;São Paulo;R$ 2.500,00;;;;
HL1148; Câmera ;5;Letícia;Araujo;89;2/24/2018;Fortaleza;R$ 2.100,00;;;;
HL7348; SmartWatch ;4;Lucas;Wanderley;51;12/12/2018;Belo Horizonte;R$ 1.400,00;;;;
HL9962; Android ;2;Raul;Junqueira;43;11/10/2018;Belo Horizonte;R$ 3.400,00;;;;
HL9962; Android ;4;Amanda;Felippe;83;1/19/2018;Recife;R$ 3.400,00;;;;
HL1918; iPhone ;4;Breno;Caputo;26;01/04/2018;Porto Alegre;R$ 5.300,00;;;;
HL8851; Notebook ;1;Raissa;Pinheiro;86;06/12/2018;Curitiba;R$ 3.500,00;;;;
HL4379; Televisão ;3;Victoria;Mazza;35;12/27/2018;Belo Horizonte;R$ 2.500,00;;;;
HL1918; iPhone ;1;Rodrigo;Souza;73;8/24/2018;Fortaleza;R$ 5.300,00;;;;
HL1918; iPhone ;2;Vittorio;Freitas;61;10/15/2018;Fortaleza;R$ 5.300,00;;;;
HL2714; Tablet ;1;Camille;Silva;29;2/19/2018;Rio de Janeiro;R$ 1.600,00;;;;
HL9962; Android ;3;Anna;Silva;50;11/02/2018;Salvador;R$ 3.400,00;;;;
HL1918; iPhone ;1;Cassio;Faria;36;1/22/2018;Rio de Janeiro;R$ 5.300,00;;;;
HL1918; iPhone ;3;Wendela;Mariz;71;08/08/2018;Rio de Janeiro;R$ 5.300,00;;;;
HL8851; Notebook ;4;Livia;Cozendey;50;07/08/2018;Belo Horizonte;R$ 3.500,00;;;;
HL1918; iPhone ;2;Gabriel;Silva;87;06/07/2018;Fortaleza;R$ 5.300,00;;;;
HL4379; Televisão ;2;Caio;Moraes;46;07/03/2018;Salvador;R$ 2.500,00;;;;
HL8851; Notebook ;2;Livia;Codeceira;52;8/28/2018;Fortaleza;R$ 3.500,00;;;;
HL7348; SmartWatch ;2;Roberto;Nogueira;82;10/24/2018;Rio de Janeiro;R$ 1.400,00;;;;
HL7348; SmartWatch ;5;Raphael;Mattos;30;12/30/2018;São Paulo;R$ 1.400,00;;;;
HL9962; Android ;5;Juan;Fernandes;47;4/28/2018;São Paulo;R$ 3.400,00;;;;
HL7348; SmartWatch ;4;Maria;Junior;51;12/02/2018;Salvador;R$ 1.400,00;;;;
HL1918; iPhone ;4;Nicolas;Monteiro;90;03/01/2018;Curitiba;R$ 5.300,00;;;;
HL4379; Televisão ;4;Raíssa;Oliveira;39;10/11/2018;Fortaleza;R$ 2.500,00;;;;
HL2714; Tablet ;1;Fabio;Ramos;80;8/14/2018;Rio de Janeiro;R$ 1.600,00;;;;
HL4379; Televisão ;3;Jorge;Carvalho;80;04/11/2018;Rio de Janeiro;R$ 2.500,00;;;;
HL7348; SmartWatch ;3;Thomáz;Rodriguez;59;4/19/2018;Salvador;R$ 1.400,00;;;;
HL8851; Notebook ;1;Lucas;Assunção;51;08/08/2018;São Paulo;R$ 3.500,00;;;;
HL1918; iPhone ;5;Larissa;Vasconcellos;18;12/22/2018;Belo Horizonte;R$ 5.300,00;;;;
HL4379; Televisão ;1;Helena;Chafin;55;12/25/2018;Goiânia;R$ 2.500,00;;;;
HL1918; iPhone ;4;Kimberly;Sad;24;5/14/2018;São Paulo;R$ 5.300,00;;;;
HL9962; Android ;2;Anderson;Cavalcanti;39;9/29/2018;Goiânia;R$ 3.400,00;;;;
HL7348; SmartWatch ;5;Stephanie;Oliveira;78;09/06/2018;Rio de Janeiro;R$ 1.400,00;;;;
HL4379; Televisão ;1;Caio;Moraes;90;6/27/2018;Belo Horizonte;R$ 2.500,00;;;;
HL7348; SmartWatch ;3;Gabrielle;Silva;61;12/03/2018;São Paulo;R$ 1.400,00;;;;
HL2714; Tablet ;2;Juliana;Silva;50;12/22/2018;São Paulo;R$ 1.600,00;;;;
HL4379; Televisão ;2;Raissa;Maia;59;2/28/2018;Salvador;R$ 2.500,00;;;;
HL1918; iPhone ;3;Laís;Oliveira;27;12/16/2018;Salvador;R$ 5.300,00;;;;
HL9962; Android ;4;Gabriel;Soares;36;04/11/2018;Curitiba;R$ 3.400,00;;;;
HL8851; Notebook ;3;Gabriel;Rocha;62;2/20/2018;Fortaleza;R$ 3.500,00;;;;
HL1918; iPhone ;2;Rafaela;Ferreira;27;4/25/2018;Salvador;R$ 5.300,00;;;;
HL7348; SmartWatch ;3;Carolina;Figueiredo;27;03/03/2018;Recife;R$ 1.400,00;;;;
HL1148; Câmera ;3;Deysiane;Medronho;87;07/09/2018;Porto Alegre;R$ 2.100,00;;;;
HL8851; Notebook ;3;Ives;Teixeira;75;12/28/2018;São Paulo;R$ 3.500,00;;;;
HL8851; Notebook ;5;Raissa;Maia;71;02/03/2018;São Paulo;R$ 3.500,00;;;;
HL1918; iPhone ;3;Katharina;Barros;19;11/24/2018;Salvador;R$ 5.300,00;;;;
HL9962; Android ;5;William;Mendonça;73;3/22/2018;São Paulo;R$ 3.400,00;;;;
HL2714; Tablet ;1;Isabella;Rodrigues;52;08/06/2018;São Paulo;R$ 1.600,00;;;;
HL8851; Notebook ;5;Bárbara;Lima;87;08/02/2018;Belo Horizonte;R$ 3.500,00;;;;
HL2714; Tablet ;3;Gabriel;Ribeiro;73;06/06/2018;Fortaleza;R$ 1.600,00;;;;
HL2714; Tablet ;4;Raíssa;Nimer;70;5/21/2018;Fortaleza;R$ 1.600,00;;;;
HL4379; Televisão ;3;Lais;Candido;73;10/30/2018;Fortaleza;R$ 2.500,00;;;;
HL7348; SmartWatch ;4;Jéssica;Resinente;29;8/17/2018;São Paulo;R$ 1.400,00;;;;
HL1918; iPhone ;1;Lucas;Junior;65;11/25/2018;Salvador;R$ 5.300,00;;;;
HL2714; Tablet ;1;Matheus;Gomes;76;12/16/2018;Recife;R$ 1.600,00;;;;
HL7348; SmartWatch ;3;Bruna;Silva;86;07/03/2018;Porto Alegre;R$ 1.400,00;;;;
HL1918; iPhone ;2;Giuseppe;Bhering;33;09/03/2018;Porto Alegre;R$ 5.300,00;;;;
HL1148; Câmera ;1;Maria;Gasperi;68;12/30/2018;Salvador;R$ 2.100,00;;;;
HL9962; Android ;5;Fernanda;Ferreira;41;09/09/2018;Rio de Janeiro;R$ 3.400,00;;;;
HL1918; iPhone ;5;Caio;Vianna;42;09/07/2018;Belo Horizonte;R$ 5.300,00;;;;
HL1918; iPhone ;3;Pedro;Pereira;83;11/11/2018;Curitiba;R$ 5.300,00;;;;
HL7348; SmartWatch ;2;Caroll;Johnson;18;2/16/2018;Salvador;R$ 1.400,00;;;;
HL7348; SmartWatch ;1;Bianca;Ferezin;65;12/24/2018;Curitiba;R$ 1.400,00;;;;
HL2714; Tablet ;1;Rafaela;Ferreira;72;1/26/2018;Goiânia;R$ 1.600,00;;;;
HL9962; Android ;4;Ananda;Dias;74;10/08/2018;Goiânia;R$ 3.400,00;;;;
HL2714; Tablet ;2;Eduardo;Lopes;47;11/13/2018;Fortaleza;R$ 1.600,00;;;;
HL7348; SmartWatch ;1;Daniel;Monteiro;55;5/23/2018;Belo Horizonte;R$ 1.400,00;;;;
HL7348; SmartWatch ;5;Gabriel;Azevedo;46;11/06/2018;Fortaleza;R$ 1.400,00;;;;
HL4379; Televisão ;2;Anderson;Cavalcanti;83;6/13/2018;Fortaleza;R$ 2.500,00;;;;
HL9962; Android ;3;Camilla;Guimarães;23;11/05/2018;Curitiba;R$ 3.400,00;;;;
HL4379; Televisão ;5;Khaio;Mesquita;66;08/04/2018;Fortaleza;R$ 2.500,00;;;;
HL9962; Android ;1;José;Vieira;42;10/30/2018;Belo Horizonte;R$ 3.400,00;;;;
HL2714; Tablet ;5;Lucas;Rodrigues;35;5/23/2018;Curitiba;R$ 1.600,00;;;;
HL7348; SmartWatch ;1;Victor;Corrêa;85;3/14/2018;São Paulo;R$ 1.400,00;;;;
HL9962; Android ;5;Mariane;Ferreira;45;3/25/2018;Fortaleza;R$ 3.400,00;;;;
HL8851; Notebook ;4;Rafaella;Mello;76;01/12/2018;Curitiba;R$ 3.500,00;;;;
HL8851; Notebook ;2;Julia;Leig;85;7/20/2018;Recife;R$ 3.500,00;;;;
HL1918; iPhone ;4;Marcela;Gasperi;75;12/08/2018;Rio de Janeiro;R$ 5.300,00;;;;
HL9962; Android ;1;Patrick;Silva;19;8/18/2018;Porto Alegre;R$ 3.400,00;;;;
HL1918; iPhone ;2;Clarissa;Santos;37;06/01/2018;Rio de Janeiro;R$ 5.300,00;;;;
HL8851; Notebook ;4;Carlos;Assis;36;10/20/2018;Rio de Janeiro;R$ 3.500,00;;;;
HL7348; SmartWatch ;4;Pedro;Rodrigues;47;10/25/2018;Fortaleza;R$ 1.400,00;;;;
HL4379; Televisão ;2;Célio;Xavier;39;3/26/2018;Fortaleza;R$ 2.500,00;;;;
HL4379; Televisão ;1;Jeferson;Sone;70;12/22/2018;São Paulo;R$ 2.500,00;;;;
HL2714; Tablet ;2;Caroline;Delgado;75;10/05/2018;Belo Horizonte;R$ 1.600,00;;;;
HL2714; Tablet ;2;Bruna;Londero;36;5/29/2018;São Paulo;R$ 1.600,00;;;;
HL2714; Tablet ;1;João;Pedrazza;73;02/12/2018;São Paulo;R$ 1.600,00;;;;
HL4379; Televisão ;1;Tiago;Pereira;39;10/05/2018;Fortaleza;R$ 2.500,00;;;;
HL9962; Android ;2;Daniel;Sousa;26;12/03/2018;Recife;R$ 3.400,00;;;;
HL1148; Câmera ;3;Diego;Mello;42;1/28/2018;São Paulo;R$ 2.100,00;;;;
HL9962; Android ;1;Gabrielle;Figueiredo;39;7/29/2018;São Paulo;R$ 3.400,00;;;;
HL7348; SmartWatch ;5;Lucas;Almeida;84;12/22/2018;Goiânia;R$ 1.400,00;;;;
HL1918; iPhone ;1;Guido;Monteiro;74;2/24/2018;Rio de Janeiro;R$ 5.300,00;;;;
HL4379; Televisão ;2;Thayane;Resende;84;3/28/2018;Porto Alegre;R$ 2.500,00;;;;
HL1918; iPhone ;5;Marina;Aragão;26;01/01/2018;Rio de Janeiro;R$ 5.300,00;;;;
HL1918; iPhone ;2;Felipe;Mendonça;39;8/30/2018;Rio de Janeiro;R$ 5.300,00;;;;
HL1918; iPhone ;3;Maria;Cardoso;74;7/22/2018;Rio de Janeiro;R$ 5.300,00;;;;
HL2714; Tablet ;3;Mariana;Freire;40;5/22/2018;Salvador;R$ 1.600,00;;;;
HL1918; iPhone ;1;Vinícius;Antunes;55;02/10/2018;São Paulo;R$ 5.300,00;;;;
HL8851; Notebook ;4;Gabrielle;Figueiredo;36;6/27/2018;São Paulo;R$ 3.500,00;;;;
HL1918; iPhone ;3;Rafaela;Gomes;53;8/27/2018;Recife;R$ 5.300,00;;;;
HL1918; iPhone ;2;Mariana;Sousa;49;11/16/2018;Rio de Janeiro;R$ 5.300,00;;;;
HL1148; Câmera ;2;Vanessa;Bach;22;4/14/2018;Curitiba;R$ 2.100,00;;;;
HL1918; iPhone ;4;Rilson;Dias;29;06/06/2018;Fortaleza;R$ 5.300,00;;;;
HL1918; iPhone ;4;Julia;Teixeira;69;12/31/2018;Goiânia;R$ 5.300,00;;;;
HL4379; Televisão ;5;Felipe;Mello;22;9/19/2018;São Paulo;R$ 2.500,00;;;;
HL1918; iPhone ;4;Lucas;Chagas;42;1/26/2018;Recife;R$ 5.300,00;;;;
HL7348; SmartWatch ;2;Daniela;Andrada;42;06/04/2018;Salvador;R$ 1.400,00;;;;
HL8851; Notebook ;1;Vitor;Campos;52;02/08/2018;Porto Alegre;R$ 3.500,00;;;;
HL4379; Televisão ;5;Raphael;Kurtz;22;06/07/2018;Fortaleza;R$ 2.500,00;;;;
HL2714; Tablet ;5;Breno;Farias;79;5/29/2018;Curitiba;R$ 1.600,00;;;;
HL4379; Televisão ;1;Bernardo;Ribeiro;19;12/03/2018;Belo Horizonte;R$ 2.500,00;;;;
HL8851; Notebook ;5;João;Castilho;33;2/20/2018;Porto Alegre;R$ 3.500,00;;;;
HL1918; iPhone ;1;Guilherme;Rachide;28;4/25/2018;Belo Horizonte;R$ 5.300,00;;;;
HL2714; Tablet ;2;Felipe;Júnior;57;01/06/2018;Recife;R$ 1.600,00;;;;
HL1918; iPhone ;1;Raphael;Rezende;68;8/17/2018;São Paulo;R$ 5.300,00;;;;
HL8851; Notebook ;4;João;Peçanha;30;4/25/2018;Salvador;R$ 3.500,00;;;;
HL2714; Tablet ;1;Julia;Penteado;86;9/18/2018;Porto Alegre;R$ 1.600,00;;;;
HL4379; Televisão ;5;Ulisses;Filho;48;8/30/2018;São Paulo;R$ 2.500,00;;;;
HL2714; Tablet ;5;Ruan;Lopes;64;10/30/2018;Recife;R$ 1.600,00;;;;
HL8851; Notebook ;3;Matheus;Santos;34;7/17/2018;Rio de Janeiro;R$ 3.500,00;;;;
HL1918; iPhone ;3;Luíza;Melo;50;07/03/2018;Goiânia;R$ 5.300,00;;;;
HL7348; SmartWatch ;5;Luis;Oliveira;80;10/05/2018;Recife;R$ 1.400,00;;;;
HL9962; Android ;5;Myllena;Corrêa;85;07/08/2018;Porto Alegre;R$ 3.400,00;;;;
HL1918; iPhone ;5;Adriane;Gomes;40;08/08/2018;Fortaleza;R$ 5.300,00;;;;
HL1918; iPhone ;4;Gabrielle;Silva;28;12/10/2018;Salvador;R$ 5.300,00;;;;
HL4379; Televisão ;5;Tadeu;Nakayama;69;04/10/2018;Porto Alegre;R$ 2.500,00;;;;
HL9962; Android ;5;Caroline;Pinto;76;09/04/2018;Curitiba;R$ 3.400,00;;;;
HL1918; iPhone ;3;Henrique;Silva;72;10/13/2018;Salvador;R$ 5.300,00;;;;
HL4379; Televisão ;3;José;Vieira;69;05/09/2018;São Paulo;R$ 2.500,00;;;;
HL4379; Televisão ;4;Arthur;Pereira;46;10/30/2018;Rio de Janeiro;R$ 2.500,00;;;;
HL2714; Tablet ;1;Luíza;Garcia;42;01/03/2018;São Paulo;R$ 1.600,00;;;;
HL1148; Câmera ;5;Gustavo;Aragão;77;5/16/2018;Salvador;R$ 2.100,00;;;;
HL2714; Tablet ;5;Karina;Camara;73;10/19/2018;Rio de Janeiro;R$ 1.600,00;;;;
HL7348; SmartWatch ;1;Renan;Ventura;67;11/05/2018;Porto Alegre;R$ 1.400,00;;;;
HL1918; iPhone ;2;Rodrigo;Silva;29;11/28/2018;Rio de Janeiro;R$ 5.300,00;;;;
HL8851; Notebook ;4;Lorena;Kohn;33;7/15/2018;Recife;R$ 3.500,00;;;;
HL8851; Notebook ;3;Célio;Xavier;59;2/15/2018;São Paulo;R$ 3.500,00;;;;
HL7348; SmartWatch ;3;Victor;Franco;28;1/25/2018;Curitiba;R$ 1.400,00;;;;
HL2714; Tablet ;1;Guilherme;Merotto;39;6/21/2018;São Paulo;R$ 1.600,00;;;;
HL9962; Android ;5;Tiago;Pereira;44;03/08/2018;Recife;R$ 3.400,00;;;;
HL9962; Android ;2;Jorge;Fonseca;50;10/17/2018;Rio de Janeiro;R$ 3.400,00;;;;
HL8851; Notebook ;3;Thomáz;Vannier;58;07/03/2018;São Paulo;R$ 3.500,00;;;;
HL1918; iPhone ;1;Bruno;Ferreira;74;1/20/2018;Rio de Janeiro;R$ 5.300,00;;;;
HL2714; Tablet ;3;Luiz;Conceição;53;4/20/2018;Rio de Janeiro;R$ 1.600,00;;;;
HL1918; iPhone ;2;Jeferson;Sone;79;10/16/2018;Curitiba;R$ 5.300,00;;;;
HL4379; Televisão ;5;Lucas;Costa;44;12/16/2018;São Paulo;R$ 2.500,00;;;;
HL1918; iPhone ;4;Kim;Ferreira;26;4/18/2018;Curitiba;R$ 5.300,00;;;;
HL1918; iPhone ;1;Bernardo;Souza;38;11/19/2018;Rio de Janeiro;R$ 5.300,00;;;;
HL1918; iPhone ;5;Débora;Lopes;66;6/17/2018;Curitiba;R$ 5.300,00;;;;
HL1918; iPhone ;1;Mariana;Miranda;73;8/23/2018;Recife;R$ 5.300,00;;;;
HL7348; SmartWatch ;4;Raissa;Sales;72;10/05/2018;Fortaleza;R$ 1.400,00;;;;
HL9962; Android ;2;Gabrielle;Costa;61;3/27/2018;Fortaleza;R$ 3.400,00;;;;
HL4379; Televisão ;1;Pedro;Lyra;81;02/12/2018;São Paulo;R$ 2.500,00;;;;
HL4379; Televisão ;4;Eduardo;Vargas;37;04/02/2018;São Paulo;R$ 2.500,00;;;;
HL8851; Notebook ;4;Gabriel;Assis;60;05/08/2018;Rio de Janeiro;R$ 3.500,00;;;;
HL1918; iPhone ;1;Matheus;Delgado;83;11/12/2018;Rio de Janeiro;R$ 5.300,00;;;;
HL4379; Televisão ;3;Carolina;Bernardes;33;04/12/2018;Rio de Janeiro;R$ 2.500,00;;;;
HL1918; iPhone ;3;Ana;Leite;31;02/03/2018;Salvador;R$ 5.300,00;;;;
HL1918; iPhone ;1;João;Menezes;65;9/21/2018;Recife;R$ 5.300,00;;;;
HL4379; Televisão ;3;Beatriz;Rocha;51;12/27/2018;São Paulo;R$ 2.500,00;;;;
HL9962; Android ;1;Vitor;Arruda;58;10/22/2018;Belo Horizonte;R$ 3.400,00;;;;
HL4379; Televisão ;3;Izabel;Lopes;66;5/18/2018;Curitiba;R$ 2.500,00;;;;
HL9962; Android ;3;Renan;Cunha;26;10/16/2018;Salvador;R$ 3.400,00;;;;
HL9962; Android ;5;Bruna;Ramos;18;1/24/2018;Rio de Janeiro;R$ 3.400,00;;;;
HL1148; Câmera ;2;Isabelle;Gonçalves;39;02/12/2018;São Paulo;R$ 2.100,00;;;;
HL7348; SmartWatch ;1;João;Matheus;32;7/21/2018;Rio de Janeiro;R$ 1.400,00;;;;
HL1918; iPhone ;4;Guilherme;Seixas;18;6/20/2018;Rio de Janeiro;R$ 5.300,00;;;;
HL1918; iPhone ;4;Larissa;Jesus;86;07/05/2018;São Paulo;R$ 5.300,00;;;;
HL1918; iPhone ;4;Ramon;Araujo;31;7/15/2018;Rio de Janeiro;R$ 5.300,00;;;;
HL1148; Câmera ;3;João;Araujo;23;05/10/2018;Goiânia;R$ 2.100,00;;;;
HL1918; iPhone ;5;Diego;Rodrigues;73;3/18/2018;Curitiba;R$ 5.300,00;;;;
HL8851; Notebook ;4;Luana;Santos;35;6/18/2018;Fortaleza;R$ 3.500,00;;;;
HL9962; Android ;3;Raissa;Pinheiro;56;08/08/2018;Rio de Janeiro;R$ 3.400,00;;;;
HL8851; Notebook ;2;Larissa;Jesus;33;3/25/2018;São Paulo;R$ 3.500,00;;;;
HL4379; Televisão ;5;José;Seixas;29;11/02/2018;Porto Alegre;R$ 2.500,00;;;;
HL1148; Câmera ;4;Bruna;Gomes;43;7/22/2018;Goiânia;R$ 2.100,00;;;;
HL9962; Android ;5;Mariana;Barrozo;64;9/22/2018;Salvador;R$ 3.400,00;;;;
HL8851; Notebook ;4;Thomáz;Rodriguez;58;10/30/2018;Salvador;R$ 3.500,00;;;;
HL1148; Câmera ;5;Cícero;Lima;26;05/05/2018;Curitiba;R$ 2.100,00;;;;
HL1918; iPhone ;2;Giselia;Thiele;48;12/22/2018;Salvador;R$ 5.300,00;;;;
HL1918; iPhone ;4;Paloma;Sperandei;87;7/17/2018;Fortaleza;R$ 5.300,00;;;;
HL4379; Televisão ;4;Jéssica;Netto;75;11/05/2018;São Paulo;R$ 2.500,00;;;;
HL1918; iPhone ;5;Gustavo;Thome;20;3/30/2018;São Paulo;R$ 5.300,00;;;;
HL2714; Tablet ;4;Philipe;Morete;33;8/19/2018;Curitiba;R$ 1.600,00;;;;
HL7348; SmartWatch ;5;Guilherme;Merotto;30;03/07/2018;São Paulo;R$ 1.400,00;;;;
HL2714; Tablet ;5;Eduardo;Peluzo;68;10/23/2018;Porto Alegre;R$ 1.600,00;;;;
HL2714; Tablet ;3;Izabel;Miura;19;8/30/2018;Curitiba;R$ 1.600,00;;;;
HL1918; iPhone ;4;Rafaela;Gonçalves;38;10/17/2018;Rio de Janeiro;R$ 5.300,00;;;;
HL1918; iPhone ;3;João;Siqueira;34;9/28/2018;São Paulo;R$ 5.300,00;;;;
HL1918; iPhone ;4;Daniela;Rosa;40;04/05/2018;Belo Horizonte;R$ 5.300,00;;;;
HL1918; iPhone ;5;Stefan;Santos;33;4/14/2018;Fortaleza;R$ 5.300,00;;;;
HL1918; iPhone ;5;Daniela;Andrada;87;4/26/2018;Goiânia;R$ 5.300,00;;;;
HL1918; iPhone ;1;Giulia;Pessanha;74;08/02/2018;Rio de Janeiro;R$ 5.300,00;;;;
HL1918; iPhone ;5;Daniela;Pereira;75;09/06/2018;Rio de Janeiro;R$ 5.300,00;;;;
HL2714; Tablet ;2;Thiago;Nóbrega;45;11/13/2018;Fortaleza;R$ 1.600,00;;;;
HL1918; iPhone ;3;Bruna;Londero;88;4/17/2018;Recife;R$ 5.300,00;;;;
HL9962; Android ;3;Eric;Carvalho;40;05/12/2018;Rio de Janeiro;R$ 3.400,00;;;;
HL1148; Câmera ;3;Gustavo;Thome;75;08/08/2018;Recife;R$ 2.100,00;;;;
HL4379; Televisão ;5;Guido;Monteiro;89;11/15/2018;Fortaleza;R$ 2.500,00;;;;
HL9962; Android ;5;Rachel;Restum;39;6/24/2018;Porto Alegre;R$ 3.400,00;;;;
HL8851; Notebook ;1;Raphael;Machado;29;04/09/2018;Porto Alegre;R$ 3.500,00;;;;
HL4379; Televisão ;1;Leandro;Ferreira;32;1/27/2018;Salvador;R$ 2.500,00;;;;
HL8851; Notebook ;1;Guilherme;Lima;19;08/06/2018;Recife;R$ 3.500,00;;;;
HL2714; Tablet ;3;Bernard;Pedrosa;89;3/27/2018;São Paulo;R$ 1.600,00;;;;
HL1918; iPhone ;3;João;Rodrigues;80;09/12/2018;Fortaleza;R$ 5.300,00;;;;
HL1148; Câmera ;4;Roberta;Pimenta;87;9/14/2018;São Paulo;R$ 2.100,00;;;;
HL1918; iPhone ;3;João;Castilho;60;03/12/2018;Rio de Janeiro;R$ 5.300,00;;;;
HL4379; Televisão ;1;Carlos;Barbosa;25;2/14/2018;Recife;R$ 2.500,00;;;;
HL4379; Televisão ;2;Raphael;Coelho;48;6/20/2018;São Paulo;R$ 2.500,00;;;;
HL1148; Câmera ;3;Marina;Miranda;52;5/15/2018;Salvador;R$ 2.100,00;;;;
HL4379; Televisão ;2;Laura;Araujo;31;1/17/2018;Fortaleza;R$ 2.500,00;;;;
HL1918; iPhone ;3;Joyce;Medina;20;4/15/2018;Rio de Janeiro;R$ 5.300,00;;;;
HL8851; Notebook ;5;Paula;Cavalcanti;79;12/25/2018;Fortaleza;R$ 3.500,00;;;;
HL2714; Tablet ;1;Carolina;Silva;26;10/23/2018;São Paulo;R$ 1.600,00;;;;
HL9962; Android ;4;Arthur;Souza;89;8/21/2018;São Paulo;R$ 3.400,00;;;;
HL4379; Televisão ;3;Breno;Britto;82;06/08/2018;Fortaleza;R$ 2.500,00;;;;
HL1148; Câmera ;1;Adrielle;Forte;69;5/20/2018;Goiânia;R$ 2.100,00;;;;
HL1918; iPhone ;1;Bruno;Salomão;41;01/02/2018;Rio de Janeiro;R$ 5.300,00;;;;
HL1918; iPhone ;5;Bruna;Franco;21;11/09/2018;Porto Alegre;R$ 5.300,00;;;;
HL1918; iPhone ;2;Lucas;Cavalcanti;24;08/11/2018;Salvador;R$ 5.300,00;;;;
HL4379; Televisão ;2;Bruna;Chein;55;8/29/2018;São Paulo;R$ 2.500,00;;;;
HL1918; iPhone ;4;Giovana;Vilela;76;10/10/2018;Fortaleza;R$ 5.300,00;;;;
HL9962; Android ;2;Larissa;Jesus;42;9/14/2018;Rio de Janeiro;R$ 3.400,00;;;;
HL4379; Televisão ;5;Breno;Costa;72;02/04/2018;Fortaleza;R$ 2.500,00;;;;
HL9962; Android ;3;Raul;Junqueira;38;4/14/2018;Fortaleza;R$ 3.400,00;;;;
HL1918; iPhone ;5;Nathalia;Ventura;36;11/02/2018;Recife;R$ 5.300,00;;;;
HL1918; iPhone ;2;Rafaella;Mello;61;8/16/2018;Fortaleza;R$ 5.300,00;;;;
HL7348; SmartWatch ;3;Gabrielle;Figueiredo;20;5/29/2018;Fortaleza;R$ 1.400,00;;;;
HL1148; Câmera ;1;Cézar;Santos;28;06/05/2018;Curitiba;R$ 2.100,00;;;;
HL8851; Notebook ;1;Michelle;Figueiredo;71;10/04/2018;Salvador;R$ 3.500,00;;;;
HL1918; iPhone ;5;Juliana;Huon;77;11/02/2018;Salvador;R$ 5.300,00;;;;
HL8851; Notebook ;2;Luis;Souza;52;5/26/2018;Curitiba;R$ 3.500,00;;;;
HL1918; iPhone ;5;Carolina;Siqueira;80;06/01/2018;Rio de Janeiro;R$ 5.300,00;;;;
HL7348; SmartWatch ;3;Myllena;Corrêa;61;08/05/2018;Salvador;R$ 1.400,00;;;;
HL1918; iPhone ;2;Danilo;Alves;74;8/29/2018;São Paulo;R$ 5.300,00;;;;
HL1918; iPhone ;3;Caio;Moura;74;2/22/2018;Fortaleza;R$ 5.300,00;;;;
HL4379; Televisão ;2;Bruna;Ramos;36;06/01/2018;São Paulo;R$ 2.500,00;;;;
HL1918; iPhone ;1;Carolina;Bernardes;81;8/23/2018;São Paulo;R$ 5.300,00;;;;
HL4379; Televisão ;5;Felipe;Jorge;47;12/31/2018;Recife;R$ 2.500,00;;;;
HL9962; Android ;5;Bruno;Ursulino;74;12/01/2018;São Paulo;R$ 3.400,00;;;;
HL4379; Televisão ;4;Adrielle;Forte;77;02/09/2018;Curitiba;R$ 2.500,00;;;;
HL2714; Tablet ;3;Diego;Marchesi;82;06/09/2018;Recife;R$ 1.600,00;;;;
HL1148; Câmera ;4;Célio;Xavier;69;12/30/2018;Curitiba;R$ 2.100,00;;;;
HL4379; Televisão ;2;Fernanda;Silva;40;12/07/2018;Porto Alegre;R$ 2.500,00;;;;
HL7348; SmartWatch ;2;Rafael;Wajnsztok;43;09/12/2018;Fortaleza;R$ 1.400,00;;;;
HL1918; iPhone ;4;Thais;Rodrigues;26;9/25/2018;Goiânia;R$ 5.300,00;;;;
HL1148; Câmera ;4;Adriana;Carneiro;60;06/12/2018;Fortaleza;R$ 2.100,00;;;;
HL7348; SmartWatch ;1;Vitor;Boccaletti;60;03/01/2018;Rio de Janeiro;R$ 1.400,00;;;;
HL4379; Televisão ;2;Elena;Barreto;57;5/21/2018;Goiânia;R$ 2.500,00;;;;
HL1918; iPhone ;5;Mariane;Racy;31;11/07/2018;Recife;R$ 5.300,00;;;;
HL1918; iPhone ;3;Gustavo;Gomes;24;11/17/2018;Recife;R$ 5.300,00;;;;
HL4379; Televisão ;3;Laura;Araujo;57;8/24/2018;Rio de Janeiro;R$ 2.500,00;;;;
HL1918; iPhone ;5;Matheus;Silva;37;9/24/2018;Recife;R$ 5.300,00;;;;
HL7348; SmartWatch ;5;Glenda;Santos;30;4/30/2018;São Paulo;R$ 1.400,00;;;;
HL1918; iPhone ;3;Patrick;Silva;56;9/25/2018;Fortaleza;R$ 5.300,00;;;;
HL8851; Notebook ;1;Breno;Caputo;35;02/02/2018;Rio de Janeiro;R$ 3.500,00;;;;
HL7348; SmartWatch ;2;Pedro;Ferrari;63;04/04/2018;São Paulo;R$ 1.400,00;;;;
HL1918; iPhone ;3;Fernanda;Coutinho;70;7/13/2018;Rio de Janeiro;R$ 5.300,00;;;;
HL1918; iPhone ;3;Matheus;Ramos;52;1/21/2018;Salvador;R$ 5.300,00;;;;
HL4379; Televisão ;4;Lucas;Villanova;60;06/11/2018;Salvador;R$ 2.500,00;;;;
HL1918; iPhone ;3;Lucas;Machado;69;11/28/2018;Fortaleza;R$ 5.300,00;;;;
HL7348; SmartWatch ;1;Luíza;Garcia;22;05/03/2018;Salvador;R$ 1.400,00;;;;
HL8851; Notebook ;3;Cassio;Faria;88;08/08/2018;São Paulo;R$ 3.500,00;;;;
HL9962; Android ;4;Gustavo;Gomes;74;11/13/2018;Rio de Janeiro;R$ 3.400,00;;;;
HL1148; Câmera ;1;Clara;Silveira;30;4/27/2018;Fortaleza;R$ 2.100,00;;;;
HL1918; iPhone ;5;Andressa;Nóbrega;40;3/16/2018;São Paulo;R$ 5.300,00;;;;
HL8851; Notebook ;3;Marina;Marins;20;06/01/2018;Goiânia;R$ 3.500,00;;;;
HL4379; Televisão ;2;Marina;Delgado;90;9/30/2018;São Paulo;R$ 2.500,00;;;;
HL1918; iPhone ;5;Luiz;Campista;65;08/08/2018;Goiânia;R$ 5.300,00;;;;
HL9962; Android ;2;Gustavo;Accardo;28;8/15/2018;Belo Horizonte;R$ 3.400,00;;;;
HL1148; Câmera ;3;Tainah;Nogueira;55;11/19/2018;Rio de Janeiro;R$ 2.100,00;;;;
HL2714; Tablet ;1;Júlio;Freire;84;4/16/2018;Fortaleza;R$ 1.600,00;;;;
HL9962; Android ;1;Lucas;Almeida;59;06/05/2018;São Paulo;R$ 3.400,00;;;;
HL1918; iPhone ;3;Katharina;Barros;67;2/16/2018;Salvador;R$ 5.300,00;;;;
HL7348; SmartWatch ;3;Caio;Fernandes;32;5/24/2018;Recife;R$ 1.400,00;;;;
HL4379; Televisão ;2;Mônica;Rotolo;22;11/29/2018;Porto Alegre;R$ 2.500,00;;;;
HL1918; iPhone ;2;Nathalia;Ventura;64;08/06/2018;Curitiba;R$ 5.300,00;;;;
HL1918; iPhone ;2;Giulia;Lopes;62;03/04/2018;Fortaleza;R$ 5.300,00;;;;
HL1918; iPhone ;2;Pedro;Oliveira;71;11/27/2018;Fortaleza;R$ 5.300,00;;;;
HL9962; Android ;2;Renan;Ventura;77;11/30/2018;Porto Alegre;R$ 3.400,00;;;;
HL1918; iPhone ;2;Igor;Azevedo;49;6/14/2018;São Paulo;R$ 5.300,00;;;;
HL1148; Câmera ;3;Ana;Campos;66;12/02/2018;São Paulo;R$ 2.100,00;;;;
HL1148; Câmera ;3;João;Rodrigues;74;01/08/2018;Porto Alegre;R$ 2.100,00;;;;
HL4379; Televisão ;2;Beatriz;Rocha;36;11/30/2018;Porto Alegre;R$ 2.500,00;;;;
HL1918; iPhone ;3;Laís;Oliveira;32;07/02/2018;Rio de Janeiro;R$ 5.300,00;;;;
HL1148; Câmera ;1;Caroline;Cavalcanti;59;6/23/2018;Recife;R$ 2.100,00;;;;
HL4379; Televisão ;5;Lucas;Rodrigues;89;2/14/2018;Curitiba;R$ 2.500,00;;;;
HL1918; iPhone ;4;João;Pedrazza;33;11/02/2018;Goiânia;R$ 5.300,00;;;;
HL4379; Televisão ;1;Luiza;Cavalcanti;73;04/02/2018;Porto Alegre;R$ 2.500,00;;;;
HL1918; iPhone ;1;Raphael;Guedes;73;04/12/2018;São Paulo;R$ 5.300,00;;;;
HL8851; Notebook ;3;Bianca;Allevato;39;3/13/2018;Recife;R$ 3.500,00;;;;
HL1918; iPhone ;2;Elena;Barreto;24;7/19/2018;Fortaleza;R$ 5.300,00;;;;
HL1148; Câmera ;1;Adriane;Chagas;45;5/30/2018;Fortaleza;R$ 2.100,00;;;;
HL1918; iPhone ;4;Priscila;Carvalho;43;4/26/2018;Curitiba;R$ 5.300,00;;;;
HL4379; Televisão ;1;Isabelle;Firmino;84;07/08/2018;Rio de Janeiro;R$ 2.500,00;;;;
HL7348; SmartWatch ;3;Helena;Chafin;85;10/14/2018;Curitiba;R$ 1.400,00;;;;
HL9962; Android ;4;Luiza;Marques;29;6/17/2018;Fortaleza;R$ 3.400,00;;;;
HL2714; Tablet ;2;Pedro;Ayres;72;10/05/2018;São Paulo;R$ 1.600,00;;;;
HL8851; Notebook ;2;Anna;Silva;56;1/17/2018;Fortaleza;R$ 3.500,00;;;;
HL4379; Televisão ;4;Livia;Corrêa;25;08/09/2018;Salvador;R$ 2.500,00;;;;
HL4379; Televisão ;3;Jonatas;Passos;47;08/08/2018;Salvador;R$ 2.500,00;;;;
HL7348; SmartWatch ;5;Daniel;Araujo;21;1/18/2018;Rio de Janeiro;R$ 1.400,00;;;;
HL7348; SmartWatch ;3;Carlos;Assis;89;8/30/2018;Rio de Janeiro;R$ 1.400,00;;;;
HL7348; SmartWatch ;4;Breno;Caputo;68;6/13/2018;Belo Horizonte;R$ 1.400,00;;;;
HL7348; SmartWatch ;2;Anna;Maia;26;02/01/2018;Curitiba;R$ 1.400,00;;;;
HL1918; iPhone ;4;Gustavo;Aragão;49;9/26/2018;São Paulo;R$ 5.300,00;;;;
HL1148; Câmera ;4;Deysiane;Medronho;68;1/19/2018;Goiânia;R$ 2.100,00;;;;
HL4379; Televisão ;1;Erick;Soares;68;03/10/2018;São Paulo;R$ 2.500,00;;;;
HL8851; Notebook ;3;Wendela;Mariz;67;8/15/2018;São Paulo;R$ 3.500,00;;;;
HL9962; Android ;3;Leticia;Mesquita;64;2/22/2018;São Paulo;R$ 3.400,00;;;;
HL2714; Tablet ;2;Bianca;Procaci;49;12/25/2018;Fortaleza;R$ 1.600,00;;;;
HL7348; SmartWatch ;2;Clara;Bruno;29;9/16/2018;Fortaleza;R$ 1.400,00;;;;
HL1918; iPhone ;4;Ruan;Lopes;49;1/16/2018;São Paulo;R$ 5.300,00;;;;
HL7348; SmartWatch ;1;Jorge;Fonseca;73;05/12/2018;Fortaleza;R$ 1.400,00;;;;
HL1918; iPhone ;4;Wilson;Miranda;48;07/11/2018;Rio de Janeiro;R$ 5.300,00;;;;
HL7348; SmartWatch ;3;Eduardo;Nunes;50;04/07/2018;Porto Alegre;R$ 1.400,00;;;;
HL1148; Câmera ;4;Victor;Gomes;40;04/02/2018;Recife;R$ 2.100,00;;;;
HL8851; Notebook ;2;Victor;Lira;71;10/09/2018;Recife;R$ 3.500,00;;;;
HL4379; Televisão ;1;Wen;Santos;59;07/02/2018;Curitiba;R$ 2.500,00;;;;
HL1918; iPhone ;2;João;Costa;61;05/12/2018;Fortaleza;R$ 5.300,00;;;;
HL1918; iPhone ;5;Deysiane;Medronho;77;4/26/2018;São Paulo;R$ 5.300,00;;;;
HL7348; SmartWatch ;1;Norman;Jimbo;73;04/07/2018;Belo Horizonte;R$ 1.400,00;;;;
HL4379; Televisão ;1;Bernard;Pedrosa;25;03/04/2018;São Paulo;R$ 2.500,00;;;;
HL7348; SmartWatch ;5;João;Costa;22;06/09/2018;Rio de Janeiro;R$ 1.400,00;;;;
HL1918; iPhone ;1;Camilla;Vieira;74;11/28/2018;Fortaleza;R$ 5.300,00;;;;
HL7348; SmartWatch ;2;Guilherme;Jordao;48;4/28/2018;Fortaleza;R$ 1.400,00;;;;
HL4379; Televisão ;5;Raíssa;Oliveira;66;05/04/2018;Fortaleza;R$ 2.500,00;;;;
HL1918; iPhone ;1;Raphael;Rezende;43;08/11/2018;Salvador;R$ 5.300,00;;;;
HL8851; Notebook ;3;Yasmim;Bittencourt;55;10/21/2018;Belo Horizonte;R$ 3.500,00;;;;
HL1918; iPhone ;5;Kimberly;Sad;50;9/30/2018;Goiânia;R$ 5.300,00;;;;
HL4379; Televisão ;2;Gabriel;Assis;43;7/21/2018;Salvador;R$ 2.500,00;;;;
HL4379; Televisão ;3;Carlos;Portela;71;6/23/2018;Curitiba;R$ 2.500,00;;;;
HL1918; iPhone ;3;Victor;Gomes;44;12/24/2018;Recife;R$ 5.300,00;;;;
HL1918; iPhone ;2;Joao;Silva;50;11/12/2018;Fortaleza;R$ 5.300,00;;;;
HL4379; Televisão ;2;Fernanda;Rubim;59;11/23/2018;São Paulo;R$ 2.500,00;;;;
HL4379; Televisão ;4;Desirée;Heimlich;73;12/04/2018;São Paulo;R$ 2.500,00;;;;
HL8851; Notebook ;1;Mateus;Polastri;40;4/30/2018;Fortaleza;R$ 3.500,00;;;;
HL8851; Notebook ;2;Carolina;Abrahão;83;05/07/2018;Rio de Janeiro;R$ 3.500,00;;;;
HL4379; Televisão ;3;Débora;Lopes;64;06/09/2018;Rio de Janeiro;R$ 2.500,00;;;;
HL2714; Tablet ;5;Lucas;Chagas;59;12/05/2018;Recife;R$ 1.600,00;;;;
HL1918; iPhone ;4;Marina;Miranda;75;6/18/2018;São Paulo;R$ 5.300,00;;;;
HL2714; Tablet ;3;Matheus;Gomes;37;3/19/2018;Porto Alegre;R$ 1.600,00;;;;
HL2714; Tablet ;2;Leticia;Mesquita;39;09/05/2018;Fortaleza;R$ 1.600,00;;;;
HL7348; SmartWatch ;4;Amanda;Roberto;86;1/30/2018;Porto Alegre;R$ 1.400,00;;;;
HL1918; iPhone ;1;Arthur;Fernandes;55;08/05/2018;Goiânia;R$ 5.300,00;;;;
HL7348; SmartWatch ;4;Gabriel;Thoni;84;6/27/2018;Salvador;R$ 1.400,00;;;;
HL4379; Televisão ;5;Matheus;Souza;69;06/02/2018;Porto Alegre;R$ 2.500,00;;;;
HL7348; SmartWatch ;1;Isabel;Leite;67;09/03/2018;Goiânia;R$ 1.400,00;;;;
HL9962; Android ;2;Tayla;Lima;26;05/07/2018;Rio de Janeiro;R$ 3.400,00;;;;
HL1918; iPhone ;5;Gabriel;Puntel;24;12/28/2018;Rio de Janeiro;R$ 5.300,00;;;;
HL8851; Notebook ;1;Carlos;Araujo;45;4/19/2018;Recife;R$ 3.500,00;;;;
HL9962; Android ;4;Livia;Cozendey;82;10/23/2018;São Paulo;R$ 3.400,00;;;;
HL1148; Câmera ;3;Danilo;Alves;90;12/14/2018;Rio de Janeiro;R$ 2.100,00;;;;
HL1148; Câmera ;3;Bianca;Allevato;67;2/19/2018;Recife;R$ 2.100,00;;;;
HL2714; Tablet ;5;Juan;Fernandes;26;02/06/2018;Goiânia;R$ 1.600,00;;;;
HL9962; Android ;4;João;Ribeiro;57;1/21/2018;Goiânia;R$ 3.400,00;;;;
HL1148; Câmera ;2;Luis;Garcia;45;06/09/2018;Recife;R$ 2.100,00;;;;
HL1918; iPhone ;3;Matheus;Silva;50;9/14/2018;Salvador;R$ 5.300,00;;;;
HL4379; Televisão ;5;Carolina;Rocha;21;11/30/2018;Rio de Janeiro;R$ 2.500,00;;;;
HL8851; Notebook ;5;Rafael;Portela;32;05/04/2018;São Paulo;R$ 3.500,00;;;;
HL4379; Televisão ;4;Camila;Sobral;50;10/31/2018;Rio de Janeiro;R$ 2.500,00;;;;
HL1148; Câmera ;1;Gabriel;Thome;86;04/04/2018;Salvador;R$ 2.100,00;;;;
HL2714; Tablet ;3;José;Marques;63;8/29/2018;São Paulo;R$ 1.600,00;;;;
HL1918; iPhone ;5;Gabriela;Mello;27;03/03/2018;Salvador;R$ 5.300,00;;;;
HL1918; iPhone ;3;Gabriel;Thoni;88;6/13/2018;São Paulo;R$ 5.300,00;;;;
HL1918; iPhone ;3;Raísa;Rodrigues;49;02/02/2018;São Paulo;R$ 5.300,00;;;;
HL1918; iPhone ;2;Julia;Silva;65;02/05/2018;Recife;R$ 5.300,00;;;;
HL1918; iPhone ;5;Gabriel;Rubim;55;11/07/2018;Curitiba;R$ 5.300,00;;;;
HL1918; iPhone ;2;Beatriz;Rodrigues;18;07/07/2018;Rio de Janeiro;R$ 5.300,00;;;;
HL8851; Notebook ;4;Hércules;Moreira;39;12/22/2018;Goiânia;R$ 3.500,00;;;;
HL4379; Televisão ;1;Ruan;Lopes;22;3/16/2018;São Paulo;R$ 2.500,00;;;;
HL9962; Android ;4;Norman;Jimbo;67;08/04/2018;São Paulo;R$ 3.400,00;;;;
HL9962; Android ;1;João;Bach;88;10/11/2018;Fortaleza;R$ 3.400,00;;;;
HL1148; Câmera ;5;Gustavo;Aragão;90;03/01/2018;Fortaleza;R$ 2.100,00;;;;
HL7348; SmartWatch ;4;Thomaz;Ferreira;88;7/25/2018;São Paulo;R$ 1.400,00;;;;
HL1918; iPhone ;3;Tadeu;Nakayama;80;09/07/2018;Porto Alegre;R$ 5.300,00;;;;
HL1148; Câmera ;2;Gustavo;Azevedo;71;11/21/2018;São Paulo;R$ 2.100,00;;;;
HL4379; Televisão ;4;João;Castilho;64;3/24/2018;São Paulo;R$ 2.500,00;;;;
HL1918; iPhone ;4;Pedro;Cardoso;71;10/23/2018;Fortaleza;R$ 5.300,00;;;;
HL8851; Notebook ;5;Andreza;Ramos;89;6/15/2018;Belo Horizonte;R$ 3.500,00;;;;
HL9962; Android ;4;Ives;Teixeira;57;05/08/2018;São Paulo;R$ 3.400,00;;;;
HL8851; Notebook ;5;Carolina;Abrahão;36;4/30/2018;São Paulo;R$ 3.500,00;;;;
HL1148; Câmera ;1;Marcos;Nucci;34;6/28/2018;Rio de Janeiro;R$ 2.100,00;;;;
HL7348; SmartWatch ;3;Luiza;Cabral;80;7/30/2018;Belo Horizonte;R$ 1.400,00;;;;
HL7348; SmartWatch ;3;Júlio;Freire;47;05/12/2018;Curitiba;R$ 1.400,00;;;;
HL1918; iPhone ;5;Maria;Gasperi;77;04/06/2018;Rio de Janeiro;R$ 5.300,00;;;;
HL1918; iPhone ;2;Anna;Silva;64;12/13/2018;São Paulo;R$ 5.300,00;;;;
HL2714; Tablet ;5;Giovanna;Santos;79;1/15/2018;Porto Alegre;R$ 1.600,00;;;;
HL8851; Notebook ;1;Jonas;Gomes;48;01/08/2018;Salvador;R$ 3.500,00;;;;
HL4379; Televisão ;4;Clara;Silveira;35;12/25/2018;Recife;R$ 2.500,00;;;;
HL4379; Televisão ;1;Pedro;Xavier;83;7/13/2018;São Paulo;R$ 2.500,00;;;;
HL7348; SmartWatch ;2;Cícero;Lima;60;03/06/2018;Curitiba;R$ 1.400,00;;;;
HL1918; iPhone ;1;Júlio;Fraga;25;3/26/2018;Fortaleza;R$ 5.300,00;;;;
HL1918; iPhone ;2;Ana;Soledade;37;8/27/2018;Salvador;R$ 5.300,00;;;;
HL9962; Android ;1;Victor;Ferreira;86;11/12/2018;Goiânia;R$ 3.400,00;;;;
HL1918; iPhone ;1;Priscila;Vogel;70;06/11/2018;Porto Alegre;R$ 5.300,00;;;;
HL9962; Android ;3;Michelle;Miura;88;6/28/2018;Salvador;R$ 3.400,00;;;;
HL1918; iPhone ;5;Caio;Caldas;76;06/11/2018;Salvador;R$ 5.300,00;;;;
HL4379; Televisão ;2;Julia;Teixeira;37;02/01/2018;Salvador;R$ 2.500,00;;;;
HL7348; SmartWatch ;5;Gabrielle;Costa;21;3/30/2018;Rio de Janeiro;R$ 1.400,00;;;;
HL8851; Notebook ;4;Dandara;Reis;64;4/29/2018;Rio de Janeiro;R$ 3.500,00;;;;
HL1918; iPhone ;3;Rubens;Netto;75;6/29/2018;Rio de Janeiro;R$ 5.300,00;;;;
HL1918; iPhone ;5;Marina;Miranda;53;08/10/2018;Belo Horizonte;R$ 5.300,00;;;;
HL1148; Câmera ;2;Matheus;Gomes;77;8/21/2018;São Paulo;R$ 2.100,00;;;;
HL9962; Android ;3;Camilla;Cardeman;84;10/07/2018;São Paulo;R$ 3.400,00;;;;
HL8851; Notebook ;5;João;Matheus;54;3/27/2018;Salvador;R$ 3.500,00;;;;
HL1918; iPhone ;5;Matheus;Silva;35;3/17/2018;São Paulo;R$ 5.300,00;;;;
HL1918; iPhone ;3;Caio;Cardoso;70;8/17/2018;Rio de Janeiro;R$ 5.300,00;;;;
HL9962; Android ;5;Douglas;Rodrigues;90;8/17/2018;Belo Horizonte;R$ 3.400,00;;;;
HL9962; Android ;2;Silvio;Fahrnholz;71;12/10/2018;Goiânia;R$ 3.400,00;;;;
HL2714; Tablet ;1;Vitor;Arruda;43;9/17/2018;Fortaleza;R$ 1.600,00;;;;
HL1918; iPhone ;1;Silvio;Fahrnholz;18;1/26/2018;Salvador;R$ 5.300,00;;;;
HL1918; iPhone ;5;Pedro;Oliveira;83;11/28/2018;Belo Horizonte;R$ 5.300,00;;;;
HL9962; Android ;5;Larissa;Jesus;79;01/11/2018;Goiânia;R$ 3.400,00;;;;
HL2714; Tablet ;4;Fabio;Ramos;32;7/18/2018;Recife;R$ 1.600,00;;;;
HL7348; SmartWatch ;3;Rachel;Silva;25;10/18/2018;São Paulo;R$ 1.400,00;;;;
HL8851; Notebook ;5;Luiz;Conceição;25;2/19/2018;Recife;R$ 3.500,00;;;;
HL1918; iPhone ;4;Juliana;Guimarães;81;3/14/2018;São Paulo;R$ 5.300,00;;;;
HL1148; Câmera ;4;Ulisses;Quinto;56;11/22/2018;Fortaleza;R$ 2.100,00;;;;
HL1918; iPhone ;4;Kimberly;Sad;22;02/10/2018;Curitiba;R$ 5.300,00;;;;
HL1918; iPhone ;5;Daniel;Monteiro;28;6/14/2018;Recife;R$ 5.300,00;;;;
HL2714; Tablet ;1;Pedro;Ronfini;56;11/07/2018;Porto Alegre;R$ 1.600,00;;;;
HL1918; iPhone ;2;Milena;Alcoforado;34;4/30/2018;Salvador;R$ 5.300,00;;;;
HL1918; iPhone ;3;Guilherme;Vianna;43;02/08/2018;Curitiba;R$ 5.300,00;;;;
HL8851; Notebook ;2;Beatriz;Cavalcanti;87;3/22/2018;Fortaleza;R$ 3.500,00;;;;
HL1918; iPhone ;4;Pedro;Dalforne;85;04/04/2018;Porto Alegre;R$ 5.300,00;;;;
HL9962; Android ;4;Ana;Soledade;63;02/09/2018;Recife;R$ 3.400,00;;;;
HL2714; Tablet ;1;Henrique;Oliveira;60;09/09/2018;Goiânia;R$ 1.600,00;;;;
HL1148; Câmera ;2;Milena;Pereira;89;4/20/2018;Rio de Janeiro;R$ 2.100,00;;;;
HL7348; SmartWatch ;3;Camila;Bastazini;65;8/17/2018;São Paulo;R$ 1.400,00;;;;
HL4379; Televisão ;3;Bruno;Mota;50;06/02/2018;Porto Alegre;R$ 2.500,00;;;;
HL1918; iPhone ;2;Julia;Leig;18;3/13/2018;Rio de Janeiro;R$ 5.300,00;;;;
HL8851; Notebook ;1;Mariane;Ferreira;68;11/14/2018;Fortaleza;R$ 3.500,00;;;;
HL2714; Tablet ;2;Caio;Ferreira;82;6/30/2018;Belo Horizonte;R$ 1.600,00;;;;
HL1148; Câmera ;3;Caio;Moraes;73;01/08/2018;Porto Alegre;R$ 2.100,00;;;;
HL4379; Televisão ;2;Pedro;Dalforne;34;11/04/2018;Rio de Janeiro;R$ 2.500,00;;;;
HL1918; iPhone ;5;Marina;Perdomo;90;7/29/2018;Salvador;R$ 5.300,00;;;;
HL1918; iPhone ;1;Jonatas;Passos;48;08/03/2018;Curitiba;R$ 5.300,00;;;;
HL1148; Câmera ;1;Daniel;Cardoso;31;09/07/2018;Salvador;R$ 2.100,00;;;;
HL7348; SmartWatch ;3;Lucas;Lima;82;7/29/2018;São Paulo;R$ 1.400,00;;;;
HL1918; iPhone ;1;Fernanda;Bhering;64;10/10/2018;Salvador;R$ 5.300,00;;;;
HL1918; iPhone ;3;João;Peçanha;89;6/18/2018;Curitiba;R$ 5.300,00;;;;
HL7348; SmartWatch ;2;Adriana;Passos;60;5/19/2018;São Paulo;R$ 1.400,00;;;;
HL1148; Câmera ;3;José;Jesus;54;6/20/2018;Goiânia;R$ 2.100,00;;;;
HL1918; iPhone ;3;Pedro;Santana;51;07/05/2018;Salvador;R$ 5.300,00;;;;
HL2714; Tablet ;2;Carolina;Silva;19;5/25/2018;Rio de Janeiro;R$ 1.600,00;;;;
HL4379; Televisão ;2;Ives;Teixeira;82;08/07/2018;Rio de Janeiro;R$ 2.500,00;;;;
HL1918; iPhone ;4;Ana;Fioretti;48;05/05/2018;Salvador;R$ 5.300,00;;;;
HL1918; iPhone ;1;Pedro;Oliveira;27;06/05/2018;São Paulo;R$ 5.300,00;;;;
HL1918; iPhone ;5;Sthefeson;Pereira;73;12/11/2018;Recife;R$ 5.300,00;;;;
HL1918; iPhone ;3;Gustavo;Gomes;77;11/11/2018;Curitiba;R$ 5.300,00;;;;
HL2714; Tablet ;1;Rodrigo;Feijo;35;9/29/2018;Recife;R$ 1.600,00;;;;
HL1918; iPhone ;4;Eduardo;Ferreira;38;08/03/2018;Rio de Janeiro;R$ 5.300,00;;;;
HL8851; Notebook ;2;Breno;Costa;59;1/25/2018;Recife;R$ 3.500,00;;;;
HL8851; Notebook ;4;Raul;Silveira;59;1/27/2018;Belo Horizonte;R$ 3.500,00;;;;
HL2714; Tablet ;4;Luiza;Ribeiro;36;02/12/2018;Belo Horizonte;R$ 1.600,00;;;;
HL4379; Televisão ;3;Lucas;Rodrigues;41;03/06/2018;Rio de Janeiro;R$ 2.500,00;;;;
HL1918; iPhone ;3;Isabella;Rodrigues;37;11/13/2018;Goiânia;R$ 5.300,00;;;;
HL1918; iPhone ;1;Pedro;Bitencourt;84;08/05/2018;Recife;R$ 5.300,00;;;;
HL1918; iPhone ;4;Raíssa;Oros;58;01/01/2018;Salvador;R$ 5.300,00;;;;
HL4379; Televisão ;4;Danilo;Alves;83;05/04/2018;Salvador;R$ 2.500,00;;;;
HL7348; SmartWatch ;1;Eduardo;Silva;37;03/08/2018;São Paulo;R$ 1.400,00;;;;
HL2714; Tablet ;1;Lorena;Carvalho;65;4/19/2018;Fortaleza;R$ 1.600,00;;;;
HL1918; iPhone ;4;Jônatas;Castro;59;02/02/2018;Belo Horizonte;R$ 5.300,00;;;;
HL8851; Notebook ;2;Breno;Caputo;87;05/05/2018;Rio de Janeiro;R$ 3.500,00;;;;
HL7348; SmartWatch ;1;Luis;Souza;25;1/25/2018;São Paulo;R$ 1.400,00;;;;
HL1918; iPhone ;4;Jonatas;Passos;24;04/11/2018;São Paulo;R$ 5.300,00;;;;
HL1918; iPhone ;3;Carolina;Motta;85;7/20/2018;Porto Alegre;R$ 5.300,00;;;;
HL9962; Android ;1;Diego;Marchesi;67;10/24/2018;São Paulo;R$ 3.400,00;;;;
HL1148; Câmera ;3;Gabriel;Pereira;63;02/03/2018;Goiânia;R$ 2.100,00;;;;
HL1918; iPhone ;3;Carlos;Cardoso;28;8/14/2018;Rio de Janeiro;R$ 5.300,00;;;;
HL4379; Televisão ;1;Matheus;Afonso;26;02/06/2018;Fortaleza;R$ 2.500,00;;;;
HL2714; Tablet ;5;Joao;Pereira;76;02/04/2018;São Paulo;R$ 1.600,00;;;;
HL8851; Notebook ;1;Mariana;Freire;38;05/10/2018;São Paulo;R$ 3.500,00;;;;
HL8851; Notebook ;4;Beatriz;Silva;56;8/20/2018;São Paulo;R$ 3.500,00;;;;
HL1918; iPhone ;4;Breno;Farias;81;01/02/2018;São Paulo;R$ 5.300,00;;;;
HL1918; iPhone ;1;Carlos;Galvão;72;06/11/2018;São Paulo;R$ 5.300,00;;;;
HL8851; Notebook ;1;Camila;Sobral;25;08/06/2018;Belo Horizonte;R$ 3.500,00;;;;
HL4379; Televisão ;2;Lucas;Valim;71;8/27/2018;Porto Alegre;R$ 2.500,00;;;;
HL7348; SmartWatch ;2;Giselia;Thiele;24;09/01/2018;São Paulo;R$ 1.400,00;;;;
HL9962; Android ;5;Dandara;Reis;58;3/19/2018;Rio de Janeiro;R$ 3.400,00;;;;
HL4379; Televisão ;3;Daniel;Sousa;20;9/13/2018;São Paulo;R$ 2.500,00;;;;
HL4379; Televisão ;1;Thayna;Martins;54;12/28/2018;Curitiba;R$ 2.500,00;;;;
HL4379; Televisão ;3;João;Castilho;89;03/09/2018;Curitiba;R$ 2.500,00;;;;
HL4379; Televisão ;4;Willian;Albino;74;06/06/2018;Salvador;R$ 2.500,00;;;;
HL1918; iPhone ;1;Vanessa;Neves;37;09/09/2018;Fortaleza;R$ 5.300,00;;;;
HL4379; Televisão ;2;Tiago;Pereira;40;10/26/2018;Curitiba;R$ 2.500,00;;;;
HL4379; Televisão ;2;Isabela;Chagas;35;7/28/2018;Belo Horizonte;R$ 2.500,00;;;;
HL9962; Android ;5;Rojane;Lima;78;12/17/2018;Fortaleza;R$ 3.400,00;;;;
HL1148; Câmera ;2;Fillipe;Almeida;29;06/01/2018;Goiânia;R$ 2.100,00;;;;
HL4379; Televisão ;4;Raul;Junqueira;76;05/07/2018;Curitiba;R$ 2.500,00;;;;
HL1918; iPhone ;3;Ana;Júnior;90;4/14/2018;Porto Alegre;R$ 5.300,00;;;;
HL4379; Televisão ;4;Breno;Quinto;62;10/09/2018;Fortaleza;R$ 2.500,00;;;;
HL2714; Tablet ;1;Matheus;Silva;39;07/07/2018;Fortaleza;R$ 1.600,00;;;;
HL1918; iPhone ;1;Isaac;Santos;83;03/06/2018;Fortaleza;R$ 5.300,00;;;;
HL1918; iPhone ;3;Caroline;Pinto;42;1/13/2018;Rio de Janeiro;R$ 5.300,00;;;;
HL7348; SmartWatch ;1;Sandy;Moreira;55;06/09/2018;Goiânia;R$ 1.400,00;;;;
HL9962; Android ;3;Marina;Marins;86;06/10/2018;Rio de Janeiro;R$ 3.400,00;;;;
HL1918; iPhone ;1;Juliana;Barreira;26;05/07/2018;Rio de Janeiro;R$ 5.300,00;;;;
HL4379; Televisão ;3;Pedro;Lyra;34;9/22/2018;Rio de Janeiro;R$ 2.500,00;;;;
HL1148; Câmera ;4;Ana;Bôas;47;04/06/2018;Salvador;R$ 2.100,00;;;;
HL9962; Android ;2;Mariana;Miranda;82;02/11/2018;Porto Alegre;R$ 3.400,00;;;;
HL1918; iPhone ;4;Fernanda;Silva;44;12/11/2018;São Paulo;R$ 5.300,00;;;;
HL2714; Tablet ;1;Fillipe;Almeida;86;10/03/2018;Goiânia;R$ 1.600,00;;;;
HL1918; iPhone ;3;Carlos;Souza;70;10/24/2018;Curitiba;R$ 5.300,00;;;;
HL1918; iPhone ;3;Beatriz;Biase;46;1/20/2018;Rio de Janeiro;R$ 5.300,00;;;;
HL7348; SmartWatch ;3;Luiza;Cavalcanti;71;8/18/2018;Curitiba;R$ 1.400,00;;;;
HL1918; iPhone ;1;Arthur;Pereira;75;7/22/2018;Belo Horizonte;R$ 5.300,00;;;;
HL4379; Televisão ;5;Fabio;Sepúlveda;90;06/06/2018;Salvador;R$ 2.500,00;;;;
HL9962; Android ;3;Jéssica;Stefanelli;23;02/03/2018;Belo Horizonte;R$ 3.400,00;;;;
HL4379; Televisão ;4;Izabel;Miura;47;04/04/2018;Porto Alegre;R$ 2.500,00;;;;
HL1918; iPhone ;4;Luiz;Conceição;53;12/12/2018;Rio de Janeiro;R$ 5.300,00;;;;
HL1918; iPhone ;2;Bernardo;Borges;51;02/04/2018;Recife;R$ 5.300,00;;;;
HL4379; Televisão ;1;Eduardo;Ferreira;72;05/11/2018;Fortaleza;R$ 2.500,00;;;;
HL1918; iPhone ;5;Matheus;Gomes;78;11/22/2018;São Paulo;R$ 5.300,00;;;;
HL9962; Android ;2;Karine;Barros;56;01/07/2018;São Paulo;R$ 3.400,00;;;;
HL7348; SmartWatch ;5;Glenda;Santos;49;5/29/2018;Curitiba;R$ 1.400,00;;;;
HL8851; Notebook ;4;Juliana;Goes;38;9/20/2018;Curitiba;R$ 3.500,00;;;;
HL2714; Tablet ;4;Tadeu;Nakayama;80;05/03/2018;Fortaleza;R$ 1.600,00;;;;
HL8851; Notebook ;4;Pedro;Oliveira;59;11/01/2018;São Paulo;R$ 3.500,00;;;;
HL9962; Android ;5;Rafaela;Gomes;76;01/10/2018;São Paulo;R$ 3.400,00;;;;
HL4379; Televisão ;3;Lorena;Carvalho;78;3/15/2018;Fortaleza;R$ 2.500,00;;;;
HL7348; SmartWatch ;5;Lívia;Tanaka;26;07/12/2018;São Paulo;R$ 1.400,00;;;;
HL1918; iPhone ;1;Raissa;Sales;45;04/11/2018;Rio de Janeiro;R$ 5.300,00;;;;
HL2714; Tablet ;2;Carolina;Bernardes;71;7/15/2018;Belo Horizonte;R$ 1.600,00;;;;
HL2714; Tablet ;4;Jessica;Ferreira;76;10/24/2018;Salvador;R$ 1.600,00;;;;
HL1918; iPhone ;4;Bruno;Temporal;70;10/26/2018;Porto Alegre;R$ 5.300,00;;;;
HL2714; Tablet ;5;Thiago;Costa;61;6/25/2018;Salvador;R$ 1.600,00;;;;
HL8851; Notebook ;3;Milena;Pereira;76;10/14/2018;Porto Alegre;R$ 3.500,00;;;;
HL1918; iPhone ;1;Deysiane;Bach;41;3/21/2018;Recife;R$ 5.300,00;;;;
HL1148; Câmera ;4;Guilherme;Assis;42;5/21/2018;Porto Alegre;R$ 2.100,00;;;;
HL1918; iPhone ;3;João;Fonseca;39;4/15/2018;Porto Alegre;R$ 5.300,00;;;;
HL4379; Televisão ;4;Lucas;Assunção;76;7/24/2018;São Paulo;R$ 2.500,00;;;;
HL1918; iPhone ;4;Norman;Jimbo;86;04/05/2018;Recife;R$ 5.300,00;;;;
HL4379; Televisão ;4;William;Mendonça;76;06/01/2018;Salvador;R$ 2.500,00;;;;
HL4379; Televisão ;1;Maria;Gasperi;56;10/06/2018;Salvador;R$ 2.500,00;;;;
HL8851; Notebook ;5;Ana;Campos;44;03/03/2018;Curitiba;R$ 3.500,00;;;;
HL9962; Android ;1;Gabrielle;Viríssimo;73;9/27/2018;Recife;R$ 3.400,00;;;;
HL4379; Televisão ;1;Mateus;Duque;75;09/09/2018;Belo Horizonte;R$ 2.500,00;;;;
HL8851; Notebook ;1;João;Peçanha;61;1/18/2018;Recife;R$ 3.500,00;;;;
HL1148; Câmera ;3;Fernanda;Coutinho;36;01/05/2018;Fortaleza;R$ 2.100,00;;;;
HL1918; iPhone ;1;Kim;Ferreira;40;09/07/2018;São Paulo;R$ 5.300,00;;;;
HL4379; Televisão ;1;Priscila;Carvalho;33;1/30/2018;São Paulo;R$ 2.500,00;;;;
HL2714; Tablet ;3;Alexandre;Rodriguez;52;10/08/2018;Rio de Janeiro;R$ 1.600,00;;;;
HL1918; iPhone ;4;Renan;Melo;21;3/24/2018;São Paulo;R$ 5.300,00;;;;
HL4379; Televisão ;3;Daniel;Sousa;25;12/07/2018;São Paulo;R$ 2.500,00;;;;
HL1918; iPhone ;5;Luiz;Limp;83;10/13/2018;Goiânia;R$ 5.300,00;;;;
HL1918; iPhone ;5;Breno;Quinto;19;06/09/2018;Rio de Janeiro;R$ 5.300,00;;;;
HL1918; iPhone ;4;João;Júnior;89;05/07/2018;São Paulo;R$ 5.300,00;;;;
HL8851; Notebook ;4;Carolina;Abrahão;69;1/16/2018;Rio de Janeiro;R$ 3.500,00;;;;
HL4379; Televisão ;1;Mariana;Barrozo;84;08/10/2018;Recife;R$ 2.500,00;;;;
HL1918; iPhone ;5;João;Aires;52;9/28/2018;Salvador;R$ 5.300,00;;;;
HL9962; Android ;2;Arthur;Fernandes;76;3/17/2018;Porto Alegre;R$ 3.400,00;;;;
HL1918; iPhone ;3;Eduardo;Vargas;31;8/13/2018;São Paulo;R$ 5.300,00;;;;
HL4379; Televisão ;5;Daniel;Araujo;59;3/13/2018;Goiânia;R$ 2.500,00;;;;
HL4379; Televisão ;3;Luiz;Marinho;24;11/15/2018;São Paulo;R$ 2.500,00;;;;
HL8851; Notebook ;2;Jonas;Gomes;62;4/17/2018;Fortaleza;R$ 3.500,00;;;;
HL1918; iPhone ;1;Katharina;Barros;20;9/17/2018;São Paulo;R$ 5.300,00;;;;
HL7348; SmartWatch ;2;Ana;Silva;46;4/21/2018;Recife;R$ 1.400,00;;;;
HL1918; iPhone ;1;Fernanda;Rubim;47;7/15/2018;São Paulo;R$ 5.300,00;;;;
HL1918; iPhone ;2;Lucas;Freire;30;08/09/2018;São Paulo;R$ 5.300,00;;;;
HL8851; Notebook ;5;Maria;Motta;27;11/06/2018;Fortaleza;R$ 3.500,00;;;;
HL7348; SmartWatch ;3;Leandro;Ferreira;61;4/29/2018;Fortaleza;R$ 1.400,00;;;;
HL1918; iPhone ;4;Lucas;Almeida;67;12/01/2018;Porto Alegre;R$ 5.300,00;;;;
HL1918; iPhone ;3;Carolina;Costa;82;05/03/2018;São Paulo;R$ 5.300,00;;;;
HL1918; iPhone ;4;Diego;Marchesi;85;10/04/2018;Fortaleza;R$ 5.300,00;;;;
HL4379; Televisão ;5;Alexandre;Rodriguez;74;5/20/2018;Goiânia;R$ 2.500,00;;;;
HL4379; Televisão ;3;Roberta;Pimenta;52;1/28/2018;Salvador;R$ 2.500,00;;;;
HL7348; SmartWatch ;4;Cláudio;Aragão;58;06/11/2018;Salvador;R$ 1.400,00;;;;
HL8851; Notebook ;1;Marina;Gama;38;12/19/2018;Porto Alegre;R$ 3.500,00;;;;
HL9962; Android ;3;Sylvio;Bernhardt;54;3/14/2018;Curitiba;R$ 3.400,00;;;;
HL4379; Televisão ;4;Marcelo;Magalhães;30;12/02/2018;Belo Horizonte;R$ 2.500,00;;;;
HL9962; Android ;3;Allan;Guedes;69;11/28/2018;São Paulo;R$ 3.400,00;;;;
HL4379; Televisão ;3;Gabriel;Silva;89;4/23/2018;São Paulo;R$ 2.500,00;;;;
HL4379; Televisão ;4;Breno;Farias;89;10/05/2018;Rio de Janeiro;R$ 2.500,00;;;;
HL1148; Câmera ;3;Beatriz;Li;41;10/09/2018;Fortaleza;R$ 2.100,00;;;;
HL1918; iPhone ;3;Carolina;Silva;71;05/06/2018;Goiânia;R$ 5.300,00;;;;
HL1918; iPhone ;1;Camilla;Cardeman;75;5/16/2018;Curitiba;R$ 5.300,00;;;;
HL8851; Notebook ;5;Lívia;Marques;58;01/09/2018;São Paulo;R$ 3.500,00;;;;
HL9962; Android ;5;Célio;Xavier;75;07/01/2018;São Paulo;R$ 3.400,00;;;;
HL1918; iPhone ;2;Philipe;Morete;85;9/24/2018;Fortaleza;R$ 5.300,00;;;;
HL2714; Tablet ;3;Raul;Junqueira;64;5/25/2018;Porto Alegre;R$ 1.600,00;;;;
HL9962; Android ;5;Pedro;Oliveira;88;02/01/2018;Rio de Janeiro;R$ 3.400,00;;;;
HL2714; Tablet ;4;Sarah;Souza;27;7/25/2018;Recife;R$ 1.600,00;;;;
HL1918; iPhone ;4;Alon;Pestana;41;2/20/2018;Curitiba;R$ 5.300,00;;;;
HL7348; SmartWatch ;1;Letícia;Leal;38;08/02/2018;Fortaleza;R$ 1.400,00;;;;
HL1918; iPhone ;4;Priscila;Garcia;61;8/23/2018;Salvador;R$ 5.300,00;;;;
HL1918; iPhone ;2;Anna;Maia;76;3/25/2018;Curitiba;R$ 5.300,00;;;;
HL4379; Televisão ;3;Caroline;Cavalcanti;76;2/22/2018;Salvador;R$ 2.500,00;;;;
HL7348; SmartWatch ;5;Rafaela;Gonçalves;26;02/08/2018;Rio de Janeiro;R$ 1.400,00;;;;
HL1148; Câmera ;1;Vitor;Arruda;89;12/16/2018;Belo Horizonte;R$ 2.100,00;;;;
HL1918; iPhone ;2;Thales;Santos;34;6/24/2018;Curitiba;R$ 5.300,00;;;;
HL2714; Tablet ;4;Célio;Xavier;86;8/13/2018;Fortaleza;R$ 1.600,00;;;;
HL9962; Android ;5;Ana;Soledade;60;11/25/2018;Recife;R$ 3.400,00;;;;
HL1918; iPhone ;3;Luíza;Garcia;29;9/16/2018;Fortaleza;R$ 5.300,00;;;;
HL4379; Televisão ;5;Raissa;Maia;37;3/27/2018;Fortaleza;R$ 2.500,00;;;;
HL9962; Android ;1;Priscila;Garcia;52;7/29/2018;Goiânia;R$ 3.400,00;;;;
HL1918; iPhone ;4;Henrique;Oliveira;76;6/28/2018;Belo Horizonte;R$ 5.300,00;;;;
HL4379; Televisão ;1;Mônica;Rotolo;47;7/16/2018;Salvador;R$ 2.500,00;;;;
HL7348; SmartWatch ;4;Vinícius;Antunes;85;6/30/2018;Salvador;R$ 1.400,00;;;;
HL4379; Televisão ;4;Thales;Gouvêa;61;10/24/2018;Rio de Janeiro;R$ 2.500,00;;;;
HL7348; SmartWatch ;3;Guilherme;Seixas;88;01/11/2018;Goiânia;R$ 1.400,00;;;;
HL8851; Notebook ;3;Arthur;Fernandes;73;09/09/2018;Goiânia;R$ 3.500,00;;;;
HL2714; Tablet ;3;Izabel;Lopes;53;05/10/2018;Rio de Janeiro;R$ 1.600,00;;;;
HL1918; iPhone ;3;Mateus;Polastri;85;10/07/2018;Goiânia;R$ 5.300,00;;;;
HL2714; Tablet ;5;Natalia;Accioly;55;6/24/2018;Fortaleza;R$ 1.600,00;;;;
HL4379; Televisão ;4;Guilherme;Assis;68;10/04/2018;Porto Alegre;R$ 2.500,00;;;;
HL4379; Televisão ;1;Caio;Fernandes;67;8/17/2018;Recife;R$ 2.500,00;;;;
HL7348; SmartWatch ;3;Vitor;Boccaletti;88;1/16/2018;Salvador;R$ 1.400,00;;;;
HL1918; iPhone ;5;Andre;Nóbrega;72;2/21/2018;São Paulo;R$ 5.300,00;;;;
HL1918; iPhone ;3;Leonardo;Ferreira;90;08/10/2018;Fortaleza;R$ 5.300,00;;;;
HL7348; SmartWatch ;4;Sylvio;Bernhardt;80;7/15/2018;São Paulo;R$ 1.400,00;;;;
HL7348; SmartWatch ;3;Luis;Silva;56;3/30/2018;Recife;R$ 1.400,00;;;;
HL1148; Câmera ;2;Victor;Oliveira;54;3/26/2018;Salvador;R$ 2.100,00;;;;
HL7348; SmartWatch ;1;Isabela;Resende;43;10/01/2018;Rio de Janeiro;R$ 1.400,00;;;;
HL1918; iPhone ;2;Nathan;Cunha;42;9/27/2018;Rio de Janeiro;R$ 5.300,00;;;;
HL1148; Câmera ;2;Joyce;Medina;64;4/27/2018;Porto Alegre;R$ 2.100,00;;;;
HL7348; SmartWatch ;4;Henrique;Oliveira;72;12/07/2018;Recife;R$ 1.400,00;;;;
HL8851; Notebook ;2;Marianna;Pestana;62;8/13/2018;Fortaleza;R$ 3.500,00;;;;
HL1918; iPhone ;3;Nicolas;Monteiro;56;05/10/2018;Goiânia;R$ 5.300,00;;;;
HL9962; Android ;1;Lucas;Villanova;86;1/30/2018;Goiânia;R$ 3.400,00;;;;
HL4379; Televisão ;2;Eduardo;Ferreira;44;11/10/2018;Belo Horizonte;R$ 2.500,00;;;;
HL1918; iPhone ;2;Beatriz;Almeida;34;2/15/2018;Recife;R$ 5.300,00;;;;
HL8851; Notebook ;5;Tainah;Nogueira;90;12/28/2018;Fortaleza;R$ 3.500,00;;;;
HL4379; Televisão ;2;Lucas;Freire;85;7/31/2018;Recife;R$ 2.500,00;;;;
HL7348; SmartWatch ;4;Paulo;Campos;44;10/30/2018;Recife;R$ 1.400,00;;;;
HL1918; iPhone ;4;Mateus;Duque;32;06/09/2018;Goiânia;R$ 5.300,00;;;;
HL2714; Tablet ;1;Leonardo;Faria;46;07/05/2018;São Paulo;R$ 1.600,00;;;;
HL7348; SmartWatch ;3;Fernanda;Bhering;43;3/31/2018;Rio de Janeiro;R$ 1.400,00;;;;
HL1918; iPhone ;4;Raphael;Machado;20;05/10/2018;Goiânia;R$ 5.300,00;;;;
HL1918; iPhone ;3;Luã;Sá;68;2/18/2018;Belo Horizonte;R$ 5.300,00;;;;
HL9962; Android ;5;Gabriella;Sagrillo;77;9/17/2018;São Paulo;R$ 3.400,00;;;;
HL8851; Notebook ;5;Nathan;Cunha;86;3/30/2018;Fortaleza;R$ 3.500,00;;;;
HL1918; iPhone ;1;Bruno;Mota;89;9/18/2018;Goiânia;R$ 5.300,00;;;;
HL4379; Televisão ;2;Natalia;Marinho;69;03/02/2018;São Paulo;R$ 2.500,00;;;;
HL1918; iPhone ;3;Rodrigo;Alves;62;2/14/2018;Fortaleza;R$ 5.300,00;;;;
HL1918; iPhone ;1;Mariana;Sousa;60;02/08/2018;Rio de Janeiro;R$ 5.300,00;;;;
HL4379; Televisão ;4;Larissa;Vasconcellos;65;06/03/2018;Fortaleza;R$ 2.500,00;;;;
HL1918; iPhone ;1;Lucas;Destri;30;01/12/2018;Salvador;R$ 5.300,00;;;;
HL1918; iPhone ;4;Alexandre;Rodriguez;87;7/18/2018;Fortaleza;R$ 5.300,00;;;;
HL9962; Android ;2;Ives;Barbosa;80;12/31/2018;São Paulo;R$ 3.400,00;;;;
HL8851; Notebook ;4;Anízio;Carvalho;65;7/30/2018;Salvador;R$ 3.500,00;;;;
HL1148; Câmera ;3;Carolina;Siqueira;35;10/06/2018;Fortaleza;R$ 2.100,00;;;;
HL2714; Tablet ;4;Sandy;Ribeiro;30;12/02/2018;Salvador;R$ 1.600,00;;;;
HL4379; Televisão ;5;Livia;Cozendey;35;8/16/2018;Rio de Janeiro;R$ 2.500,00;;;;
HL4379; Televisão ;2;Amanda;Machado;71;11/23/2018;Goiânia;R$ 2.500,00;;;;
HL8851; Notebook ;1;Renan;Cunha;49;9/19/2018;Recife;R$ 3.500,00;;;;
HL1148; Câmera ;1;Ives;Pinheiro;58;02/11/2018;Rio de Janeiro;R$ 2.100,00;;;;
HL1918; iPhone ;3;Rubens;Netto;35;1/31/2018;Rio de Janeiro;R$ 5.300,00;;;;
HL4379; Televisão ;4;Jéssica;Stefanelli;30;2/15/2018;São Paulo;R$ 2.500,00;;;;
HL4379; Televisão ;3;Paola;Abreu;72;10/01/2018;Recife;R$ 2.500,00;;;;
HL1918; iPhone ;3;Eduardo;Pacheco;89;9/21/2018;São Paulo;R$ 5.300,00;;;;
HL1918; iPhone ;5;Raphael;Coelho;73;08/11/2018;Belo Horizonte;R$ 5.300,00;;;;
HL1918; iPhone ;3;Carolina;Carneiro;41;11/08/2018;Rio de Janeiro;R$ 5.300,00;;;;
HL4379; Televisão ;5;Caroline;Pinto;84;11/21/2018;São Paulo;R$ 2.500,00;;;;
HL1918; iPhone ;1;Fernanda;Bhering;84;9/21/2018;Fortaleza;R$ 5.300,00;;;;
HL1148; Câmera ;2;Carolina;Siqueira;42;6/16/2018;São Paulo;R$ 2.100,00;;;;
HL4379; Televisão ;5;Caio;Moura;83;4/29/2018;São Paulo;R$ 2.500,00;;;;
HL2714; Tablet ;4;Diego;Marchesi;65;08/06/2018;Fortaleza;R$ 1.600,00;;;;
HL2714; Tablet ;2;Raíssa;Nimer;84;03/11/2018;Belo Horizonte;R$ 1.600,00;;;;
HL9962; Android ;2;Marina;Correa;83;02/06/2018;Porto Alegre;R$ 3.400,00;;;;
HL2714; Tablet ;5;Eduardo;Soares;80;3/25/2018;Rio de Janeiro;R$ 1.600,00;;;;
HL1918; iPhone ;5;Adrielle;Vieira;52;09/11/2018;São Paulo;R$ 5.300,00;;;;
HL1918; iPhone ;3;Iuri;Barbosa;24;11/27/2018;São Paulo;R$ 5.300,00;;;;
HL4379; Televisão ;3;Lais;Candido;70;4/15/2018;Rio de Janeiro;R$ 2.500,00;;;;
HL1148; Câmera ;1;Lucas;Cavalcanti;68;05/02/2018;Recife;R$ 2.100,00;;;;
HL4379; Televisão ;5;Clara;Silveira;80;09/09/2018;Curitiba;R$ 2.500,00;;;;
HL2714; Tablet ;2;Carlos;Barbosa;53;08/04/2018;Goiânia;R$ 1.600,00;;;;
HL8851; Notebook ;3;Andre;Nóbrega;27;4/20/2018;Fortaleza;R$ 3.500,00;;;;
HL7348; SmartWatch ;5;Beatriz;Li;76;6/24/2018;Fortaleza;R$ 1.400,00;;;;
HL7348; SmartWatch ;3;Julie;Ferreira;18;8/17/2018;Fortaleza;R$ 1.400,00;;;;
HL9962; Android ;3;Matheus;Figueiredo;44;11/07/2018;São Paulo;R$ 3.400,00;;;;
HL4379; Televisão ;2;Bruna;Londero;51;11/17/2018;São Paulo;R$ 2.500,00;;;;
HL8851; Notebook ;3;Filipe;Barros;71;01/02/2018;Salvador;R$ 3.500,00;;;;
HL1918; iPhone ;2;Philipe;Morete;76;1/30/2018;Belo Horizonte;R$ 5.300,00;;;;
HL2714; Tablet ;1;Thaís;Pereira;25;09/09/2018;Belo Horizonte;R$ 1.600,00;;;;
HL7348; SmartWatch ;4;Priscila;Garcia;33;12/07/2018;Rio de Janeiro;R$ 1.400,00;;;;
HL4379; Televisão ;4;Bruna;Silveira;46;04/09/2018;São Paulo;R$ 2.500,00;;;;
HL8851; Notebook ;3;Mariana;Miranda;65;05/04/2018;Rio de Janeiro;R$ 3.500,00;;;;
HL8851; Notebook ;1;Wilson;Miranda;23;6/27/2018;Rio de Janeiro;R$ 3.500,00;;;;
HL1918; iPhone ;3;Itai;Puntel;58;10/21/2018;Salvador;R$ 5.300,00;;;;
HL4379; Televisão ;2;Isabel;Mesquita;59;01/03/2018;Curitiba;R$ 2.500,00;;;;
HL1918; iPhone ;3;Giselia;Thiele;75;05/04/2018;Fortaleza;R$ 5.300,00;;;;
HL9962; Android ;1;Julia;Leig;63;6/18/2018;Porto Alegre;R$ 3.400,00;;;;
HL1918; iPhone ;4;Gustavo;Aragão;25;11/07/2018;Rio de Janeiro;R$ 5.300,00;;;;
HL9962; Android ;5;Izabel;Lopes;72;06/09/2018;São Paulo;R$ 3.400,00;;;;
HL1148; Câmera ;5;Juliana;Huon;79;3/13/2018;Porto Alegre;R$ 2.100,00;;;;
HL9962; Android ;5;João;Monteiro;59;11/14/2018;Recife;R$ 3.400,00;;;;
HL7348; SmartWatch ;2;Guilherme;Lima;28;10/13/2018;Rio de Janeiro;R$ 1.400,00;;;;
HL4379; Televisão ;3;Leandro;Rodrigues;90;4/21/2018;Goiânia;R$ 2.500,00;;;;
HL4379; Televisão ;2;Roberto;Mattos;60;5/24/2018;Goiânia;R$ 2.500,00;;;;
HL4379; Televisão ;3;Gabrielle;Porto;86;06/05/2018;Rio de Janeiro;R$ 2.500,00;;;;
HL4379; Televisão ;5;Pedro;Macckione;55;2/17/2018;São Paulo;R$ 2.500,00;;;;
HL1918; iPhone ;5;Rafaela;Ferreira;64;01/10/2018;Porto Alegre;R$ 5.300,00;;;;
HL1918; iPhone ;1;Thomáz;Bôas;70;8/24/2018;Fortaleza;R$ 5.300,00;;;;
HL4379; Televisão ;3;Raissa;Maia;29;2/14/2018;Salvador;R$ 2.500,00;;;;
HL4379; Televisão ;3;Danilo;Rubim;24;3/24/2018;Fortaleza;R$ 2.500,00;;;;
HL8851; Notebook ;2;Henrique;Silva;81;11/14/2018;Salvador;R$ 3.500,00;;;;
HL1918; iPhone ;5;Paulo;Campos;72;2/28/2018;Porto Alegre;R$ 5.300,00;;;;
HL4379; Televisão ;2;Adrielle;Forte;39;3/24/2018;Porto Alegre;R$ 2.500,00;;;;
HL2714; Tablet ;5;Victoria;Mazza;21;8/30/2018;Salvador;R$ 1.600,00;;;;
HL2714; Tablet ;4;Carlos;Melo;79;11/05/2018;Rio de Janeiro;R$ 1.600,00;;;;
HL2714; Tablet ;3;Leonardo;Ferreira;53;04/11/2018;Rio de Janeiro;R$ 1.600,00;;;;
HL2714; Tablet ;2;Ylana;Teraoka;68;09/02/2018;Fortaleza;R$ 1.600,00;;;;
HL1918; iPhone ;3;Pedro;Jorge;29;01/11/2018;Curitiba;R$ 5.300,00;;;;
HL4379; Televisão ;1;Rafaela;Ferreira;36;3/17/2018;São Paulo;R$ 2.500,00;;;;
HL4379; Televisão ;4;Igor;Lima;56;7/19/2018;Salvador;R$ 2.500,00;;;;
HL2714; Tablet ;2;Adrielle;Forte;51;08/02/2018;São Paulo;R$ 1.600,00;;;;
HL4379; Televisão ;2;Yasmim;Verly;86;11/26/2018;Porto Alegre;R$ 2.500,00;;;;
HL1918; iPhone ;4;Anna;Maia;30;04/05/2018;Belo Horizonte;R$ 5.300,00;;;;
HL8851; Notebook ;5;Pedro;Martins;76;01/12/2018;Fortaleza;R$ 3.500,00;;;;
HL4379; Televisão ;2;Mariana;Barrozo;83;5/29/2018;São Paulo;R$ 2.500,00;;;;
HL4379; Televisão ;3;Livia;Codeceira;62;11/07/2018;Goiânia;R$ 2.500,00;;;;
HL7348; SmartWatch ;5;Paula;Calbucci;81;9/19/2018;Salvador;R$ 1.400,00;;;;
HL4379; Televisão ;4;Tadeu;Sousa;20;4/23/2018;Rio de Janeiro;R$ 2.500,00;;;;
HL1918; iPhone ;1;Elaine;Santos;35;12/02/2018;Fortaleza;R$ 5.300,00;;;;
HL1148; Câmera ;2;Andre;Sampaio;62;6/29/2018;Rio de Janeiro;R$ 2.100,00;;;;
HL1918; iPhone ;3;Danilo;Rubim;47;11/28/2018;Goiânia;R$ 5.300,00;;;;
HL1918; iPhone ;5;Anna;Silva;35;09/07/2018;Rio de Janeiro;R$ 5.300,00;;;;
HL1148; Câmera ;2;Bruno;Silva;43;10/02/2018;Rio de Janeiro;R$ 2.100,00;;;;
HL8851; Notebook ;3;Ives;Teixeira;33;3/31/2018;Salvador;R$ 3.500,00;;;;
HL1918; iPhone ;5;Norman;Jimbo;58;8/30/2018;Salvador;R$ 5.300,00;;;;
HL8851; Notebook ;4;Priscila;Carvalho;23;5/21/2018;Salvador;R$ 3.500,00;;;;
HL1148; Câmera ;2;Fabio;Sepúlveda;81;01/07/2018;São Paulo;R$ 2.100,00;;;;
HL1918; iPhone ;3;Audir;Franco;46;02/08/2018;São Paulo;R$ 5.300,00;;;;
HL4379; Televisão ;3;Pedro;Ferrari;82;12/25/2018;Salvador;R$ 2.500,00;;;;
HL1918; iPhone ;4;Gustavo;Guimarães;22;10/28/2018;Rio de Janeiro;R$ 5.300,00;;;;
HL2714; Tablet ;3;Maria;Mello;28;02/06/2018;Rio de Janeiro;R$ 1.600,00;;;;
HL1918; iPhone ;2;Gabriel;Azevedo;26;02/05/2018;Fortaleza;R$ 5.300,00;;;;
HL1918; iPhone ;5;Helena;Chafin;79;5/19/2018;Salvador;R$ 5.300,00;;;;
HL7348; SmartWatch ;2;Raphael;Ferman;27;12/25/2018;Salvador;R$ 1.400,00;;;;
HL9962; Android ;5;Carolina;Vasconcelos;48;2/20/2018;Recife;R$ 3.400,00;;;;
HL9962; Android ;3;Juliana;Guimarães;63;04/03/2018;Belo Horizonte;R$ 3.400,00;;;;
HL9962; Android ;5;Marcelo;Pereira;65;02/03/2018;Rio de Janeiro;R$ 3.400,00;;;;
HL1918; iPhone ;4;Jorge;Fonseca;51;12/14/2018;Fortaleza;R$ 5.300,00;;;;
HL2714; Tablet ;4;Roberta;Teixeira;60;11/15/2018;Fortaleza;R$ 1.600,00;;;;
HL9962; Android ;2;Tayla;Lima;18;07/03/2018;Porto Alegre;R$ 3.400,00;;;;
HL1148; Câmera ;1;Wendela;Veloso;71;09/09/2018;São Paulo;R$ 2.100,00;;;;
HL9962; Android ;4;Guilherme;Seixas;45;9/18/2018;São Paulo;R$ 3.400,00;;;;
HL1148; Câmera ;3;Guilherme;Santos;62;06/06/2018;Fortaleza;R$ 2.100,00;;;;
HL1148; Câmera ;1;Leticia;Mesquita;55;2/28/2018;Fortaleza;R$ 2.100,00;;;;
HL4379; Televisão ;3;Ana;Soledade;62;10/02/2018;Fortaleza;R$ 2.500,00;;;;
HL7348; SmartWatch ;3;Gustavo;Aragão;31;2/13/2018;São Paulo;R$ 1.400,00;;;;
HL9962; Android ;1;Matheus;Silva;30;08/02/2018;São Paulo;R$ 3.400,00;;;;
HL1918; iPhone ;5;Jônatas;Soares;55;11/13/2018;São Paulo;R$ 5.300,00;;;;
HL9962; Android ;3;Cícero;Lima;86;11/06/2018;Goiânia;R$ 3.400,00;;;;
HL4379; Televisão ;5;Renan;Freire;32;7/15/2018;Salvador;R$ 2.500,00;;;;
HL9962; Android ;2;Daniel;Nauenberg;51;01/03/2018;Rio de Janeiro;R$ 3.400,00;;;;
HL1918; iPhone ;5;Bruno;Silva;34;9/15/2018;Goiânia;R$ 5.300,00;;;;
HL2714; Tablet ;2;Mariana;Freire;30;05/10/2018;São Paulo;R$ 1.600,00;;;;
HL2714; Tablet ;1;Deysiane;Medronho;81;1/15/2018;Salvador;R$ 1.600,00;;;;
HL1148; Câmera ;2;Bárbara;Cavalcante;41;10/15/2018;Fortaleza;R$ 2.100,00;;;;
HL9962; Android ;5;Daniel;Felippe;80;07/07/2018;Rio de Janeiro;R$ 3.400,00;;;;
HL1918; iPhone ;3;Danilo;Alves;74;6/19/2018;Rio de Janeiro;R$ 5.300,00;;;;
HL9962; Android ;3;Ulisses;Filho;56;07/04/2018;São Paulo;R$ 3.400,00;;;;
HL4379; Televisão ;1;Marina;Mesquita;90;10/06/2018;Fortaleza;R$ 2.500,00;;;;
HL1918; iPhone ;2;Gabriela;Mello;24;06/07/2018;Porto Alegre;R$ 5.300,00;;;;
HL1148; Câmera ;5;Giulia;Lopes;85;9/29/2018;Recife;R$ 2.100,00;;;;
HL1148; Câmera ;1;Lucas;Junior;82;4/24/2018;Rio de Janeiro;R$ 2.100,00;;;;
HL4379; Televisão ;4;Adriana;Carneiro;38;01/03/2018;Salvador;R$ 2.500,00;;;;
HL1918; iPhone ;3;Gabriela;Cavalcanti;46;6/20/2018;São Paulo;R$ 5.300,00;;;;
HL2714; Tablet ;5;Natali;Rangel;54;06/12/2018;Rio de Janeiro;R$ 1.600,00;;;;
HL8851; Notebook ;5;Bernard;Pedrosa;88;10/16/2018;São Paulo;R$ 3.500,00;;;;
HL4379; Televisão ;3;Lívia;Marques;29;12/18/2018;Porto Alegre;R$ 2.500,00;;;;
HL7348; SmartWatch ;3;Camila;Sobral;64;7/28/2018;São Paulo;R$ 1.400,00;;;;
HL9962; Android ;2;Felipe;Freitas;76;10/01/2018;Salvador;R$ 3.400,00;;;;
HL7348; SmartWatch ;5;Roberta;Teixeira;25;10/14/2018;Belo Horizonte;R$ 1.400,00;;;;
HL8851; Notebook ;1;Katharina;Barros;47;1/23/2018;São Paulo;R$ 3.500,00;;;;
HL4379; Televisão ;5;Thays;Castro;38;7/21/2018;São Paulo;R$ 2.500,00;;;;
HL4379; Televisão ;4;Breno;Costa;60;05/09/2018;São Paulo;R$ 2.500,00;;;;
HL7348; SmartWatch ;4;Adriane;Chagas;70;11/18/2018;Fortaleza;R$ 1.400,00;;;;
HL4379; Televisão ;1;Rilson;Dias;82;5/29/2018;São Paulo;R$ 2.500,00;;;;
HL9962; Android ;1;Anna;Figueiredo;56;09/05/2018;São Paulo;R$ 3.400,00;;;;
HL1918; iPhone ;1;João;Alves;87;02/09/2018;Goiânia;R$ 5.300,00;;;;
HL2714; Tablet ;2;Matheus;Silva;24;8/19/2018;Salvador;R$ 1.600,00;;;;
HL7348; SmartWatch ;4;Roberto;Nogueira;52;05/04/2018;Fortaleza;R$ 1.400,00;;;;
HL1918; iPhone ;5;Bianca;Tatsch;26;9/19/2018;Salvador;R$ 5.300,00;;;;
HL4379; Televisão ;2;Antônio;Oliveira;65;12/02/2018;Fortaleza;R$ 2.500,00;;;;
HL1918; iPhone ;5;Amanda;Amaral;80;10/29/2018;Rio de Janeiro;R$ 5.300,00;;;;
HL1918; iPhone ;4;Fernanda;Ferreira;70;2/15/2018;São Paulo;R$ 5.300,00;;;;
HL1918; iPhone ;2;Cícero;Lima;43;12/18/2018;Goiânia;R$ 5.300,00;;;;
HL9962; Android ;4;Andressa;Rotsztejn;38;10/21/2018;São Paulo;R$ 3.400,00;;;;
HL9962; Android ;4;Maurício;Dias;36;2/28/2018;Porto Alegre;R$ 3.400,00;;;;
HL4379; Televisão ;2;Amanda;Braga;60;06/12/2018;Fortaleza;R$ 2.500,00;;;;
HL1918; iPhone ;4;Marina;Perdomo;66;08/02/2018;Recife;R$ 5.300,00;;;;
HL1148; Câmera ;5;Norman;Jimbo;61;05/10/2018;Rio de Janeiro;R$ 2.100,00;;;;
HL1918; iPhone ;1;Renan;Freire;27;5/21/2018;Curitiba;R$ 5.300,00;;;;
HL2714; Tablet ;2;Isabella;Scalabrin;76;11/29/2018;Curitiba;R$ 1.600,00;;;;
HL1918; iPhone ;2;Victor;Oliveira;72;8/13/2018;São Paulo;R$ 5.300,00;;;;
HL1918; iPhone ;5;Mariana;Freire;83;6/24/2018;Goiânia;R$ 5.300,00;;;;
HL1918; iPhone ;1;Caroline;Cavalcanti;71;9/25/2018;Rio de Janeiro;R$ 5.300,00;;;;
HL1918; iPhone ;3;Kim;Ferreira;28;12/07/2018;Goiânia;R$ 5.300,00;;;;
HL7348; SmartWatch ;2;Rodrigo;Alves;19;3/13/2018;Rio de Janeiro;R$ 1.400,00;;;;
HL1918; iPhone ;5;Lucas;Valim;35;06/09/2018;Rio de Janeiro;R$ 5.300,00;;;;
HL1148; Câmera ;5;Cláudio;Aragão;36;05/07/2018;São Paulo;R$ 2.100,00;;;;
HL4379; Televisão ;4;Fernanda;Junior;18;12/05/2018;Fortaleza;R$ 2.500,00;;;;
HL4379; Televisão ;1;Adriane;Gomes;67;3/28/2018;Rio de Janeiro;R$ 2.500,00;;;;
HL8851; Notebook ;5;Gabrielle;Costa;28;08/09/2018;Belo Horizonte;R$ 3.500,00;;;;
HL8851; Notebook ;1;Itai;Puntel;55;10/30/2018;São Paulo;R$ 3.500,00;;;;
HL7348; SmartWatch ;4;Daniel;Monteiro;84;4/30/2018;São Paulo;R$ 1.400,00;;;;
HL1918; iPhone ;1;Gabriel;Puntel;89;6/29/2018;Goiânia;R$ 5.300,00;;;;
HL8851; Notebook ;4;Letícia;Rodrigues;41;8/17/2018;Rio de Janeiro;R$ 3.500,00;;;;
HL1918; iPhone ;4;Raissa;Sales;24;11/29/2018;Rio de Janeiro;R$ 5.300,00;;;;
HL1148; Câmera ;2;Hanna;Fonseca;84;09/09/2018;São Paulo;R$ 2.100,00;;;;
HL1918; iPhone ;2;Julia;Silva;48;5/24/2018;Goiânia;R$ 5.300,00;;;;
HL1918; iPhone ;1;Carolina;Vasconcelos;75;10/08/2018;Salvador;R$ 5.300,00;;;;
HL9962; Android ;4;Mateus;Maia;56;06/01/2018;Porto Alegre;R$ 3.400,00;;;;
HL9962; Android ;5;Joyce;Souza;69;6/29/2018;Recife;R$ 3.400,00;;;;
HL7348; SmartWatch ;1;Patrícia;Ferreira;85;08/03/2018;São Paulo;R$ 1.400,00;;;;
HL2714; Tablet ;2;Guilherme;Assis;37;11/12/2018;Rio de Janeiro;R$ 1.600,00;;;;
HL1918; iPhone ;1;Gustavo;Accardo;87;12/24/2018;Salvador;R$ 5.300,00;;;;
HL2714; Tablet ;5;Hércules;Moreira;81;03/07/2018;Porto Alegre;R$ 1.600,00;;;;
HL1918; iPhone ;1;Guilherme;Santos;87;01/09/2018;São Paulo;R$ 5.300,00;;;;
HL4379; Televisão ;1;Julia;Leig;76;12/17/2018;Goiânia;R$ 2.500,00;;;;
HL1918; iPhone ;4;Fabio;Sepúlveda;48;3/25/2018;Belo Horizonte;R$ 5.300,00;;;;
HL1918; iPhone ;1;Brenno;Santos;69;02/02/2018;Recife;R$ 5.300,00;;;;
HL8851; Notebook ;5;Bianca;Piero;60;12/08/2018;Fortaleza;R$ 3.500,00;;;;
HL1918; iPhone ;5;Caio;Moraes;76;2/24/2018;Rio de Janeiro;R$ 5.300,00;;;;
HL9962; Android ;1;Myllena;Corrêa;51;12/24/2018;Fortaleza;R$ 3.400,00;;;;
HL8851; Notebook ;2;Adriana;Carneiro;88;04/04/2018;Rio de Janeiro;R$ 3.500,00;;;;
HL7348; SmartWatch ;3;Caio;Ferreira;55;03/03/2018;Recife;R$ 1.400,00;;;;
HL8851; Notebook ;2;Giulia;Lopes;51;08/01/2018;São Paulo;R$ 3.500,00;;;;
HL2714; Tablet ;1;Carlos;Mesquita;72;8/14/2018;Fortaleza;R$ 1.600,00;;;;
HL7348; SmartWatch ;4;Giuseppe;Bhering;56;10/28/2018;Fortaleza;R$ 1.400,00;;;;
HL1148; Câmera ;4;Natalia;Marinho;58;10/09/2018;Rio de Janeiro;R$ 2.100,00;;;;
HL4379; Televisão ;4;Mariana;Barrozo;38;7/25/2018;Rio de Janeiro;R$ 2.500,00;;;;
HL7348; SmartWatch ;3;Rojane;Lima;34;5/19/2018;Recife;R$ 1.400,00;;;;
HL9962; Android ;3;Giovanna;Santos;30;01/08/2018;Rio de Janeiro;R$ 3.400,00;;;;
HL9962; Android ;1;Antonio;Bernhardt;77;8/21/2018;São Paulo;R$ 3.400,00;;;;
HL1918; iPhone ;3;Rogério;Pereira;22;7/31/2018;Rio de Janeiro;R$ 5.300,00;;;;
HL4379; Televisão ;2;Leonardo;Ferreira;35;3/25/2018;Curitiba;R$ 2.500,00;;;;
HL4379; Televisão ;4;Daniel;Terra;78;5/29/2018;Curitiba;R$ 2.500,00;;;;
HL2714; Tablet ;5;Mariana;Barrozo;24;7/29/2018;São Paulo;R$ 1.600,00;;;;
HL4379; Televisão ;3;Tainah;Nogueira;45;12/12/2018;Salvador;R$ 2.500,00;;;;
HL4379; Televisão ;1;Fernanda;Junior;53;4/25/2018;Recife;R$ 2.500,00;;;;
HL1918; iPhone ;3;Rodrigo;Feijo;55;02/06/2018;Curitiba;R$ 5.300,00;;;;
HL1918; iPhone ;3;Carlos;Melo;59;11/14/2018;Goiânia;R$ 5.300,00;;;;
HL1148; Câmera ;3;Thaís;Ribeiro;38;8/26/2018;Rio de Janeiro;R$ 2.100,00;;;;
HL1918; iPhone ;3;Bruno;Mota;74;04/07/2018;Goiânia;R$ 5.300,00;;;;
HL4379; Televisão ;5;Andressa;Chou;59;1/18/2018;São Paulo;R$ 2.500,00;;;;
HL7348; SmartWatch ;2;Igor;Lima;48;12/21/2018;Curitiba;R$ 1.400,00;;;;
HL8851; Notebook ;5;Stephanie;Gonçalves;32;5/31/2018;Salvador;R$ 3.500,00;;;;
HL4379; Televisão ;5;Marina;Gama;86;4/20/2018;Fortaleza;R$ 2.500,00;;;;
HL1918; iPhone ;4;Lucas;Junior;23;8/21/2018;Rio de Janeiro;R$ 5.300,00;;;;
HL8851; Notebook ;3;Beatriz;Nogueira;65;2/18/2018;São Paulo;R$ 3.500,00;;;;
HL2714; Tablet ;3;Thaís;Moura;52;2/26/2018;São Paulo;R$ 1.600,00;;;;
HL1918; iPhone ;2;Pedro;Xavier;81;6/22/2018;Recife;R$ 5.300,00;;;;
HL4379; Televisão ;2;Alexandre;Rodriguez;51;4/21/2018;São Paulo;R$ 2.500,00;;;;
HL4379; Televisão ;2;Marcelo;Rosa;73;07/09/2018;São Paulo;R$ 2.500,00;;;;
HL4379; Televisão ;1;Marina;Aragão;63;08/08/2018;Recife;R$ 2.500,00;;;;
HL7348; SmartWatch ;1;Gustavo;Azevedo;77;09/12/2018;Porto Alegre;R$ 1.400,00;;;;
HL2714; Tablet ;2;Matheus;Ramos;89;11/02/2018;Recife;R$ 1.600,00;;;;
HL2714; Tablet ;2;Arthur;Fernandes;39;04/06/2018;Belo Horizonte;R$ 1.600,00;;;;
HL4379; Televisão ;2;Livia;Codeceira;90;4/18/2018;Belo Horizonte;R$ 2.500,00;;;;
HL1918; iPhone ;3;Eduardo;Veiga;44;7/30/2018;Goiânia;R$ 5.300,00;;;;
HL1918; iPhone ;3;Pedro;Dalforne;30;4/15/2018;São Paulo;R$ 5.300,00;;;;
HL9962; Android ;5;Caroline;Aquino;20;5/25/2018;Fortaleza;R$ 3.400,00;;;;
HL2714; Tablet ;4;Marcela;Johnson;43;12/22/2018;Rio de Janeiro;R$ 1.600,00;;;;
HL8851; Notebook ;2;Michelle;Miura;40;08/05/2018;São Paulo;R$ 3.500,00;;;;
HL1918; iPhone ;4;Alvaro;Kranz;30;04/10/2018;Salvador;R$ 5.300,00;;;;
HL4379; Televisão ;3;Isabella;Santos;54;09/04/2018;Belo Horizonte;R$ 2.500,00;;;;
HL2714; Tablet ;4;Mateus;Duque;65;5/31/2018;São Paulo;R$ 1.600,00;;;;
HL1918; iPhone ;2;Priscila;Garcia;46;6/24/2018;Rio de Janeiro;R$ 5.300,00;;;;
HL1918; iPhone ;1;Joao;Pereira;46;2/13/2018;São Paulo;R$ 5.300,00;;;;
HL1148; Câmera ;4;Rodrigo;Silva;47;4/15/2018;São Paulo;R$ 2.100,00;;;;
HL1918; iPhone ;4;Débora;Lopes;18;9/25/2018;Rio de Janeiro;R$ 5.300,00;;;;
HL4379; Televisão ;5;Rebeca;Taylor;83;05/12/2018;Fortaleza;R$ 2.500,00;;;;
HL4379; Televisão ;4;Gabriel;Soares;57;03/02/2018;Goiânia;R$ 2.500,00;;;;
HL4379; Televisão ;1;Dykson;Silva;75;03/02/2018;Fortaleza;R$ 2.500,00;;;;
HL9962; Android ;1;Gabriel;Ribeiro;76;05/05/2018;São Paulo;R$ 3.400,00;;;;
HL4379; Televisão ;1;Gabriel;Ribeiro;51;7/29/2018;Belo Horizonte;R$ 2.500,00;;;;
HL1918; iPhone ;4;Camila;Bastazini;73;6/26/2018;Salvador;R$ 5.300,00;;;;
HL1918; iPhone ;5;Lívia;Tanaka;43;3/23/2018;São Paulo;R$ 5.300,00;;;;
HL4379; Televisão ;2;Julia;Aliani;74;11/25/2018;Rio de Janeiro;R$ 2.500,00;;;;
HL8851; Notebook ;2;Lívia;Marques;55;11/11/2018;Fortaleza;R$ 3.500,00;;;;
HL9962; Android ;4;Gabriel;Rocha;67;1/22/2018;Rio de Janeiro;R$ 3.400,00;;;;
HL7348; SmartWatch ;2;Luana;Santana;70;9/23/2018;Curitiba;R$ 1.400,00;;;;
HL1918; iPhone ;5;Rodrigo;Feijo;77;10/03/2018;Salvador;R$ 5.300,00;;;;
HL1918; iPhone ;2;Henrique;Villanova;68;03/02/2018;São Paulo;R$ 5.300,00;;;;
HL1918; iPhone ;1;Roberta;Pimenta;52;9/15/2018;Rio de Janeiro;R$ 5.300,00;;;;
HL7348; SmartWatch ;1;Breno;Farias;85;3/14/2018;São Paulo;R$ 1.400,00;;;;
HL1918; iPhone ;5;João;Ribeiro;71;6/21/2018;Fortaleza;R$ 5.300,00;;;;
HL8851; Notebook ;3;Luana;Santos;78;5/21/2018;Salvador;R$ 3.500,00;;;;
HL2714; Tablet ;3;Aline;Andrade;69;01/10/2018;Recife;R$ 1.600,00;;;;
HL1918; iPhone ;3;Fernanda;Ferreira;72;08/08/2018;Salvador;R$ 5.300,00;;;;
HL9962; Android ;2;João;Capitulo;20;04/07/2018;Salvador;R$ 3.400,00;;;;
HL4379; Televisão ;5;Deysiane;Bach;41;2/24/2018;São Paulo;R$ 2.500,00;;;;
HL4379; Televisão ;1;Bianca;Ferezin;21;10/18/2018;Porto Alegre;R$ 2.500,00;;;;
HL1918; iPhone ;5;Andressa;Rotsztejn;54;2/14/2018;Rio de Janeiro;R$ 5.300,00;;;;
HL4379; Televisão ;5;Matheus;Delgado;18;2/28/2018;São Paulo;R$ 2.500,00;;;;
HL8851; Notebook ;3;Victor;Zakhm;45;08/12/2018;Rio de Janeiro;R$ 3.500,00;;;;
HL8851; Notebook ;2;João;Peçanha;55;9/19/2018;Fortaleza;R$ 3.500,00;;;;
HL9962; Android ;1;Anna;Silva;44;5/31/2018;São Paulo;R$ 3.400,00;;;;
HL7348; SmartWatch ;3;Luiz;Freire;62;9/29/2018;Salvador;R$ 1.400,00;;;;
HL1918; iPhone ;5;Rachel;Restum;64;2/28/2018;São Paulo;R$ 5.300,00;;;;
HL4379; Televisão ;4;Bruno;Barcessat;77;6/19/2018;Curitiba;R$ 2.500,00;;;;
HL1148; Câmera ;2;Sandy;Figueiredo;30;7/26/2018;São Paulo;R$ 2.100,00;;;;
HL4379; Televisão ;2;Eduardo;Silva;43;8/21/2018;São Paulo;R$ 2.500,00;;;;
HL1148; Câmera ;5;Vitor;Boccaletti;57;01/03/2018;São Paulo;R$ 2.100,00;;;;
HL2714; Tablet ;1;Carolina;Santos;19;4/29/2018;Salvador;R$ 1.600,00;;;;
HL2714; Tablet ;2;Desirée;Heimlich;31;8/22/2018;Fortaleza;R$ 1.600,00;;;;
HL4379; Televisão ;4;Gustavo;Accardo;72;4/14/2018;Rio de Janeiro;R$ 2.500,00;;;;
HL9962; Android ;5;João;Silva;56;2/14/2018;Curitiba;R$ 3.400,00;;;;
HL1918; iPhone ;1;João;Monteiro;69;6/30/2018;Fortaleza;R$ 5.300,00;;;;
HL1148; Câmera ;3;Joyce;Souza;19;8/26/2018;Rio de Janeiro;R$ 2.100,00;;;;
HL7348; SmartWatch ;4;Pedro;Jorge;52;10/21/2018;Recife;R$ 1.400,00;;;;
HL9962; Android ;4;Lucas;Freire;55;9/30/2018;São Paulo;R$ 3.400,00;;;;
HL4379; Televisão ;2;Bernard;Pedrosa;61;1/16/2018;Rio de Janeiro;R$ 2.500,00;;;;
HL1918; iPhone ;3;Bruno;Oliveira;19;9/26/2018;São Paulo;R$ 5.300,00;;;;
HL8851; Notebook ;1;Lucas;Lemos;62;3/16/2018;Fortaleza;R$ 3.500,00;;;;
HL1918; iPhone ;4;Raísa;Berto;21;02/04/2018;Rio de Janeiro;R$ 5.300,00;;;;
HL9962; Android ;2;Adrielle;Forte;57;12/28/2018;São Paulo;R$ 3.400,00;;;;
HL1918; iPhone ;4;Leandro;Rodrigues;72;8/31/2018;Salvador;R$ 5.300,00;;;;
HL9962; Android ;3;Matheus;Sapir;75;8/20/2018;Curitiba;R$ 3.400,00;;;;
HL4379; Televisão ;1;Isabel;Leite;43;09/08/2018;Rio de Janeiro;R$ 2.500,00;;;;
HL8851; Notebook ;1;Gustavo;Aragão;89;10/22/2018;Belo Horizonte;R$ 3.500,00;;;;
HL4379; Televisão ;2;Eric;Júnior;51;10/09/2018;Goiânia;R$ 2.500,00;;;;
HL2714; Tablet ;4;Aline;Mello;50;9/24/2018;Salvador;R$ 1.600,00;;;;
HL1918; iPhone ;2;Matheus;Gomes;24;08/10/2018;Goiânia;R$ 5.300,00;;;;
HL8851; Notebook ;4;Luísa;Fonseca;84;7/25/2018;Goiânia;R$ 3.500,00;;;;
HL2714; Tablet ;1;Fernanda;Silva;28;6/24/2018;Salvador;R$ 1.600,00;;;;
HL1918; iPhone ;1;Karina;Camara;85;7/19/2018;Rio de Janeiro;R$ 5.300,00;;;;
HL8851; Notebook ;3;Gabriel;Soares;62;08/06/2018;São Paulo;R$ 3.500,00;;;;
HL1148; Câmera ;1;Caio;Silva;70;08/08/2018;Curitiba;R$ 2.100,00;;;;
HL1918; iPhone ;2;Rodrigo;Mendes;71;07/05/2018;Fortaleza;R$ 5.300,00;;;;
HL8851; Notebook ;4;Guilherme;Lima;73;2/13/2018;Goiânia;R$ 3.500,00;;;;
HL2714; Tablet ;1;Danilo;Mendonça;44;1/25/2018;São Paulo;R$ 1.600,00;;;;
HL1148; Câmera ;2;Ian;Almeida;36;8/26/2018;Rio de Janeiro;R$ 2.100,00;;;;
HL1148; Câmera ;4;Gabriel;Soares;86;1/17/2018;Porto Alegre;R$ 2.100,00;;;;
HL2714; Tablet ;5;Ana;Michetti;41;03/12/2018;Recife;R$ 1.600,00;;;;
HL8851; Notebook ;5;Rubens;Netto;86;02/10/2018;São Paulo;R$ 3.500,00;;;;
HL8851; Notebook ;4;Tainah;Nogueira;72;8/19/2018;Fortaleza;R$ 3.500,00;;;;
HL4379; Televisão ;2;Livia;Corrêa;81;07/10/2018;Goiânia;R$ 2.500,00;;;;
HL1918; iPhone ;4;Júlia;Almeida;27;6/18/2018;Fortaleza;R$ 5.300,00;;;;
HL1918; iPhone ;1;Fernanda;Ferreira;26;10/26/2018;São Paulo;R$ 5.300,00;;;;
HL4379; Televisão ;3;Arthur;Pereira;69;08/07/2018;Rio de Janeiro;R$ 2.500,00;;;;
HL7348; SmartWatch ;3;Izabel;Miura;71;3/21/2018;Rio de Janeiro;R$ 1.400,00;;;;
HL8851; Notebook ;2;Sandy;Ribeiro;50;12/24/2018;São Paulo;R$ 3.500,00;;;;
HL2714; Tablet ;5;Eduardo;Soares;29;10/28/2018;São Paulo;R$ 1.600,00;;;;
HL1918; iPhone ;4;Guilherme;Merotto;57;7/19/2018;Rio de Janeiro;R$ 5.300,00;;;;
HL1918; iPhone ;2;Rebeca;Reis;59;07/12/2018;Recife;R$ 5.300,00;;;;
HL1148; Câmera ;2;Marina;Gama;83;6/29/2018;Rio de Janeiro;R$ 2.100,00;;;;
HL4379; Televisão ;4;Carlos;Melo;90;5/22/2018;Salvador;R$ 2.500,00;;;;
HL1918; iPhone ;3;Wilson;Brandão;51;2/16/2018;São Paulo;R$ 5.300,00;;;;
HL1918; iPhone ;1;William;Mendonça;43;10/16/2018;Curitiba;R$ 5.300,00;;;;
HL2714; Tablet ;4;Isabella;Santos;67;6/16/2018;Rio de Janeiro;R$ 1.600,00;;;;
HL1918; iPhone ;4;Gabriel;Assis;84;9/16/2018;Goiânia;R$ 5.300,00;;;;
HL7348; SmartWatch ;4;Giulia;Lopes;48;08/11/2018;Rio de Janeiro;R$ 1.400,00;;;;
HL9962; Android ;3;Mateus;Franco;66;10/01/2018;São Paulo;R$ 3.400,00;;;;
HL1148; Câmera ;1;Carlos;Portela;42;9/27/2018;São Paulo;R$ 2.100,00;;;;
HL1148; Câmera ;2;Carlos;Azevedo;72;7/19/2018;São Paulo;R$ 2.100,00;;;;
HL1918; iPhone ;3;Carolina;Silva;22;11/24/2018;Belo Horizonte;R$ 5.300,00;;;;
HL8851; Notebook ;5;Amanda;Delgado;39;3/20/2018;Rio de Janeiro;R$ 3.500,00;;;;
HL8851; Notebook ;2;Gabrielle;Viríssimo;50;8/15/2018;Rio de Janeiro;R$ 3.500,00;;;;
HL9962; Android ;5;Wilson;Miranda;82;11/26/2018;Rio de Janeiro;R$ 3.400,00;;;;
HL8851; Notebook ;4;Gabriela;Mello;65;3/27/2018;São Paulo;R$ 3.500,00;;;;
HL9962; Android ;4;Priscila;Suzano;22;11/04/2018;Rio de Janeiro;R$ 3.400,00;;;;
HL7348; SmartWatch ;1;Jéssica;Resinente;44;11/14/2018;São Paulo;R$ 1.400,00;;;;
HL4379; Televisão ;3;Livia;Corrêa;50;04/11/2018;Belo Horizonte;R$ 2.500,00;;;;
HL1918; iPhone ;5;Thays;Castro;89;8/16/2018;Fortaleza;R$ 5.300,00;;;;
HL7348; SmartWatch ;1;Wilson;Meirelles;18;12/17/2018;Fortaleza;R$ 1.400,00;;;;
HL9962; Android ;5;Rogério;Gentile;57;09/04/2018;Fortaleza;R$ 3.400,00;;;;
HL1918; iPhone ;2;Lucas;Wanderley;72;5/23/2018;Salvador;R$ 5.300,00;;;;
HL4379; Televisão ;2;Livia;Corrêa;64;4/30/2018;São Paulo;R$ 2.500,00;;;;
HL1918; iPhone ;1;Bruno;Souza;22;1/19/2018;Salvador;R$ 5.300,00;;;;
HL2714; Tablet ;2;Rebeca;Manhães;50;9/13/2018;Belo Horizonte;R$ 1.600,00;;;;
HL2714; Tablet ;5;Rafaela;Gomes;50;4/17/2018;Fortaleza;R$ 1.600,00;;;;
HL9962; Android ;1;Michelle;Miura;86;10/29/2018;São Paulo;R$ 3.400,00;;;;
HL2714; Tablet ;1;Ana;Carvalho;73;02/02/2018;Goiânia;R$ 1.600,00;;;;
HL1148; Câmera ;3;Eduardo;Soares;64;10/02/2018;São Paulo;R$ 2.100,00;;;;
HL9962; Android ;2;Sandy;Figueiredo;84;03/07/2018;Goiânia;R$ 3.400,00;;;;
HL2714; Tablet ;5;Jeferson;Costa;28;01/11/2018;São Paulo;R$ 1.600,00;;;;
HL1918; iPhone ;3;Matheus;Ramos;25;01/07/2018;Curitiba;R$ 5.300,00;;;;
HL9962; Android ;3;Gabriel;Assis;89;01/11/2018;Salvador;R$ 3.400,00;;;;
HL1918; iPhone ;4;Rodrigo;Mendes;60;09/06/2018;Rio de Janeiro;R$ 5.300,00;;;;
HL4379; Televisão ;4;Norman;Jimbo;29;07/12/2018;Curitiba;R$ 2.500,00;;;;
HL7348; SmartWatch ;1;Karina;Camara;39;1/23/2018;Rio de Janeiro;R$ 1.400,00;;;;
HL9962; Android ;2;Carlos;Melo;71;2/22/2018;Goiânia;R$ 3.400,00;;;;
HL1148; Câmera ;2;Allan;Guedes;33;11/27/2018;São Paulo;R$ 2.100,00;;;;
HL1918; iPhone ;2;Gabriel;Azevedo;78;02/05/2018;São Paulo;R$ 5.300,00;;;;
HL1918; iPhone ;3;Marcela;Gasperi;26;4/17/2018;Rio de Janeiro;R$ 5.300,00;;;;
HL4379; Televisão ;2;Giulia;Lopes;63;05/09/2018;Fortaleza;R$ 2.500,00;;;;
HL7348; SmartWatch ;5;Paula;Carneiro;55;8/28/2018;Fortaleza;R$ 1.400,00;;;;
HL1918; iPhone ;4;Jônatas;Castro;58;06/07/2018;São Paulo;R$ 5.300,00;;;;
HL7348; SmartWatch ;4;Maria;Motta;52;2/27/2018;Curitiba;R$ 1.400,00;;;;
HL1918; iPhone ;3;Gabriel;Garcia;60;12/04/2018;São Paulo;R$ 5.300,00;;;;
HL1148; Câmera ;3;Adriano;Silva;35;08/01/2018;Goiânia;R$ 2.100,00;;;;
HL8851; Notebook ;2;Mariane;Ferreira;71;3/13/2018;Curitiba;R$ 3.500,00;;;;
HL7348; SmartWatch ;3;Paula;Cavalcanti;45;8/26/2018;Salvador;R$ 1.400,00;;;;
HL4379; Televisão ;3;Rodrigo;Mendes;48;3/31/2018;Fortaleza;R$ 2.500,00;;;;
HL1918; iPhone ;2;Bruno;Oliveira;54;02/06/2018;Goiânia;R$ 5.300,00;;;;
HL1918; iPhone ;3;Lázaro;Nascimento;45;6/18/2018;Salvador;R$ 5.300,00;;;;
HL9962; Android ;3;Patrícia;Amaral;23;12/15/2018;Recife;R$ 3.400,00;;;;
HL8851; Notebook ;4;Marcelo;Borges;23;9/28/2018;Curitiba;R$ 3.500,00;;;;
HL1918; iPhone ;2;Natalia;Marinho;35;12/15/2018;Rio de Janeiro;R$ 5.300,00;;;;
HL1148; Câmera ;4;Matheus;Santos;77;10/13/2018;Salvador;R$ 2.100,00;;;;
HL7348; SmartWatch ;3;Patrícia;Fernandes;55;2/22/2018;Belo Horizonte;R$ 1.400,00;;;;
HL9962; Android ;1;Leandro;Ferreira;55;11/01/2018;São Paulo;R$ 3.400,00;;;;
HL7348; SmartWatch ;5;Carolina;Vasconcelos;49;2/23/2018;Fortaleza;R$ 1.400,00;;;;
HL7348; SmartWatch ;1;Luiz;Freire;65;6/24/2018;São Paulo;R$ 1.400,00;;;;
HL4379; Televisão ;2;Lucas;Neto;50;2/16/2018;São Paulo;R$ 2.500,00;;;;
HL8851; Notebook ;4;Sylvio;Bernhardt;39;2/25/2018;Rio de Janeiro;R$ 3.500,00;;;;
HL2714; Tablet ;3;Viviane;Cunha;49;12/24/2018;Recife;R$ 1.600,00;;;;
HL1918; iPhone ;3;João;Aires;77;03/01/2018;Recife;R$ 5.300,00;;;;
HL1918; iPhone ;4;Giuseppe;Bhering;66;09/06/2018;Belo Horizonte;R$ 5.300,00;;;;
HL1918; iPhone ;4;Jéssica;Netto;30;5/18/2018;Salvador;R$ 5.300,00;;;;
HL4379; Televisão ;4;Giselia;Thiele;21;3/30/2018;Curitiba;R$ 2.500,00;;;;
HL2714; Tablet ;3;Pedro;Oliveira;86;10/24/2018;Salvador;R$ 1.600,00;;;;
HL4379; Televisão ;3;Julia;Aliani;68;11/27/2018;Fortaleza;R$ 2.500,00;;;;
HL1918; iPhone ;5;Amanda;Gontijo;36;12/15/2018;São Paulo;R$ 5.300,00;;;;
HL1918; iPhone ;3;Carolina;Santos;48;8/19/2018;Recife;R$ 5.300,00;;;;
HL1148; Câmera ;3;Victor;Franco;71;12/02/2018;Porto Alegre;R$ 2.100,00;;;;
HL1918; iPhone ;5;Gabriel;Garcia;69;02/08/2018;Porto Alegre;R$ 5.300,00;;;;
HL8851; Notebook ;5;Luis;Silva;81;12/08/2018;Salvador;R$ 3.500,00;;;;
HL8851; Notebook ;5;Miguel;Carneiro;28;02/09/2018;Fortaleza;R$ 3.500,00;;;;
HL1918; iPhone ;5;Pedro;Ayres;52;02/08/2018;Fortaleza;R$ 5.300,00;;;;
HL2714; Tablet ;4;Rebeca;Taylor;28;04/08/2018;Rio de Janeiro;R$ 1.600,00;;;;
HL1918; iPhone ;3;Vitor;Boccaletti;59;07/07/2018;Rio de Janeiro;R$ 5.300,00;;;;
HL9962; Android ;1;Henrique;Silva;26;02/12/2018;Salvador;R$ 3.400,00;;;;
HL9962; Android ;3;Pedro;Santana;55;6/28/2018;Recife;R$ 3.400,00;;;;
HL1148; Câmera ;3;Carlos;Araujo;63;5/24/2018;Rio de Janeiro;R$ 2.100,00;;;;
HL9962; Android ;2;Lucas;Neto;28;12/04/2018;Porto Alegre;R$ 3.400,00;;;;
HL1918; iPhone ;4;Catarina;Teixeira;34;3/31/2018;Recife;R$ 5.300,00;;;;
HL1148; Câmera ;4;Hércules;Moreira;34;5/21/2018;São Paulo;R$ 2.100,00;;;;
HL8851; Notebook ;5;Larissa;Cruz;90;7/23/2018;Fortaleza;R$ 3.500,00;;;;
HL4379; Televisão ;3;Gabriel;Azevedo;24;01/01/2018;Recife;R$ 2.500,00;;;;
HL8851; Notebook ;2;Ana;Silva;30;8/24/2018;São Paulo;R$ 3.500,00;;;;
HL4379; Televisão ;4;Guilherme;Jordao;52;2/28/2018;Rio de Janeiro;R$ 2.500,00;;;;
HL4379; Televisão ;4;Camilla;Guimarães;56;2/19/2018;Fortaleza;R$ 2.500,00;;;;
HL1148; Câmera ;4;Hércules;Júnior;81;08/08/2018;Porto Alegre;R$ 2.100,00;;;;
HL4379; Televisão ;3;Vanessa;Bach;32;4/15/2018;Curitiba;R$ 2.500,00;;;;
HL8851; Notebook ;1;Beatriz;Cavalcanti;60;4/23/2018;São Paulo;R$ 3.500,00;;;;
HL8851; Notebook ;5;João;Júnior;79;8/27/2018;Curitiba;R$ 3.500,00;;;;
HL1918; iPhone ;4;Paulo;Campos;29;4/21/2018;Belo Horizonte;R$ 5.300,00;;;;
HL1918; iPhone ;1;Stephanie;Gonçalves;72;12/01/2018;Fortaleza;R$ 5.300,00;;;;
HL7348; SmartWatch ;4;David;Campelo;49;10/26/2018;Rio de Janeiro;R$ 1.400,00;;;;
HL1918; iPhone ;5;Mariana;Baptista;57;08/11/2018;Curitiba;R$ 5.300,00;;;;
HL8851; Notebook ;3;Diego;Rodrigues;53;4/22/2018;Fortaleza;R$ 3.500,00;;;;
HL9962; Android ;4;Thiago;Miura;85;6/16/2018;Porto Alegre;R$ 3.400,00;;;;
HL4379; Televisão ;2;Jéssica;Netto;25;05/03/2018;São Paulo;R$ 2.500,00;;;;
HL1148; Câmera ;5;Victor;Zakhm;90;12/04/2018;Porto Alegre;R$ 2.100,00;;;;
HL9962; Android ;2;Jéssica;Netto;61;6/14/2018;Fortaleza;R$ 3.400,00;;;;
HL7348; SmartWatch ;5;João;Monteiro;50;11/26/2018;Goiânia;R$ 1.400,00;;;;
HL9962; Android ;3;Rafaela;Gonçalves;64;12/04/2018;Rio de Janeiro;R$ 3.400,00;;;;
HL7348; SmartWatch ;5;Caroline;Cavalcanti;75;10/11/2018;Fortaleza;R$ 1.400,00;;;;
HL8851; Notebook ;3;Maria;Assumpção;36;9/16/2018;São Paulo;R$ 3.500,00;;;;
HL2714; Tablet ;4;Amanda;Delgado;61;07/11/2018;Curitiba;R$ 1.600,00;;;;
HL1148; Câmera ;4;Priscila;Carvalho;19;08/07/2018;São Paulo;R$ 2.100,00;;;;
HL1918; iPhone ;3;Julia;Penteado;87;2/25/2018;São Paulo;R$ 5.300,00;;;;
HL9962; Android ;4;Bruna;Rangel;38;4/16/2018;Rio de Janeiro;R$ 3.400,00;;;;
HL1918; iPhone ;5;Iuri;Barbosa;89;2/22/2018;Fortaleza;R$ 5.300,00;;;;
HL1918; iPhone ;3;Paola;Abreu;50;10/10/2018;Fortaleza;R$ 5.300,00;;;;
HL1918; iPhone ;3;Lucas;Junior;65;06/12/2018;Belo Horizonte;R$ 5.300,00;;;;
HL4379; Televisão ;2;Anízio;Carvalho;82;1/14/2018;São Paulo;R$ 2.500,00;;;;
HL1918; iPhone ;1;Leonardo;Faria;41;9/20/2018;São Paulo;R$ 5.300,00;;;;
HL1148; Câmera ;4;Lívia;Marques;73;3/18/2018;São Paulo;R$ 2.100,00;;;;
HL7348; SmartWatch ;3;Caio;Caldas;82;7/20/2018;São Paulo;R$ 1.400,00;;;;
HL9962; Android ;2;João;Guadagnino;61;9/30/2018;São Paulo;R$ 3.400,00;;;;
HL7348; SmartWatch ;4;Fernanda;Figueiredo;61;3/28/2018;Goiânia;R$ 1.400,00;;;;
HL9962; Android ;5;Gabriel;Silva;77;8/29/2018;Curitiba;R$ 3.400,00;;;;
HL2714; Tablet ;4;Gustavo;Thome;71;08/08/2018;Belo Horizonte;R$ 1.600,00;;;;
HL2714; Tablet ;2;Vitor;Arruda;54;02/05/2018;Porto Alegre;R$ 1.600,00;;;;
HL9962; Android ;2;Gustavo;Gomes;61;05/04/2018;São Paulo;R$ 3.400,00;;;;
HL2714; Tablet ;5;Lucas;Baptista;19;11/01/2018;Porto Alegre;R$ 1.600,00;;;;
HL1918; iPhone ;1;Hanna;Fonseca;49;3/14/2018;São Paulo;R$ 5.300,00;;;;
HL9962; Android ;3;Eduardo;Lopes;55;5/24/2018;Goiânia;R$ 3.400,00;;;;
HL1918; iPhone ;5;Eduardo;Nunes;81;04/02/2018;Curitiba;R$ 5.300,00;;;;
HL4379; Televisão ;1;Pedro;Martins;53;12/11/2018;Rio de Janeiro;R$ 2.500,00;;;;
HL4379; Televisão ;4;Amanda;Gontijo;77;3/24/2018;Goiânia;R$ 2.500,00;;;;
HL4379; Televisão ;5;Deysiane;Bach;51;9/28/2018;Belo Horizonte;R$ 2.500,00;;;;
HL1918; iPhone ;2;Gustavo;Thome;52;10/26/2018;Salvador;R$ 5.300,00;;;;
HL9962; Android ;2;Bruna;Londero;18;01/06/2018;Belo Horizonte;R$ 3.400,00;;;;
HL1918; iPhone ;3;Elaine;Santos;42;10/25/2018;Recife;R$ 5.300,00;;;;
HL7348; SmartWatch ;2;João;Fonseca;63;4/25/2018;Rio de Janeiro;R$ 1.400,00;;;;
HL8851; Notebook ;4;Julie;Ferreira;80;12/28/2018;Salvador;R$ 3.500,00;;;;
HL9962; Android ;1;Marcela;Johnson;58;01/06/2018;Fortaleza;R$ 3.400,00;;;;
HL4379; Televisão ;2;Juliana;Guimarães;23;5/31/2018;Belo Horizonte;R$ 2.500,00;;;;
HL1918; iPhone ;3;Rafael;Rocha;84;10/21/2018;Curitiba;R$ 5.300,00;;;;
HL7348; SmartWatch ;2;Breno;Varella;26;1/14/2018;São Paulo;R$ 1.400,00;;;;
HL2714; Tablet ;4;Itai;Puntel;37;9/28/2018;São Paulo;R$ 1.600,00;;;;
HL8851; Notebook ;5;Yasmim;Verly;35;7/30/2018;Salvador;R$ 3.500,00;;;;
HL1918; iPhone ;1;Gabriel;Azevedo;82;11/28/2018;Porto Alegre;R$ 5.300,00;;;;
HL7348; SmartWatch ;2;Daniela;Rosa;30;02/02/2018;Fortaleza;R$ 1.400,00;;;;
HL9962; Android ;4;Ana;Carvalho;54;8/31/2018;Goiânia;R$ 3.400,00;;;;
HL7348; SmartWatch ;2;Gabriel;Brito;31;05/12/2018;Fortaleza;R$ 1.400,00;;;;
HL2714; Tablet ;4;Guilherme;Jordao;64;12/12/2018;Salvador;R$ 1.600,00;;;;
HL1918; iPhone ;2;Anna;Maia;61;11/13/2018;Curitiba;R$ 5.300,00;;;;
HL1918; iPhone ;2;Rodrigo;Bruno;90;7/24/2018;Fortaleza;R$ 5.300,00;;;;
HL4379; Televisão ;4;Vitor;Boccaletti;73;5/27/2018;Fortaleza;R$ 2.500,00;;;;
HL1918; iPhone ;2;Leandro;Melo;32;7/14/2018;Fortaleza;R$ 5.300,00;;;;
HL9962; Android ;3;Lucas;Monte;34;11/25/2018;Porto Alegre;R$ 3.400,00;;;;
HL2714; Tablet ;2;João;Bach;55;05/11/2018;Fortaleza;R$ 1.600,00;;;;
HL1148; Câmera ;2;Gabriela;Aliani;49;3/16/2018;Fortaleza;R$ 2.100,00;;;;
HL1918; iPhone ;3;Luiza;Farias;52;3/27/2018;Goiânia;R$ 5.300,00;;;;
HL9962; Android ;4;Mayara;Soares;22;12/13/2018;Porto Alegre;R$ 3.400,00;;;;
HL4379; Televisão ;2;Giulia;Pessanha;70;10/06/2018;Salvador;R$ 2.500,00;;;;
HL7348; SmartWatch ;4;Beatriz;Santos;85;6/27/2018;São Paulo;R$ 1.400,00;;;;
HL4379; Televisão ;4;Gabriel;Almeida;66;5/13/2018;Porto Alegre;R$ 2.500,00;;;;
HL2714; Tablet ;5;Diego;Mello;53;6/21/2018;Salvador;R$ 1.600,00;;;;
HL1918; iPhone ;5;João;Siqueira;20;05/11/2018;Rio de Janeiro;R$ 5.300,00;;;;
HL1918; iPhone ;4;Jéssica;Netto;81;02/02/2018;Rio de Janeiro;R$ 5.300,00;;;;
HL8851; Notebook ;2;Thomaz;Ferreira;23;5/27/2018;São Paulo;R$ 3.500,00;;;;
HL4379; Televisão ;4;Guilherme;Seixas;73;7/24/2018;Salvador;R$ 2.500,00;;;;
HL1148; Câmera ;5;João;Alves;24;05/07/2018;Curitiba;R$ 2.100,00;;;;
HL1148; Câmera ;4;Rafaela;Rodrigues;78;01/11/2018;Recife;R$ 2.100,00;;;;
HL7348; SmartWatch ;1;Bernard;Pedrosa;60;7/18/2018;Goiânia;R$ 1.400,00;;;;
HL8851; Notebook ;3;Antonio;Manhães;66;02/12/2018;Rio de Janeiro;R$ 3.500,00;;;;
HL8851; Notebook ;4;Matheus;Figueiredo;86;3/18/2018;Recife;R$ 3.500,00;;;;
HL1148; Câmera ;3;Lunna;Vannier;36;6/13/2018;Rio de Janeiro;R$ 2.100,00;;;;
HL2714; Tablet ;1;Diogo;Peixoto;52;9/21/2018;Salvador;R$ 1.600,00;;;;
HL2714; Tablet ;3;Milena;Alcoforado;23;4/14/2018;Salvador;R$ 1.600,00;;;;
HL9962; Android ;5;Luiz;Freire;57;12/12/2018;Rio de Janeiro;R$ 3.400,00;;;;
HL8851; Notebook ;5;Letícia;Leal;26;12/30/2018;São Paulo;R$ 3.500,00;;;;
HL4379; Televisão ;3;Leandro;Melo;77;8/17/2018;São Paulo;R$ 2.500,00;;;;
HL1918; iPhone ;2;Jônatas;Tanaka;74;8/26/2018;Recife;R$ 5.300,00;;;;
HL4379; Televisão ;5;Lucas;Almeida;76;6/17/2018;São Paulo;R$ 2.500,00;;;;
HL9962; Android ;3;Lucas;Coelho;67;05/01/2018;Salvador;R$ 3.400,00;;;;
HL1148; Câmera ;2;Luis;Garcia;39;8/16/2018;Curitiba;R$ 2.100,00;;;;
HL9962; Android ;5;Amanda;Procaci;27;01/10/2018;São Paulo;R$ 3.400,00;;;;
HL4379; Televisão ;5;Carlos;Cardoso;89;5/18/2018;São Paulo;R$ 2.500,00;;;;
HL4379; Televisão ;1;Livia;Codeceira;83;08/05/2018;São Paulo;R$ 2.500,00;;;;
HL1918; iPhone ;4;Mateus;Maia;23;3/30/2018;Belo Horizonte;R$ 5.300,00;;;;
HL1918; iPhone ;3;Silvio;Provenzano;49;4/16/2018;Fortaleza;R$ 5.300,00;;;;
HL9962; Android ;2;Adrielle;Vieira;42;10/01/2018;Belo Horizonte;R$ 3.400,00;;;;
HL1918; iPhone ;1;André;Alves;35;3/28/2018;São Paulo;R$ 5.300,00;;;;
HL1148; Câmera ;5;Bernard;Pedrosa;47;3/19/2018;Salvador;R$ 2.100,00;;;;
HL4379; Televisão ;2;Paula;Isbelle;84;12/05/2018;São Paulo;R$ 2.500,00;;;;
HL4379; Televisão ;1;Carlos;Souza;34;8/24/2018;Rio de Janeiro;R$ 2.500,00;;;;
HL2714; Tablet ;3;Wendela;Mariz;24;1/19/2018;Fortaleza;R$ 1.600,00;;;;
HL4379; Televisão ;1;João;Fonseca;32;5/13/2018;Fortaleza;R$ 2.500,00;;;;
HL2714; Tablet ;5;Aline;Andrade;56;12/30/2018;Salvador;R$ 1.600,00;;;;
HL1918; iPhone ;4;Fernanda;Junior;70;4/24/2018;Belo Horizonte;R$ 5.300,00;;;;
HL1918; iPhone ;3;Larissa;Vasconcellos;77;1/22/2018;São Paulo;R$ 5.300,00;;;;
HL7348; SmartWatch ;5;Guilherme;Lima;82;09/07/2018;São Paulo;R$ 1.400,00;;;;
HL1918; iPhone ;5;Thainá;Binello;53;06/05/2018;Rio de Janeiro;R$ 5.300,00;;;;
HL1148; Câmera ;3;João;Monteiro;85;07/05/2018;Fortaleza;R$ 2.100,00;;;;
HL9962; Android ;5;Hanna;Fonseca;34;07/11/2018;São Paulo;R$ 3.400,00;;;;
HL1918; iPhone ;2;Silvio;Fahrnholz;51;1/27/2018;Porto Alegre;R$ 5.300,00;;;;
HL7348; SmartWatch ;4;Pedro;Pereira;76;8/25/2018;Fortaleza;R$ 1.400,00;;;;
HL9962; Android ;5;João;Siqueira;86;2/22/2018;Curitiba;R$ 3.400,00;;;;
HL1918; iPhone ;4;Rafaela;Feio;68;7/18/2018;Recife;R$ 5.300,00;;;;
HL1148; Câmera ;1;Rafael;Carneiro;90;10/07/2018;Fortaleza;R$ 2.100,00;;;;
HL4379; Televisão ;3;Breno;Farias;45;1/24/2018;Curitiba;R$ 2.500,00;;;;
HL4379; Televisão ;1;Carolina;Santos;53;06/12/2018;Curitiba;R$ 2.500,00;;;;
HL9962; Android ;5;Pedro;Oliveira;60;11/15/2018;Curitiba;R$ 3.400,00;;;;
HL1918; iPhone ;5;Rafaela;Gomes;86;7/25/2018;Goiânia;R$ 5.300,00;;;;
HL8851; Notebook ;1;Mariana;Miranda;32;9/18/2018;Fortaleza;R$ 3.500,00;;;;
HL1918; iPhone ;1;Bruno;Temporal;34;3/23/2018;São Paulo;R$ 5.300,00;;;;
HL8851; Notebook ;4;João;Aires;45;7/27/2018;Rio de Janeiro;R$ 3.500,00;;;;
HL1918; iPhone ;1;Marina;Correa;75;02/03/2018;Porto Alegre;R$ 5.300,00;;;;
HL7348; SmartWatch ;5;Isabela;Rodrigues;51;1/13/2018;Salvador;R$ 1.400,00;;;;
HL7348; SmartWatch ;4;Paula;Isbelle;24;11/11/2018;Salvador;R$ 1.400,00;;;;
HL4379; Televisão ;4;Carlos;Souza;44;09/03/2018;Recife;R$ 2.500,00;;;;
HL1148; Câmera ;5;Breno;Varella;27;7/13/2018;São Paulo;R$ 2.100,00;;;;
HL2714; Tablet ;5;Victor;Ferreira;32;4/26/2018;Porto Alegre;R$ 1.600,00;;;;
HL1918; iPhone ;3;Juan;Barbosa;88;4/15/2018;Goiânia;R$ 5.300,00;;;;
HL1148; Câmera ;4;Wen;Braga;48;12/08/2018;Goiânia;R$ 2.100,00;;;;
HL2714; Tablet ;4;Caio;Silva;25;02/04/2018;Rio de Janeiro;R$ 1.600,00;;;;
HL1918; iPhone ;2;João;Pedrazza;58;4/23/2018;Rio de Janeiro;R$ 5.300,00;;;;
HL9962; Android ;4;Glenda;Santos;24;03/03/2018;Salvador;R$ 3.400,00;;;;
HL1918; iPhone ;4;Joao;Silva;68;04/10/2018;Salvador;R$ 5.300,00;;;;
HL1918; iPhone ;4;Michelle;Miura;21;10/20/2018;Porto Alegre;R$ 5.300,00;;;;
HL4379; Televisão ;3;Gabriel;Pereira;38;05/10/2018;Rio de Janeiro;R$ 2.500,00;;;;
HL4379; Televisão ;3;Luiza;Cabral;34;02/01/2018;Rio de Janeiro;R$ 2.500,00;;;;
HL2714; Tablet ;2;Adriane;Chagas;53;11/06/2018;Rio de Janeiro;R$ 1.600,00;;;;
HL4379; Televisão ;4;Cícero;Lima;44;6/28/2018;Recife;R$ 2.500,00;;;;
HL2714; Tablet ;4;Stephanie;Oliveira;45;03/03/2018;Curitiba;R$ 1.600,00;;;;
HL4379; Televisão ;3;Renan;Nascimento;39;09/12/2018;Fortaleza;R$ 2.500,00;;;;
HL2714; Tablet ;3;Bianca;Allevato;75;11/09/2018;Fortaleza;R$ 1.600,00;;;;
HL7348; SmartWatch ;4;Luiz;Freire;31;07/10/2018;São Paulo;R$ 1.400,00;;;;
HL9962; Android ;5;Pedro;Ronfini;50;3/28/2018;Recife;R$ 3.400,00;;;;
HL7348; SmartWatch ;1;Caroline;Aquino;56;09/12/2018;Salvador;R$ 1.400,00;;;;
HL8851; Notebook ;3;Julia;Leite;66;01/12/2018;Curitiba;R$ 3.500,00;;;;
HL1148; Câmera ;4;Guilherme;Monteiro;21;12/17/2018;Goiânia;R$ 2.100,00;;;;
HL4379; Televisão ;1;Maike;Pereira;31;8/16/2018;São Paulo;R$ 2.500,00;;;;
HL8851; Notebook ;3;Pedro;Santana;52;8/21/2018;Curitiba;R$ 3.500,00;;;;
HL1148; Câmera ;3;Carlos;Silva;43;06/04/2018;Fortaleza;R$ 2.100,00;;;;
HL9962; Android ;1;Lucas;Aragão;18;11/28/2018;Fortaleza;R$ 3.400,00;;;;
HL1918; iPhone ;3;Lucas;Villanova;82;4/27/2018;Rio de Janeiro;R$ 5.300,00;;;;
HL1918; iPhone ;5;Caroline;Aquino;87;12/05/2018;Rio de Janeiro;R$ 5.300,00;;;;
HL1148; Câmera ;5;Patrícia;Ferreira;55;2/20/2018;Curitiba;R$ 2.100,00;;;;
HL2714; Tablet ;2;Bruno;Salomão;32;10/21/2018;São Paulo;R$ 1.600,00;;;;
HL1918; iPhone ;2;Giulia;Pessanha;77;9/26/2018;São Paulo;R$ 5.300,00;;;;
HL1148; Câmera ;3;Fabio;Boccaletti;66;10/06/2018;Fortaleza;R$ 2.100,00;;;;
HL1918; iPhone ;5;Guilherme;Seixas;45;5/25/2018;Fortaleza;R$ 5.300,00;;;;
HL1918; iPhone ;4;Silvio;Fahrnholz;88;11/23/2018;Recife;R$ 5.300,00;;;;
HL8851; Notebook ;3;Renan;Firmino;89;10/21/2018;Curitiba;R$ 3.500,00;;;;
HL1918; iPhone ;4;Mariane;Ferreira;78;11/12/2018;Goiânia;R$ 5.300,00;;;;
HL9962; Android ;1;Victor;Ferreira;64;11/20/2018;Fortaleza;R$ 3.400,00;;;;
HL4379; Televisão ;2;Guilherme;Monteiro;36;10/17/2018;São Paulo;R$ 2.500,00;;;;
HL1918; iPhone ;1;Sylvio;Bernhardt;40;1/14/2018;Goiânia;R$ 5.300,00;;;;
HL1918; iPhone ;3;Carlos;Cardoso;84;12/06/2018;São Paulo;R$ 5.300,00;;;;
HL2714; Tablet ;3;Anna;Silva;55;07/01/2018;Curitiba;R$ 1.600,00;;;;
HL8851; Notebook ;3;Giulia;Lopes;26;11/01/2018;São Paulo;R$ 3.500,00;;;;
HL2714; Tablet ;4;Monique;Vasconcelos;50;12/17/2018;São Paulo;R$ 1.600,00;;;;
HL1918; iPhone ;1;Júlio;Freire;31;12/04/2018;Salvador;R$ 5.300,00;;;;
HL2714; Tablet ;3;Juliana;Goes;20;08/09/2018;São Paulo;R$ 1.600,00;;;;
HL1918; iPhone ;1;José;Seixas;19;10/18/2018;Belo Horizonte;R$ 5.300,00;;;;
HL7348; SmartWatch ;2;Amanda;Roberto;38;09/06/2018;Salvador;R$ 1.400,00;;;;
HL1918; iPhone ;2;Nathan;Morelli;75;7/17/2018;Salvador;R$ 5.300,00;;;;
HL1918; iPhone ;4;Breno;Costa;57;11/15/2018;Porto Alegre;R$ 5.300,00;;;;
HL2714; Tablet ;2;Lucas;Neto;36;08/11/2018;São Paulo;R$ 1.600,00;;;;
HL2714; Tablet ;4;Marcelo;Rosa;78;12/05/2018;Salvador;R$ 1.600,00;;;;
HL1148; Câmera ;1;Nathalia;Ventura;75;08/09/2018;Salvador;R$ 2.100,00;;;;
HL1148; Câmera ;3;José;Jesus;63;8/30/2018;Goiânia;R$ 2.100,00;;;;
HL4379; Televisão ;2;Myllena;Corrêa;53;5/22/2018;Salvador;R$ 2.500,00;;;;
HL7348; SmartWatch ;2;Luiza;Johnson;49;8/25/2018;Goiânia;R$ 1.400,00;;;;
HL1918; iPhone ;2;Daniel;Cardoso;48;7/13/2018;Curitiba;R$ 5.300,00;;;;
HL1918; iPhone ;5;Rebeca;Taylor;20;12/16/2018;Fortaleza;R$ 5.300,00;;;;
HL4379; Televisão ;1;Gabrielle;Wanderley;60;10/20/2018;São Paulo;R$ 2.500,00;;;;
HL1918; iPhone ;1;Vanessa;Bach;39;5/25/2018;Salvador;R$ 5.300,00;;;;
HL1918; iPhone ;4;Rafael;Wajnsztok;49;09/06/2018;Belo Horizonte;R$ 5.300,00;;;;
HL4379; Televisão ;5;Bruna;Silva;69;04/12/2018;Porto Alegre;R$ 2.500,00;;;;
HL1918; iPhone ;3;Wendela;Veloso;21;05/04/2018;Goiânia;R$ 5.300,00;;;;
HL1918; iPhone ;5;Breno;Britto;90;1/24/2018;Fortaleza;R$ 5.300,00;;;;
HL4379; Televisão ;1;Julia;Silva;84;1/18/2018;Salvador;R$ 2.500,00;;;;
HL9962; Android ;2;Raphael;Kurtz;61;7/25/2018;Curitiba;R$ 3.400,00;;;;
HL4379; Televisão ;4;Michelle;Miura;29;4/23/2018;Recife;R$ 2.500,00;;;;
HL1918; iPhone ;5;Sandy;Figueiredo;63;5/14/2018;Rio de Janeiro;R$ 5.300,00;;;;
HL4379; Televisão ;5;Ulisses;Arruda;37;2/15/2018;Fortaleza;R$ 2.500,00;;;;
HL1918; iPhone ;3;Thainá;Binello;63;1/22/2018;Fortaleza;R$ 5.300,00;;;;
HL1918; iPhone ;2;Melissa;Nucci;42;10/15/2018;Goiânia;R$ 5.300,00;;;;
HL1918; iPhone ;1;Jeferson;Costa;43;3/31/2018;Rio de Janeiro;R$ 5.300,00;;;;
HL4379; Televisão ;2;Lucas;Fontoura;84;1/29/2018;São Paulo;R$ 2.500,00;;;;
HL7348; SmartWatch ;2;Igor;Lima;32;05/09/2018;São Paulo;R$ 1.400,00;;;;
HL2714; Tablet ;4;Raísa;Rodrigues;49;9/17/2018;São Paulo;R$ 1.600,00;;;;
HL2714; Tablet ;5;Guilherme;Rachide;82;8/23/2018;Salvador;R$ 1.600,00;;;;
HL1918; iPhone ;3;Roberto;Nogueira;40;10/18/2018;Goiânia;R$ 5.300,00;;;;
HL4379; Televisão ;5;Carlos;Souza;21;03/02/2018;Fortaleza;R$ 2.500,00;;;;
HL7348; SmartWatch ;5;Leandro;Rodrigues;21;12/06/2018;Rio de Janeiro;R$ 1.400,00;;;;
HL1918; iPhone ;4;Karina;Camara;74;7/15/2018;Salvador;R$ 5.300,00;;;;
HL8851; Notebook ;1;Gabriela;Fernandes;79;6/21/2018;Fortaleza;R$ 3.500,00;;;;
HL8851; Notebook ;5;Livia;Codeceira;52;8/17/2018;Porto Alegre;R$ 3.500,00;;;;
HL9962; Android ;4;Beatriz;Biase;54;08/01/2018;São Paulo;R$ 3.400,00;;;;
HL1918; iPhone ;5;Felipe;Cavalcanti;49;10/24/2018;Goiânia;R$ 5.300,00;;;;
HL1918; iPhone ;4;Carlos;Araujo;75;5/26/2018;Fortaleza;R$ 5.300,00;;;;
HL1918; iPhone ;3;Luiza;Procaci;51;8/26/2018;Rio de Janeiro;R$ 5.300,00;;;;
HL4379; Televisão ;5;Cícero;Ramos;74;6/24/2018;Belo Horizonte;R$ 2.500,00;;;;
HL1918; iPhone ;3;Luíza;Garcia;55;2/20/2018;Porto Alegre;R$ 5.300,00;;;;
HL1918; iPhone ;4;Bruno;Barcessat;60;07/10/2018;Goiânia;R$ 5.300,00;;;;
HL4379; Televisão ;3;Carolina;Vasconcelos;31;04/06/2018;Salvador;R$ 2.500,00;;;;
HL2714; Tablet ;4;João;Araujo;32;6/20/2018;Salvador;R$ 1.600,00;;;;
HL1918; iPhone ;4;Carolina;Rocha;52;6/30/2018;São Paulo;R$ 5.300,00;;;;
HL1918; iPhone ;5;Luiz;Campista;77;02/11/2018;Belo Horizonte;R$ 5.300,00;;;;
HL2714; Tablet ;2;Ulisses;Quinto;63;4/17/2018;São Paulo;R$ 1.600,00;;;;
HL2714; Tablet ;2;William;Mendonça;71;11/30/2018;Porto Alegre;R$ 1.600,00;;;;
HL4379; Televisão ;1;Juliana;Pacheco;38;2/15/2018;Goiânia;R$ 2.500,00;;;;
HL8851; Notebook ;2;Douglas;Rodrigues;63;2/24/2018;Fortaleza;R$ 3.500,00;;;;
HL1148; Câmera ;2;Gabrielle;Vasconcelos;66;5/23/2018;Rio de Janeiro;R$ 2.100,00;;;;
HL1918; iPhone ;3;Livia;Corrêa;36;7/21/2018;Fortaleza;R$ 5.300,00;;;;
HL8851; Notebook ;4;Guilherme;Assis;63;6/13/2018;São Paulo;R$ 3.500,00;;;;
HL4379; Televisão ;5;Lázaro;Nascimento;19;08/10/2018;Rio de Janeiro;R$ 2.500,00;;;;
HL1918; iPhone ;1;Daniela;Pereira;48;10/02/2018;Salvador;R$ 5.300,00;;;;
HL4379; Televisão ;3;Raissa;Negrelli;47;7/18/2018;Curitiba;R$ 2.500,00;;;;
HL8851; Notebook ;5;Vivianne;Rodrigues;39;09/04/2018;Porto Alegre;R$ 3.500,00;;;;
HL4379; Televisão ;4;Carolina;Rocha;20;06/05/2018;Belo Horizonte;R$ 2.500,00;;;;
HL1918; iPhone ;4;Natalia;Accioly;18;2/20/2018;Belo Horizonte;R$ 5.300,00;;;;
HL7348; SmartWatch ;3;Philipe;Morete;90;02/02/2018;Belo Horizonte;R$ 1.400,00;;;;
HL2714; Tablet ;2;Eduardo;Nunes;75;7/24/2018;Curitiba;R$ 1.600,00;;;;
HL7348; SmartWatch ;5;Gabriel;Puntel;52;2/22/2018;São Paulo;R$ 1.400,00;;;;
HL7348; SmartWatch ;2;Natalia;Andrade;41;01/04/2018;Rio de Janeiro;R$ 1.400,00;;;;
HL7348; SmartWatch ;3;Lara;Moreira;35;05/08/2018;Rio de Janeiro;R$ 1.400,00;;;;
HL9962; Android ;5;Luiza;Cavalcanti;48;5/19/2018;Goiânia;R$ 3.400,00;;;;
HL1918; iPhone ;1;Caio;Fernandes;86;10/27/2018;São Paulo;R$ 5.300,00;;;;
HL8851; Notebook ;2;Mayara;Soares;49;5/25/2018;Rio de Janeiro;R$ 3.500,00;;;;
HL1918; iPhone ;2;Andressa;Rotsztejn;79;02/03/2018;Salvador;R$ 5.300,00;;;;
HL1918; iPhone ;2;Alexandre;Dantas;72;11/30/2018;Porto Alegre;R$ 5.300,00;;;;
HL4379; Televisão ;3;Ives;Pinheiro;19;9/18/2018;São Paulo;R$ 2.500,00;;;;
HL9962; Android ;4;Daniel;Alcoforado;49;07/08/2018;São Paulo;R$ 3.400,00;;;;
HL1918; iPhone ;4;Victor;Corrêa;49;01/09/2018;Porto Alegre;R$ 5.300,00;;;;
HL1918; iPhone ;2;Silvio;Fahrnholz;61;9/22/2018;São Paulo;R$ 5.300,00;;;;
HL7348; SmartWatch ;3;David;Assumpção;69;04/12/2018;São Paulo;R$ 1.400,00;;;;
HL2714; Tablet ;5;Pedro;Rodrigues;37;3/16/2018;Porto Alegre;R$ 1.600,00;;;;
HL4379; Televisão ;1;Aline;Andrade;79;4/18/2018;Rio de Janeiro;R$ 2.500,00;;;;
HL8851; Notebook ;1;Pedro;Santana;48;11/22/2018;Salvador;R$ 3.500,00;;;;
HL7348; SmartWatch ;4;Wen;Santos;32;3/13/2018;Recife;R$ 1.400,00;;;;
HL4379; Televisão ;1;Breno;Costa;46;8/29/2018;Belo Horizonte;R$ 2.500,00;;;;
HL8851; Notebook ;1;Alon;Pestana;76;8/20/2018;Rio de Janeiro;R$ 3.500,00;;;;
HL1918; iPhone ;4;Thainá;Binello;67;4/29/2018;Rio de Janeiro;R$ 5.300,00;;;;
HL1918; iPhone ;5;Guilherme;Seixas;84;9/23/2018;São Paulo;R$ 5.300,00;;;;
HL9962; Android ;1;Daniel;Monteiro;75;10/08/2018;São Paulo;R$ 3.400,00;;;;
HL9962; Android ;1;Bruno;Temporal;90;02/02/2018;Belo Horizonte;R$ 3.400,00;;;;
HL1918; iPhone ;1;Matheus;Delgado;49;07/10/2018;Recife;R$ 5.300,00;;;;
HL1918; iPhone ;4;Vivianne;Rodrigues;77;3/28/2018;Porto Alegre;R$ 5.300,00;;;;
HL8851; Notebook ;2;Ives;Pinheiro;58;11/03/2018;Fortaleza;R$ 3.500,00;;;;
HL4379; Televisão ;4;Giulia;Lopes;21;11/22/2018;Goiânia;R$ 2.500,00;;;;
HL2714; Tablet ;2;Ana;Soledade;26;05/10/2018;Recife;R$ 1.600,00;;;;
HL8851; Notebook ;4;Paula;Carneiro;40;3/18/2018;São Paulo;R$ 3.500,00;;;;
HL2714; Tablet ;5;Izabel;Miura;83;07/08/2018;Fortaleza;R$ 1.600,00;;;;
HL4379; Televisão ;3;Raissa;Maia;51;12/12/2018;São Paulo;R$ 2.500,00;;;;
HL4379; Televisão ;4;Carolina;Vasconcelos;70;12/30/2018;Rio de Janeiro;R$ 2.500,00;;;;
HL8851; Notebook ;1;Sthefeson;Kohn;87;5/20/2018;Salvador;R$ 3.500,00;;;;
HL1148; Câmera ;5;Lucas;Chagas;31;7/13/2018;Fortaleza;R$ 2.100,00;;;;
HL9962; Android ;5;Breno;Farias;86;11/11/2018;Belo Horizonte;R$ 3.400,00;;;;
HL9962; Android ;2;Carlos;Assis;54;10/20/2018;Rio de Janeiro;R$ 3.400,00;;;;
HL1148; Câmera ;3;Norman;Jimbo;87;4/29/2018;Goiânia;R$ 2.100,00;;;;
HL7348; SmartWatch ;3;Maria;Gasperi;72;10/08/2018;São Paulo;R$ 1.400,00;;;;
HL4379; Televisão ;3;Luiz;Conceição;22;10/19/2018;Salvador;R$ 2.500,00;;;;
HL9962; Android ;3;Lívia;Tanaka;69;05/11/2018;Belo Horizonte;R$ 3.400,00;;;;
HL8851; Notebook ;1;Gustavo;Accardo;46;9/16/2018;Belo Horizonte;R$ 3.500,00;;;;
HL9962; Android ;4;Caio;Cardoso;35;4/28/2018;São Paulo;R$ 3.400,00;;;;
HL1148; Câmera ;3;Juan;Barbosa;64;1/21/2018;Fortaleza;R$ 2.100,00;;;;
HL4379; Televisão ;2;Ana;Campos;19;8/27/2018;Curitiba;R$ 2.500,00;;;;
HL1148; Câmera ;2;Ana;Campos;86;08/06/2018;São Paulo;R$ 2.100,00;;;;
HL1918; iPhone ;2;Gabriella;Lopes;85;01/09/2018;Goiânia;R$ 5.300,00;;;;
HL1918; iPhone ;5;Rafael;Portela;32;11/06/2018;Rio de Janeiro;R$ 5.300,00;;;;
HL7348; SmartWatch ;5;Rebeca;Manhães;79;03/01/2018;Salvador;R$ 1.400,00;;;;
HL7348; SmartWatch ;1;Diego;Rodrigues;81;02/12/2018;Recife;R$ 1.400,00;;;;
HL7348; SmartWatch ;4;Gabriella;Lopes;32;3/19/2018;Goiânia;R$ 1.400,00;;;;
HL7348; SmartWatch ;5;Lucas;Destri;28;12/19/2018;Rio de Janeiro;R$ 1.400,00;;;;
HL8851; Notebook ;2;Victor;Ferreira;20;01/08/2018;São Paulo;R$ 3.500,00;;;;
HL9962; Android ;2;Maria;Junior;64;05/06/2018;Goiânia;R$ 3.400,00;;;;
HL1148; Câmera ;5;Jeferson;Costa;29;03/09/2018;Porto Alegre;R$ 2.100,00;;;;
HL8851; Notebook ;5;Leonardo;Ferreira;41;08/05/2018;Fortaleza;R$ 3.500,00;;;;
HL9962; Android ;1;Isabella;Montanholi;21;6/28/2018;Recife;R$ 3.400,00;;;;
HL9962; Android ;5;Thiago;Lima;37;9/18/2018;Fortaleza;R$ 3.400,00;;;;
HL1918; iPhone ;4;Luiza;Johnson;62;06/11/2018;São Paulo;R$ 5.300,00;;;;
HL4379; Televisão ;3;Lenon;Fernandes;27;6/19/2018;São Paulo;R$ 2.500,00;;;;
HL2714; Tablet ;2;Anízio;Carvalho;80;4/22/2018;São Paulo;R$ 1.600,00;;;;
HL8851; Notebook ;5;Larissa;Cruz;64;3/25/2018;Porto Alegre;R$ 3.500,00;;;;
HL1148; Câmera ;1;Vitor;Campos;34;10/12/2018;Salvador;R$ 2.100,00;;;;
HL1918; iPhone ;2;Patrick;Silva;68;3/31/2018;Rio de Janeiro;R$ 5.300,00;;;;
HL4379; Televisão ;1;Luis;Villanova;79;6/30/2018;Rio de Janeiro;R$ 2.500,00;;;;
HL1148; Câmera ;4;João;Monteiro;32;9/13/2018;Rio de Janeiro;R$ 2.100,00;;;;
HL9962; Android ;3;Paula;Calbucci;47;10/23/2018;Fortaleza;R$ 3.400,00;;;;
HL1918; iPhone ;3;Kim;Ferreira;28;03/05/2018;São Paulo;R$ 5.300,00;;;;
HL1148; Câmera ;3;Maria;Correa;65;1/21/2018;São Paulo;R$ 2.100,00;;;;
HL1148; Câmera ;1;Carolina;Rachide;21;12/05/2018;São Paulo;R$ 2.100,00;;;;
HL4379; Televisão ;5;Patrícia;Fernandes;85;7/28/2018;Recife;R$ 2.500,00;;;;
HL8851; Notebook ;2;Nicolas;Monteiro;66;07/07/2018;São Paulo;R$ 3.500,00;;;;
HL1918; iPhone ;4;Marina;Correa;74;04/05/2018;Fortaleza;R$ 5.300,00;;;;
HL4379; Televisão ;1;Camila;Sobral;78;05/12/2018;São Paulo;R$ 2.500,00;;;;
HL7348; SmartWatch ;5;Sandy;Moreira;62;12/20/2018;Fortaleza;R$ 1.400,00;;;;
HL1918; iPhone ;2;Mariana;Rotava;67;9/13/2018;Salvador;R$ 5.300,00;;;;
HL9962; Android ;3;Vinícius;Antunes;34;12/25/2018;São Paulo;R$ 3.400,00;;;;
HL1918; iPhone ;3;Ana;Felippe;88;1/20/2018;Goiânia;R$ 5.300,00;;;;
HL1918; iPhone ;2;Giulia;Pessanha;74;2/21/2018;Porto Alegre;R$ 5.300,00;;;;
HL2714; Tablet ;3;Hygor;Essaber;41;12/21/2018;Recife;R$ 1.600,00;;;;
HL7348; SmartWatch ;4;Isabelle;Firmino;35;09/06/2018;São Paulo;R$ 1.400,00;;;;
HL8851; Notebook ;1;Gabriela;Cavalcanti;75;7/28/2018;Curitiba;R$ 3.500,00;;;;
HL9962; Android ;5;Thales;Santos;35;6/28/2018;Belo Horizonte;R$ 3.400,00;;;;
HL1918; iPhone ;1;Luis;Souza;87;03/05/2018;Rio de Janeiro;R$ 5.300,00;;;;
HL1918; iPhone ;5;Isabel;Mesquita;66;12/05/2018;Goiânia;R$ 5.300,00;;;;
HL7348; SmartWatch ;2;Guilherme;Lima;50;5/21/2018;Fortaleza;R$ 1.400,00;;;;
HL1918; iPhone ;4;Rogério;Gentile;55;06/01/2018;São Paulo;R$ 5.300,00;;;;
HL2714; Tablet ;2;Joyce;Souza;28;6/17/2018;Salvador;R$ 1.600,00;;;;
HL1918; iPhone ;4;Bruna;Chein;37;3/17/2018;Goiânia;R$ 5.300,00;;;;
HL1148; Câmera ;3;Bárbara;Lima;78;9/29/2018;São Paulo;R$ 2.100,00;;;;
HL1918; iPhone ;4;Yasser;Calbucci;18;9/15/2018;Fortaleza;R$ 5.300,00;;;;
HL1148; Câmera ;1;Ana;Silva;49;12/29/2018;Curitiba;R$ 2.100,00;;;;
HL8851; Notebook ;3;Carlos;Portela;67;7/25/2018;Fortaleza;R$ 3.500,00;;;;
HL1148; Câmera ;2;Guilherme;Merotto;83;12/01/2018;Rio de Janeiro;R$ 2.100,00;;;;
HL1918; iPhone ;1;Breno;Varella;78;04/11/2018;Fortaleza;R$ 5.300,00;;;;
HL1918; iPhone ;3;Eric;Carvalho;84;06/04/2018;Porto Alegre;R$ 5.300,00;;;;
HL1918; iPhone ;3;Breno;Costa;55;6/21/2018;São Paulo;R$ 5.300,00;;;;
HL9962; Android ;1;Rilson;Dias;59;9/20/2018;Porto Alegre;R$ 3.400,00;;;;
HL8851; Notebook ;2;Gabriela;Aliani;44;06/02/2018;Curitiba;R$ 3.500,00;;;;
HL2714; Tablet ;5;Jônatas;Soares;34;05/03/2018;São Paulo;R$ 1.600,00;;;;
HL4379; Televisão ;4;David;Vasconcelos;55;9/16/2018;Fortaleza;R$ 2.500,00;;;;
HL8851; Notebook ;2;Manuela;Ferreira;26;09/02/2018;Rio de Janeiro;R$ 3.500,00;;;;
HL9962; Android ;5;Lorena;Carvalho;44;10/28/2018;Rio de Janeiro;R$ 3.400,00;;;;
HL1918; iPhone ;2;Raphael;Kurtz;63;7/15/2018;Goiânia;R$ 5.300,00;;;;
HL2714; Tablet ;3;Pedro;Santos;45;8/16/2018;Goiânia;R$ 1.600,00;;;;
HL2714; Tablet ;2;Beatriz;Rocha;26;5/22/2018;São Paulo;R$ 1.600,00;;;;
HL1148; Câmera ;1;Rebeca;Reis;24;11/11/2018;Porto Alegre;R$ 2.100,00;;;;
HL9962; Android ;4;Thiago;Nóbrega;29;6/23/2018;Rio de Janeiro;R$ 3.400,00;;;;
HL1918; iPhone ;3;Victor;Franco;32;12/11/2018;Salvador;R$ 5.300,00;;;;
HL4379; Televisão ;3;Iuri;Barbosa;67;5/31/2018;São Paulo;R$ 2.500,00;;;;
HL4379; Televisão ;3;Mônica;Rotolo;21;09/06/2018;Belo Horizonte;R$ 2.500,00;;;;
HL2714; Tablet ;1;João;Luz;41;07/08/2018;Salvador;R$ 1.600,00;;;;
HL2714; Tablet ;1;Marina;Mesquita;19;4/19/2018;Salvador;R$ 1.600,00;;;;
HL9962; Android ;5;Matheus;Miranda;33;12/15/2018;Rio de Janeiro;R$ 3.400,00;;;;
HL1918; iPhone ;4;Bruna;Silveira;21;07/09/2018;Porto Alegre;R$ 5.300,00;;;;
HL1148; Câmera ;5;Alex;Fernandes;50;9/25/2018;Belo Horizonte;R$ 2.100,00;;;;
HL1148; Câmera ;4;Diego;Rodrigues;34;11/06/2018;Rio de Janeiro;R$ 2.100,00;;;;
HL1918; iPhone ;5;Matheus;Sapir;23;3/16/2018;Fortaleza;R$ 5.300,00;;;;
HL2714; Tablet ;1;Glenda;Santos;44;12/21/2018;Fortaleza;R$ 1.600,00;;;;
HL1918; iPhone ;4;Khaio;Mesquita;28;11/28/2018;Belo Horizonte;R$ 5.300,00;;;;
HL1918; iPhone ;4;Rogério;Pereira;84;11/25/2018;Rio de Janeiro;R$ 5.300,00;;;;
HL8851; Notebook ;2;Juan;Barbosa;62;5/13/2018;Salvador;R$ 3.500,00;;;;
HL1918; iPhone ;1;Carlos;Galvão;74;7/18/2018;Salvador;R$ 5.300,00;;;;
HL4379; Televisão ;2;Alvaro;Kranz;74;6/28/2018;Curitiba;R$ 2.500,00;;;;
HL4379; Televisão ;3;Caio;Fernandes;39;11/11/2018;São Paulo;R$ 2.500,00;;;;
HL1148; Câmera ;3;Daniel;Araujo;54;3/22/2018;Salvador;R$ 2.100,00;;;;
HL1148; Câmera ;4;Daniel;Cardoso;80;12/19/2018;Rio de Janeiro;R$ 2.100,00;;;;
HL4379; Televisão ;2;Isabella;Scalabrin;87;12/11/2018;Porto Alegre;R$ 2.500,00;;;;
HL8851; Notebook ;1;Lucas;Araújo;31;12/27/2018;Rio de Janeiro;R$ 3.500,00;;;;
HL4379; Televisão ;2;Marcelo;Rosa;27;10/06/2018;São Paulo;R$ 2.500,00;;;;
HL1918; iPhone ;4;Andre;Nóbrega;71;12/26/2018;Goiânia;R$ 5.300,00;;;;
HL8851; Notebook ;3;Sandy;Ribeiro;42;4/26/2018;Fortaleza;R$ 3.500,00;;;;
HL1148; Câmera ;4;Dykson;Silva;46;3/14/2018;São Paulo;R$ 2.100,00;;;;
HL1918; iPhone ;2;Henrique;Villanova;59;4/29/2018;Goiânia;R$ 5.300,00;;;;
HL1918; iPhone ;3;Felipe;Cavalcanti;41;8/16/2018;Goiânia;R$ 5.300,00;;;;
HL4379; Televisão ;5;Rebeca;Reis;70;11/08/2018;Curitiba;R$ 2.500,00;;;;
HL7348; SmartWatch ;3;Laís;Oliveira;35;12/10/2018;Fortaleza;R$ 1.400,00;;;;
HL9962; Android ;1;Pedro;Macckione;70;8/31/2018;Belo Horizonte;R$ 3.400,00;;;;
HL4379; Televisão ;1;Antonio;Bernhardt;63;04/08/2018;Porto Alegre;R$ 2.500,00;;;;
HL4379; Televisão ;3;Thainá;Binello;44;05/06/2018;São Paulo;R$ 2.500,00;;;;
HL1918; iPhone ;2;Letícia;Rodrigues;68;06/02/2018;Porto Alegre;R$ 5.300,00;;;;
HL9962; Android ;2;Rafaela;Ferreira;37;9/14/2018;Curitiba;R$ 3.400,00;;;;
HL1148; Câmera ;1;Arthur;Pereira;51;11/04/2018;Belo Horizonte;R$ 2.100,00;;;;
HL4379; Televisão ;2;Gabrielle;Costa;61;4/18/2018;Porto Alegre;R$ 2.500,00;;;;
HL1918; iPhone ;2;Raphael;Ferman;65;6/21/2018;Porto Alegre;R$ 5.300,00;;;;
HL7348; SmartWatch ;5;Mariana;Baptista;39;2/28/2018;Fortaleza;R$ 1.400,00;;;;
HL8851; Notebook ;1;Rachel;Silva;40;1/25/2018;Fortaleza;R$ 3.500,00;;;;
HL8851; Notebook ;1;Rafael;Carneiro;54;11/14/2018;Porto Alegre;R$ 3.500,00;;;;
HL1918; iPhone ;4;Thiago;Veloso;46;01/09/2018;Belo Horizonte;R$ 5.300,00;;;;
HL1918; iPhone ;3;Yasmim;Bittencourt;57;11/13/2018;São Paulo;R$ 5.300,00;;;;
HL4379; Televisão ;5;Isabela;Chagas;51;11/03/2018;Curitiba;R$ 2.500,00;;;;
HL4379; Televisão ;5;Larissa;Cruz;72;6/30/2018;Goiânia;R$ 2.500,00;;;;
HL7348; SmartWatch ;5;João;Monteiro;79;6/29/2018;Goiânia;R$ 1.400,00;;;;
HL7348; SmartWatch ;4;Carlos;Araujo;34;4/15/2018;São Paulo;R$ 1.400,00;;;;
HL8851; Notebook ;3;Beatriz;Rocha;75;11/06/2018;Salvador;R$ 3.500,00;;;;
HL1918; iPhone ;5;Giselia;Thiele;61;2/19/2018;São Paulo;R$ 5.300,00;;;;
HL7348; SmartWatch ;4;Beatriz;Cavalcanti;45;7/20/2018;Porto Alegre;R$ 1.400,00;;;;
HL1918; iPhone ;1;Juliana;Mesquita;71;7/15/2018;São Paulo;R$ 5.300,00;;;;
HL9962; Android ;4;Paloma;Sperandei;29;04/03/2018;Belo Horizonte;R$ 3.400,00;;;;
HL7348; SmartWatch ;5;Lenon;Fernandes;45;2/24/2018;Goiânia;R$ 1.400,00;;;;
HL1918; iPhone ;3;Henrique;Lencastre;32;05/12/2018;São Paulo;R$ 5.300,00;;;;
HL1918; iPhone ;4;Anna;Silva;22;05/03/2018;Fortaleza;R$ 5.300,00;;;;
HL4379; Televisão ;2;Julia;Figueiredo;79;11/13/2018;Goiânia;R$ 2.500,00;;;;
HL1148; Câmera ;3;Juliana;Barreira;58;7/26/2018;Fortaleza;R$ 2.100,00;;;;
HL4379; Televisão ;1;Leandro;Melo;62;11/08/2018;Salvador;R$ 2.500,00;;;;
HL1918; iPhone ;2;João;Ribeiro;32;1/22/2018;Salvador;R$ 5.300,00;;;;
HL7348; SmartWatch ;2;Felipe;Mello;63;04/12/2018;Fortaleza;R$ 1.400,00;;;;
HL1918; iPhone ;4;João;Pedrazza;81;8/27/2018;Salvador;R$ 5.300,00;;;;
HL4379; Televisão ;1;Priscila;Carvalho;90;3/13/2018;Goiânia;R$ 2.500,00;;;;
HL8851; Notebook ;5;Juliana;Mesquita;69;7/14/2018;São Paulo;R$ 3.500,00;;;;
HL1918; iPhone ;5;Gabriel;Puntel;60;8/23/2018;Fortaleza;R$ 5.300,00;;;;
HL1918; iPhone ;2;Juliana;Pacheco;48;1/14/2018;Rio de Janeiro;R$ 5.300,00;;;;
HL1148; Câmera ;3;Thais;Rodrigues;81;7/16/2018;São Paulo;R$ 2.100,00;;;;
HL2714; Tablet ;2;Fernanda;Junior;31;07/11/2018;Fortaleza;R$ 1.600,00;;;;
HL4379; Televisão ;3;Camilla;Vieira;66;07/04/2018;Salvador;R$ 2.500,00;;;;
HL1918; iPhone ;1;Julia;Figueiredo;72;5/29/2018;Fortaleza;R$ 5.300,00;;;;
HL1918; iPhone ;1;Carolina;Silva;19;8/22/2018;Belo Horizonte;R$ 5.300,00;;;;
HL8851; Notebook ;5;Thainá;Binello;40;9/18/2018;Belo Horizonte;R$ 3.500,00;;;;
HL9962; Android ;5;Clara;Bruno;31;2/27/2018;Salvador;R$ 3.400,00;;;;
HL4379; Televisão ;1;Roberta;Nogueira;51;1/29/2018;Curitiba;R$ 2.500,00;;;;
HL8851; Notebook ;1;Isabel;Mesquita;73;11/17/2018;Rio de Janeiro;R$ 3.500,00;;;;
HL2714; Tablet ;5;Bruno;Salomão;59;4/20/2018;São Paulo;R$ 1.600,00;;;;
HL1918; iPhone ;4;Bernardo;Botelho;84;03/02/2018;Recife;R$ 5.300,00;;;;
HL7348; SmartWatch ;2;Elena;Barreto;37;1/29/2018;Fortaleza;R$ 1.400,00;;;;
HL7348; SmartWatch ;3;Lucas;Coelho;68;6/29/2018;Rio de Janeiro;R$ 1.400,00;;;;
HL8851; Notebook ;2;Breno;Farias;39;10/23/2018;São Paulo;R$ 3.500,00;;;;
HL8851; Notebook ;1;Raphael;Guedes;39;12/10/2018;Curitiba;R$ 3.500,00;;;;
HL4379; Televisão ;5;Sandy;Figueiredo;75;08/02/2018;Salvador;R$ 2.500,00;;;;
HL4379; Televisão ;4;Victor;Lira;89;09/11/2018;Fortaleza;R$ 2.500,00;;;;
HL9962; Android ;2;Maria;Mello;77;7/20/2018;Goiânia;R$ 3.400,00;;;;
HL9962; Android ;5;Rafaela;Feio;83;12/08/2018;Curitiba;R$ 3.400,00;;;;
HL9962; Android ;4;Carlos;Souza;22;1/26/2018;Recife;R$ 3.400,00;;;;
HL1918; iPhone ;4;Fernanda;Figueiredo;48;1/28/2018;Rio de Janeiro;R$ 5.300,00;;;;
HL4379; Televisão ;2;Henrique;Oliveira;18;4/21/2018;São Paulo;R$ 2.500,00;;;;
HL9962; Android ;3;Felipe;Cavalcanti;23;6/25/2018;Salvador;R$ 3.400,00;;;;
HL4379; Televisão ;1;Carlos;Barbosa;40;6/19/2018;Recife;R$ 2.500,00;;;;
HL4379; Televisão ;1;Ana;Monte;80;9/26/2018;Porto Alegre;R$ 2.500,00;;;;
HL1918; iPhone ;4;Milena;Alcoforado;36;4/23/2018;São Paulo;R$ 5.300,00;;;;
HL8851; Notebook ;5;Kimberly;Sad;90;2/20/2018;Goiânia;R$ 3.500,00;;;;
HL7348; SmartWatch ;3;Luíza;Garcia;24;8/31/2018;Fortaleza;R$ 1.400,00;;;;
HL9962; Android ;3;Giovanna;Santos;40;01/10/2018;Salvador;R$ 3.400,00;;;;
HL1918; iPhone ;2;João;Júnior;90;12/11/2018;Porto Alegre;R$ 5.300,00;;;;
HL1148; Câmera ;1;Rogério;Gentile;31;05/02/2018;Curitiba;R$ 2.100,00;;;;
HL9962; Android ;2;Caio;Fernandes;53;11/09/2018;São Paulo;R$ 3.400,00;;;;
HL1918; iPhone ;4;Fernanda;Bhering;21;6/19/2018;São Paulo;R$ 5.300,00;;;;
HL4379; Televisão ;4;Desirée;Heimlich;36;11/08/2018;Curitiba;R$ 2.500,00;;;;
HL9962; Android ;1;Priscila;Carvalho;79;01/03/2018;Fortaleza;R$ 3.400,00;;;;
HL1918; iPhone ;3;Isabel;Leite;71;01/04/2018;São Paulo;R$ 5.300,00;;;;
HL2714; Tablet ;5;João;Fonseca;53;10/14/2018;Rio de Janeiro;R$ 1.600,00;;;;
HL7348; SmartWatch ;2;Raphael;Ferman;67;11/03/2018;Fortaleza;R$ 1.400,00;;;;
HL4379; Televisão ;2;Eduardo;Veiga;18;03/09/2018;Fortaleza;R$ 2.500,00;;;;
HL4379; Televisão ;5;Cassio;Faria;68;07/12/2018;São Paulo;R$ 2.500,00;;;;
HL4379; Televisão ;5;Daniela;Pereira;51;12/02/2018;Goiânia;R$ 2.500,00;;;;
HL2714; Tablet ;3;Jeferson;Sone;68;12/25/2018;Rio de Janeiro;R$ 1.600,00;;;;
HL1918; iPhone ;3;Tiago;Pereira;19;4/23/2018;Fortaleza;R$ 5.300,00;;;;
HL7348; SmartWatch ;3;Hanna;Fonseca;90;12/07/2018;São Paulo;R$ 1.400,00;;;;
HL4379; Televisão ;5;Manuela;Ferreira;32;5/21/2018;Porto Alegre;R$ 2.500,00;;;;
HL1918; iPhone ;3;André;Alves;80;04/05/2018;Fortaleza;R$ 5.300,00;;;;
HL9962; Android ;5;Michelle;Pereira;22;12/14/2018;Salvador;R$ 3.400,00;;;;
HL1918; iPhone ;2;Daniel;Cardoso;76;8/16/2018;Porto Alegre;R$ 5.300,00;;;;
HL2714; Tablet ;1;Matheus;Figueiredo;43;4/21/2018;Rio de Janeiro;R$ 1.600,00;;;;
HL1918; iPhone ;3;Julia;Leig;63;06/12/2018;Rio de Janeiro;R$ 5.300,00;;;;
HL1918; iPhone ;1;Renan;Firmino;82;2/25/2018;São Paulo;R$ 5.300,00;;;;
HL1148; Câmera ;3;Julia;Teixeira;38;3/31/2018;São Paulo;R$ 2.100,00;;;;
HL7348; SmartWatch ;4;Luana;Santos;24;07/12/2018;Curitiba;R$ 1.400,00;;;;
HL8851; Notebook ;1;Guilherme;Merotto;53;11/06/2018;Goiânia;R$ 3.500,00;;;;
HL1918; iPhone ;4;Guilherme;Jordao;75;6/26/2018;Salvador;R$ 5.300,00;;;;
HL9962; Android ;4;Thomaz;Ferreira;67;5/21/2018;São Paulo;R$ 3.400,00;;;;
HL7348; SmartWatch ;5;Raphael;Ferman;24;09/03/2018;Belo Horizonte;R$ 1.400,00;;;;
HL4379; Televisão ;3;Larissa;Nauenberg;75;12/04/2018;São Paulo;R$ 2.500,00;;;;
HL9962; Android ;3;Alberto;Silveira;49;12/30/2018;Porto Alegre;R$ 3.400,00;;;;
HL7348; SmartWatch ;5;Audir;Franco;62;7/20/2018;Goiânia;R$ 1.400,00;;;;
HL8851; Notebook ;5;Antonio;Manhães;38;3/24/2018;Porto Alegre;R$ 3.500,00;;;;
HL1918; iPhone ;2;Alon;Fahrnholz;74;03/09/2018;São Paulo;R$ 5.300,00;;;;
HL2714; Tablet ;4;Carlos;Mesquita;76;12/09/2018;Rio de Janeiro;R$ 1.600,00;;;;
HL4379; Televisão ;4;Matheus;Santos;32;11/12/2018;Salvador;R$ 2.500,00;;;;
HL4379; Televisão ;1;Natali;Rangel;82;07/12/2018;Salvador;R$ 2.500,00;;;;
HL1918; iPhone ;2;Sandy;Figueiredo;65;11/25/2018;Recife;R$ 5.300,00;;;;
HL1918; iPhone ;2;Matheus;Tostes;22;06/10/2018;Fortaleza;R$ 5.300,00;;;;
HL1918; iPhone ;3;João;Júnior;42;5/20/2018;Rio de Janeiro;R$ 5.300,00;;;;
HL9962; Android ;3;Silvio;Provenzano;64;1/26/2018;São Paulo;R$ 3.400,00;;;;
HL4379; Televisão ;4;Lucas;Baptista;35;03/10/2018;Curitiba;R$ 2.500,00;;;;
HL4379; Televisão ;2;Bernardo;Soares;46;09/11/2018;São Paulo;R$ 2.500,00;;;;
HL2714; Tablet ;5;Victor;Lira;28;7/23/2018;Fortaleza;R$ 1.600,00;;;;
HL1148; Câmera ;3;Maike;Pereira;80;02/07/2018;Belo Horizonte;R$ 2.100,00;;;;
HL7348; SmartWatch ;5;Marina;Perdomo;20;1/14/2018;Fortaleza;R$ 1.400,00;;;;
HL1918; iPhone ;5;Paulo;Campos;21;10/24/2018;Recife;R$ 5.300,00;;;;
HL8851; Notebook ;5;Marcelo;Pereira;77;8/31/2018;Recife;R$ 3.500,00;;;;
HL1918; iPhone ;1;Breno;Britto;83;04/12/2018;São Paulo;R$ 5.300,00;;;;
HL8851; Notebook ;1;Matheus;Figueiredo;74;3/13/2018;Belo Horizonte;R$ 3.500,00;;;;
HL8851; Notebook ;5;Bernardo;Soares;83;4/14/2018;Recife;R$ 3.500,00;;;;
HL4379; Televisão ;3;David;Assumpção;73;09/12/2018;Salvador;R$ 2.500,00;;;;
HL4379; Televisão ;5;Dandara;Reis;71;01/03/2018;Salvador;R$ 2.500,00;;;;
HL7348; SmartWatch ;5;Eduardo;Soares;44;07/11/2018;Curitiba;R$ 1.400,00;;;;
HL9962; Android ;1;Mariane;Racy;29;8/25/2018;Fortaleza;R$ 3.400,00;;;;
HL7348; SmartWatch ;3;Carlos;Assis;86;02/07/2018;Salvador;R$ 1.400,00;;;;
HL4379; Televisão ;2;Luã;Sá;53;02/12/2018;Salvador;R$ 2.500,00;;;;
HL2714; Tablet ;3;Raphael;Machado;85;02/03/2018;São Paulo;R$ 1.600,00;;;;
HL1918; iPhone ;1;Carlos;Mesquita;23;11/19/2018;Recife;R$ 5.300,00;;;;
HL1918; iPhone ;2;Lucas;Almeida;34;6/13/2018;Goiânia;R$ 5.300,00;;;;
HL8851; Notebook ;2;Raphael;Machado;65;02/10/2018;Salvador;R$ 3.500,00;;;;
HL4379; Televisão ;2;Bruna;Brandao;39;1/18/2018;Fortaleza;R$ 2.500,00;;;;
HL2714; Tablet ;1;Julia;Penteado;65;9/26/2018;São Paulo;R$ 1.600,00;;;;
HL8851; Notebook ;4;Fabio;Sepúlveda;59;02/01/2018;São Paulo;R$ 3.500,00;;;;
HL1918; iPhone ;4;Natali;Rangel;55;10/30/2018;Curitiba;R$ 5.300,00;;;;
HL9962; Android ;2;Jéssica;Stefanelli;50;3/16/2018;Goiânia;R$ 3.400,00;;;;
HL1918; iPhone ;1;Lucas;Aragão;79;10/16/2018;São Paulo;R$ 5.300,00;;;;
HL2714; Tablet ;4;Ives;Barbosa;61;1/21/2018;Belo Horizonte;R$ 1.600,00;;;;
HL1918; iPhone ;2;Rubens;Valente;82;04/11/2018;São Paulo;R$ 5.300,00;;;;
HL1918; iPhone ;3;Raphael;Rezende;43;03/05/2018;Recife;R$ 5.300,00;;;;
HL4379; Televisão ;3;Camila;Sobral;89;12/07/2018;Fortaleza;R$ 2.500,00;;;;
HL2714; Tablet ;3;Lucas;Villanova;27;8/25/2018;São Paulo;R$ 1.600,00;;;;
HL8851; Notebook ;3;Hércules;Júnior;64;1/19/2018;São Paulo;R$ 3.500,00;;;;
HL1918; iPhone ;1;Natalia;Andrade;72;8/13/2018;Curitiba;R$ 5.300,00;;;;
HL1918; iPhone ;2;Luiza;Ribeiro;86;11/22/2018;Salvador;R$ 5.300,00;;;;
HL9962; Android ;3;Karina;Camara;20;07/11/2018;São Paulo;R$ 3.400,00;;;;
HL4379; Televisão ;1;Marcos;Nucci;42;10/13/2018;Porto Alegre;R$ 2.500,00;;;;
HL7348; SmartWatch ;3;Larissa;Jesus;24;6/22/2018;Belo Horizonte;R$ 1.400,00;;;;
HL4379; Televisão ;1;Eduardo;Vargas;25;8/27/2018;Rio de Janeiro;R$ 2.500,00;;;;
HL1918; iPhone ;5;Arthur;Souza;32;03/02/2018;Rio de Janeiro;R$ 5.300,00;;;;
HL4379; Televisão ;4;Jonatas;Essaber;33;8/19/2018;Curitiba;R$ 2.500,00;;;;
HL8851; Notebook ;3;Jonas;Gomes;32;10/07/2018;Porto Alegre;R$ 3.500,00;;;;
HL9962; Android ;3;Tayla;Lima;33;11/07/2018;Salvador;R$ 3.400,00;;;;
HL8851; Notebook ;3;Eric;Júnior;29;3/15/2018;Belo Horizonte;R$ 3.500,00;;;;
HL1918; iPhone ;2;Carlos;Assis;22;12/02/2018;Rio de Janeiro;R$ 5.300,00;;;;
HL4379; Televisão ;2;Ana;Soledade;65;06/08/2018;Recife;R$ 2.500,00;;;;
HL1148; Câmera ;1;Marcelo;Rosa;57;2/13/2018;São Paulo;R$ 2.100,00;;;;
HL9962; Android ;1;Amanda;Gontijo;82;5/26/2018;São Paulo;R$ 3.400,00;;;;
HL1918; iPhone ;5;Wendela;Veloso;67;12/07/2018;Rio de Janeiro;R$ 5.300,00;;;;
HL8851; Notebook ;3;Daniel;Cardoso;49;07/09/2018;Goiânia;R$ 3.500,00;;;;
HL8851; Notebook ;5;Andressa;Rotsztejn;73;02/07/2018;Salvador;R$ 3.500,00;;;;
HL4379; Televisão ;2;Lucas;Rodrigues;36;6/17/2018;São Paulo;R$ 2.500,00;;;;
HL7348; SmartWatch ;2;Daniela;Andrada;49;11/09/2018;Fortaleza;R$ 1.400,00;;;;
HL9962; Android ;1;Renan;Nucci;56;11/10/2018;São Paulo;R$ 3.400,00;;;;
HL1918; iPhone ;2;Ana;Michetti;88;12/26/2018;Rio de Janeiro;R$ 5.300,00;;;;
HL8851; Notebook ;2;Bárbara;Lima;62;8/28/2018;Recife;R$ 3.500,00;;;;
HL1918; iPhone ;2;Ana;Miura;64;5/13/2018;Goiânia;R$ 5.300,00;;;;
HL1148; Câmera ;2;Isabella;Scalabrin;37;1/19/2018;São Paulo;R$ 2.100,00;;;;
HL1918; iPhone ;4;Rodrigo;Mendes;26;5/24/2018;Recife;R$ 5.300,00;;;;
HL1918; iPhone ;3;Stephanie;Gonçalves;62;3/20/2018;Porto Alegre;R$ 5.300,00;;;;
HL1918; iPhone ;5;Rogério;Pereira;73;9/20/2018;São Paulo;R$ 5.300,00;;;;
HL8851; Notebook ;4;Karina;Camara;70;12/27/2018;Rio de Janeiro;R$ 3.500,00;;;;
HL4379; Televisão ;2;Lázaro;Villanova;43;03/04/2018;Salvador;R$ 2.500,00;;;;
HL1918; iPhone ;1;Aline;Andrade;60;2/27/2018;Belo Horizonte;R$ 5.300,00;;;;
HL7348; SmartWatch ;1;Isabella;Montanholi;31;05/08/2018;Fortaleza;R$ 1.400,00;;;;
HL1148; Câmera ;2;Giovanna;Santos;80;4/23/2018;Recife;R$ 2.100,00;;;;
HL4379; Televisão ;4;Gustavo;Accardo;27;3/16/2018;São Paulo;R$ 2.500,00;;;;
HL8851; Notebook ;2;Anna;Maia;50;07/12/2018;Porto Alegre;R$ 3.500,00;;;;
HL2714; Tablet ;2;Danilo;Rubim;72;2/17/2018;Rio de Janeiro;R$ 1.600,00;;;;
HL1918; iPhone ;3;Stefan;Santos;59;02/07/2018;Salvador;R$ 5.300,00;;;;
HL1918; iPhone ;5;Andressa;Rotsztejn;63;8/21/2018;Belo Horizonte;R$ 5.300,00;;;;
HL1918; iPhone ;1;Pedro;Costa;77;4/14/2018;Porto Alegre;R$ 5.300,00;;;;
HL8851; Notebook ;1;Carlos;Cardoso;29;6/17/2018;Fortaleza;R$ 3.500,00;;;;
HL9962; Android ;1;Paloma;Sperandei;88;4/22/2018;São Paulo;R$ 3.400,00;;;;
HL9962; Android ;2;Gabrielle;Wanderley;22;7/27/2018;Curitiba;R$ 3.400,00;;;;
HL9962; Android ;2;Danilo;Rubim;79;3/25/2018;Porto Alegre;R$ 3.400,00;;;;
HL1918; iPhone ;4;Gabriel;Assis;39;10/03/2018;Salvador;R$ 5.300,00;;;;
HL4379; Televisão ;5;Bernardo;Ribeiro;45;07/03/2018;Recife;R$ 2.500,00;;;;
HL4379; Televisão ;2;Anna;Figueiredo;49;11/23/2018;Fortaleza;R$ 2.500,00;;;;
HL1918; iPhone ;4;Gabriel;Assis;28;10/27/2018;Recife;R$ 5.300,00;;;;
HL4379; Televisão ;1;Gustavo;Junior;45;09/01/2018;Curitiba;R$ 2.500,00;;;;
HL4379; Televisão ;4;Juliana;Silva;72;11/17/2018;Fortaleza;R$ 2.500,00;;;;
HL1918; iPhone ;5;Anna;Maia;59;10/03/2018;Fortaleza;R$ 5.300,00;;;;
HL1918; iPhone ;1;Roberto;Mattos;36;12/28/2018;Recife;R$ 5.300,00;;;;
HL1918; iPhone ;5;Bruno;Mota;43;4/20/2018;Belo Horizonte;R$ 5.300,00;;;;
HL4379; Televisão ;1;Victor;Oliveira;61;12/12/2018;Rio de Janeiro;R$ 2.500,00;;;;
HL1148; Câmera ;4;Caio;Affonso;22;12/03/2018;Rio de Janeiro;R$ 2.100,00;;;;
HL1918; iPhone ;1;Izabel;Miura;88;08/07/2018;Fortaleza;R$ 5.300,00;;;;
HL1918; iPhone ;5;Raul;Silveira;67;01/01/2018;Recife;R$ 5.300,00;;;;
HL9962; Android ;1;Paula;Cavalcanti;36;9/25/2018;Recife;R$ 3.400,00;;;;
HL4379; Televisão ;3;Alvaro;Kranz;75;6/14/2018;Salvador;R$ 2.500,00;;;;
HL1918; iPhone ;3;Lucas;Lemos;18;9/30/2018;Fortaleza;R$ 5.300,00;;;;
HL8851; Notebook ;5;Mayara;Soares;51;10/31/2018;Curitiba;R$ 3.500,00;;;;
HL4379; Televisão ;2;Rafaela;Ferreira;40;10/04/2018;São Paulo;R$ 2.500,00;;;;
HL2714; Tablet ;3;Adrielle;Gabriel;32;3/21/2018;Fortaleza;R$ 1.600,00;;;;
HL1918; iPhone ;2;Carolina;Carneiro;22;12/08/2018;Goiânia;R$ 5.300,00;;;;
HL1148; Câmera ;3;Pedro;Ferrari;32;03/05/2018;Rio de Janeiro;R$ 2.100,00;;;;
HL1918; iPhone ;3;Natalia;Accioly;57;07/10/2018;Salvador;R$ 5.300,00;;;;
HL9962; Android ;5;Guilherme;Castilho;52;2/14/2018;Rio de Janeiro;R$ 3.400,00;;;;
HL7348; SmartWatch ;1;Camilla;Cardeman;25;12/01/2018;Curitiba;R$ 1.400,00;;;;
HL2714; Tablet ;2;Norman;Jimbo;35;8/25/2018;Curitiba;R$ 1.600,00;;;;
HL1918; iPhone ;4;Eduardo;Quindeler;51;8/31/2018;Rio de Janeiro;R$ 5.300,00;;;;
HL4379; Televisão ;4;Breno;Costa;86;2/28/2018;Fortaleza;R$ 2.500,00;;;;
HL1918; iPhone ;3;Daniel;Ortiz;18;5/22/2018;Porto Alegre;R$ 5.300,00;;;;
HL1918; iPhone ;5;Pedro;Dalforne;81;4/14/2018;São Paulo;R$ 5.300,00;;;;
HL1918; iPhone ;3;Bianca;Tatsch;59;3/15/2018;Fortaleza;R$ 5.300,00;;;;
HL4379; Televisão ;3;Caio;Caldas;34;10/11/2018;Fortaleza;R$ 2.500,00;;;;
HL1918; iPhone ;2;Nicolas;Monteiro;28;5/29/2018;Rio de Janeiro;R$ 5.300,00;;;;
HL9962; Android ;1;Diogo;Peixoto;84;4/30/2018;Recife;R$ 3.400,00;;;;
HL7348; SmartWatch ;4;Bruno;Velucci;82;8/27/2018;São Paulo;R$ 1.400,00;;;;
HL1918; iPhone ;2;Júlio;Freire;27;11/01/2018;Recife;R$ 5.300,00;;;;
HL4379; Televisão ;3;Caio;Vianna;38;11/18/2018;Fortaleza;R$ 2.500,00;;;;
HL8851; Notebook ;5;Ana;Monte;36;7/28/2018;Salvador;R$ 3.500,00;;;;
HL8851; Notebook ;3;Lara;Moreira;28;8/21/2018;Salvador;R$ 3.500,00;;;;
HL7348; SmartWatch ;5;Victoria;Mazza;67;2/23/2018;Belo Horizonte;R$ 1.400,00;;;;
HL1918; iPhone ;4;Camila;Bastazini;61;10/17/2018;Salvador;R$ 5.300,00;;;;
HL4379; Televisão ;4;Mônica;Rotolo;47;3/23/2018;Rio de Janeiro;R$ 2.500,00;;;;
HL1918; iPhone ;4;Natalia;Accioly;82;2/21/2018;Rio de Janeiro;R$ 5.300,00;;;;
HL4379; Televisão ;2;Silvio;Fahrnholz;24;10/28/2018;São Paulo;R$ 2.500,00;;;;
HL8851; Notebook ;3;Guilherme;Merotto;31;10/09/2018;São Paulo;R$ 3.500,00;;;;
HL2714; Tablet ;5;Vitor;Boccaletti;47;3/31/2018;Fortaleza;R$ 1.600,00;;;;
HL9962; Android ;4;Stephanie;Novak;33;07/09/2018;Rio de Janeiro;R$ 3.400,00;;;;
HL4379; Televisão ;4;José;Vieira;64;10/02/2018;Rio de Janeiro;R$ 2.500,00;;;;
HL9962; Android ;5;Karina;Camara;50;09/09/2018;Porto Alegre;R$ 3.400,00;;;;
HL1148; Câmera ;5;João;Oliveira;42;2/24/2018;São Paulo;R$ 2.100,00;;;;
HL1918; iPhone ;3;Samara;Pinto;59;3/23/2018;Fortaleza;R$ 5.300,00;;;;
HL1918; iPhone ;1;Eduardo;Silva;28;12/16/2018;Salvador;R$ 5.300,00;;;;
HL4379; Televisão ;3;Beatriz;Perdomo;78;2/20/2018;Salvador;R$ 2.500,00;;;;
HL7348; SmartWatch ;3;Felipe;Mendonça;30;6/30/2018;Salvador;R$ 1.400,00;;;;
HL4379; Televisão ;5;Raphael;Filho;81;02/06/2018;Rio de Janeiro;R$ 2.500,00;;;;
HL1918; iPhone ;1;Rafael;Guimarães;62;5/24/2018;Curitiba;R$ 5.300,00;;;;
HL4379; Televisão ;3;Henrique;Villanova;55;6/17/2018;São Paulo;R$ 2.500,00;;;;
HL1148; Câmera ;5;Rodrigo;Feijo;26;8/16/2018;Fortaleza;R$ 2.100,00;;;;
HL1148; Câmera ;1;Carlos;Azevedo;60;12/11/2018;Porto Alegre;R$ 2.100,00;;;;
HL7348; SmartWatch ;5;Isabella;Scalabrin;62;11/12/2018;Curitiba;R$ 1.400,00;;;;
HL1918; iPhone ;3;Bernardo;Soares;32;12/16/2018;Belo Horizonte;R$ 5.300,00;;;;
HL1148; Câmera ;4;Pedro;Martins;27;7/20/2018;Belo Horizonte;R$ 2.100,00;;;;
HL7348; SmartWatch ;5;Rodrigo;Alves;53;01/08/2018;São Paulo;R$ 1.400,00;;;;
HL7348; SmartWatch ;4;Nathalia;Ventura;60;8/27/2018;Rio de Janeiro;R$ 1.400,00;;;;
HL7348; SmartWatch ;3;Luis;Silva;65;08/08/2018;Recife;R$ 1.400,00;;;;
HL1918; iPhone ;3;Bianca;Procaci;58;11/30/2018;São Paulo;R$ 5.300,00;;;;
HL7348; SmartWatch ;1;Alon;Pestana;24;01/07/2018;Belo Horizonte;R$ 1.400,00;;;;
HL8851; Notebook ;5;Maria;Gasperi;36;9/19/2018;Goiânia;R$ 3.500,00;;;;
HL8851; Notebook ;5;Roberta;Pimenta;59;09/08/2018;Recife;R$ 3.500,00;;;;
HL1148; Câmera ;3;Thays;Castro;20;9/14/2018;Rio de Janeiro;R$ 2.100,00;;;;
HL1148; Câmera ;3;Henrique;Oliveira;53;4/23/2018;São Paulo;R$ 2.100,00;;;;
HL1918; iPhone ;3;Mayara;Soares;22;1/22/2018;Rio de Janeiro;R$ 5.300,00;;;;
HL1918; iPhone ;2;Sthefeson;Pereira;47;02/05/2018;Porto Alegre;R$ 5.300,00;;;;
HL8851; Notebook ;1;Guilherme;Seixas;37;06/08/2018;Curitiba;R$ 3.500,00;;;;
HL4379; Televisão ;1;Lucas;Aragão;18;08/10/2018;Fortaleza;R$ 2.500,00;;;;
HL1148; Câmera ;1;Nathan;Morelli;36;4/16/2018;Fortaleza;R$ 2.100,00;;;;
HL1918; iPhone ;5;Diego;Mello;88;11/02/2018;Salvador;R$ 5.300,00;;;;
HL4379; Televisão ;2;Amanda;Machado;71;10/30/2018;São Paulo;R$ 2.500,00;;;;
HL4379; Televisão ;2;Raphael;Filho;69;07/11/2018;Belo Horizonte;R$ 2.500,00;;;;
HL9962; Android ;2;Carolina;Vasconcelos;57;06/04/2018;São Paulo;R$ 3.400,00;;;;
HL8851; Notebook ;5;Thomáz;Rodriguez;81;5/19/2018;Belo Horizonte;R$ 3.500,00;;;;
HL1148; Câmera ;4;Thiago;Costa;47;1/18/2018;Fortaleza;R$ 2.100,00;;;;
HL8851; Notebook ;2;Breno;Varella;57;05/12/2018;Fortaleza;R$ 3.500,00;;;;
HL1148; Câmera ;2;Lucas;Lemos;19;04/10/2018;Salvador;R$ 2.100,00;;;;
HL9962; Android ;2;Carlos;Assis;33;6/30/2018;Recife;R$ 3.400,00;;;;
HL9962; Android ;5;Lázaro;Nascimento;45;3/14/2018;Rio de Janeiro;R$ 3.400,00;;;;
HL7348; SmartWatch ;5;Carolina;Motta;69;10/08/2018;São Paulo;R$ 1.400,00;;;;
HL1148; Câmera ;3;Bianca;Ferezin;78;04/02/2018;São Paulo;R$ 2.100,00;;;;
HL1918; iPhone ;4;Deysiane;Medronho;33;07/11/2018;Fortaleza;R$ 5.300,00;;;;
HL9962; Android ;1;Jeferson;Costa;24;5/17/2018;São Paulo;R$ 3.400,00;;;;
HL4379; Televisão ;1;Larissa;Nauenberg;80;01/12/2018;São Paulo;R$ 2.500,00;;;;
HL4379; Televisão ;2;Willian;Albino;89;7/25/2018;Rio de Janeiro;R$ 2.500,00;;;;
HL1918; iPhone ;2;Bernardo;Nauenberg;40;10/06/2018;Belo Horizonte;R$ 5.300,00;;;;
HL1918; iPhone ;1;Arthur;Rocha;28;11/01/2018;Porto Alegre;R$ 5.300,00;;;;
HL4379; Televisão ;5;Célio;Xavier;53;03/11/2018;São Paulo;R$ 2.500,00;;;;
HL9962; Android ;2;Raphael;Mattos;67;03/08/2018;São Paulo;R$ 3.400,00;;;;
HL1918; iPhone ;5;Victor;Lira;38;9/29/2018;Salvador;R$ 5.300,00;;;;
HL4379; Televisão ;5;Jorge;Carvalho;56;5/23/2018;Porto Alegre;R$ 2.500,00;;;;
HL1918; iPhone ;3;Juliana;Hollander;75;12/20/2018;Recife;R$ 5.300,00;;;;
HL1918; iPhone ;5;Isabela;Teixeira;41;09/03/2018;Recife;R$ 5.300,00;;;;
HL2714; Tablet ;5;Júlio;Freire;65;5/21/2018;Porto Alegre;R$ 1.600,00;;;;
HL7348; SmartWatch ;3;Ravena;Bhering;60;2/16/2018;Fortaleza;R$ 1.400,00;;;;
HL7348; SmartWatch ;5;Mônica;Rotolo;76;10/31/2018;Recife;R$ 1.400,00;;;;
HL1918; iPhone ;4;Thomáz;Vannier;85;5/13/2018;Goiânia;R$ 5.300,00;;;;
HL7348; SmartWatch ;1;Juliana;Hollander;44;12/26/2018;Recife;R$ 1.400,00;;;;
HL9962; Android ;1;Lunna;Vannier;46;7/23/2018;Rio de Janeiro;R$ 3.400,00;;;;
HL7348; SmartWatch ;5;Jéssica;Teixeira;68;3/13/2018;Salvador;R$ 1.400,00;;;;
HL4379; Televisão ;2;Mateus;Polastri;79;08/07/2018;São Paulo;R$ 2.500,00;;;;
HL1918; iPhone ;2;Itai;Puntel;25;9/13/2018;Salvador;R$ 5.300,00;;;;
HL1918; iPhone ;4;Breno;Farias;84;9/15/2018;Rio de Janeiro;R$ 5.300,00;;;;
HL8851; Notebook ;3;Bruno;Ferreira;75;02/11/2018;São Paulo;R$ 3.500,00;;;;
HL1148; Câmera ;4;Rodrigo;Ramos;57;01/10/2018;Goiânia;R$ 2.100,00;;;;
HL4379; Televisão ;4;Camila;Sobral;46;1/15/2018;Salvador;R$ 2.500,00;;;;
HL7348; SmartWatch ;2;Elena;Barreto;79;11/10/2018;Fortaleza;R$ 1.400,00;;;;
HL7348; SmartWatch ;1;Larissa;Nauenberg;46;5/25/2018;Goiânia;R$ 1.400,00;;;;
HL8851; Notebook ;1;Victor;Lira;57;05/08/2018;Goiânia;R$ 3.500,00;;;;
HL2714; Tablet ;2;Wilson;Brandão;54;8/26/2018;Goiânia;R$ 1.600,00;;;;
HL4379; Televisão ;3;Bruno;Ursulino;75;5/15/2018;Porto Alegre;R$ 2.500,00;;;;
HL9962; Android ;1;Dandara;Reis;74;05/12/2018;Salvador;R$ 3.400,00;;;;
HL9962; Android ;5;Caio;Moraes;40;4/14/2018;São Paulo;R$ 3.400,00;;;;
HL1918; iPhone ;2;Pedro;Jorge;47;11/19/2018;Salvador;R$ 5.300,00;;;;
HL4379; Televisão ;4;Luiza;Marques;54;07/01/2018;Belo Horizonte;R$ 2.500,00;;;;
HL1918; iPhone ;5;Gabriel;Azevedo;77;8/24/2018;Salvador;R$ 5.300,00;;;;
HL8851; Notebook ;2;Audir;Franco;35;10/22/2018;Rio de Janeiro;R$ 3.500,00;;;;
HL1918; iPhone ;1;Wen;Braga;42;05/09/2018;Goiânia;R$ 5.300,00;;;;
HL1918; iPhone ;1;Carolina;Motta;18;10/16/2018;Curitiba;R$ 5.300,00;;;;
HL9962; Android ;4;Rubens;Valente;52;6/28/2018;Curitiba;R$ 3.400,00;;;;
HL1918; iPhone ;5;Fernanda;Silva;24;08/08/2018;Porto Alegre;R$ 5.300,00;;;;
HL7348; SmartWatch ;2;William;Mendonça;38;11/12/2018;Belo Horizonte;R$ 1.400,00;;;;
HL4379; Televisão ;5;Philipe;Morete;52;12/03/2018;Curitiba;R$ 2.500,00;;;;
HL1148; Câmera ;1;Lucas;Fontoura;63;3/24/2018;São Paulo;R$ 2.100,00;;;;
HL4379; Televisão ;3;Thayane;Resende;18;12/27/2018;Salvador;R$ 2.500,00;;;;
HL1918; iPhone ;1;Priscila;Vogel;35;12/17/2018;São Paulo;R$ 5.300,00;;;;
HL4379; Televisão ;4;Mariana;Freire;64;2/14/2018;São Paulo;R$ 2.500,00;;;;
HL2714; Tablet ;1;Rogério;Gentile;85;10/25/2018;Salvador;R$ 1.600,00;;;;
HL2714; Tablet ;5;Clarissa;Santos;78;05/09/2018;São Paulo;R$ 1.600,00;;;;
HL1918; iPhone ;5;Juliana;Souza;39;03/03/2018;Fortaleza;R$ 5.300,00;;;;
HL1148; Câmera ;2;Matheus;Tostes;22;10/20/2018;Porto Alegre;R$ 2.100,00;;;;
HL1918; iPhone ;2;Carlos;Cardoso;59;08/02/2018;Rio de Janeiro;R$ 5.300,00;;;;
HL2714; Tablet ;1;Ives;Teixeira;80;6/29/2018;Goiânia;R$ 1.600,00;;;;
HL1918; iPhone ;5;Yasser;Calbucci;41;11/29/2018;Rio de Janeiro;R$ 5.300,00;;;;
HL2714; Tablet ;2;Stephanie;Novak;29;11/20/2018;Fortaleza;R$ 1.600,00;;;;
HL8851; Notebook ;5;Anízio;Carvalho;49;01/09/2018;Belo Horizonte;R$ 3.500,00;;;;
HL9962; Android ;1;Wellington;Duarte;51;02/09/2018;São Paulo;R$ 3.400,00;;;;
HL1918; iPhone ;2;Bruna;Gomes;64;6/18/2018;Salvador;R$ 5.300,00;;;;
HL7348; SmartWatch ;2;Giulia;Lopes;37;11/17/2018;Salvador;R$ 1.400,00;;;;
HL8851; Notebook ;1;Felipe;Cavalcanti;24;9/17/2018;Recife;R$ 3.500,00;;;;
HL1918; iPhone ;4;Thales;Santos;28;5/27/2018;Rio de Janeiro;R$ 5.300,00;;;;
HL4379; Televisão ;3;Ana;Leite;50;9/24/2018;Goiânia;R$ 2.500,00;;;;
HL1918; iPhone ;4;Luiz;Conceição;36;12/06/2018;São Paulo;R$ 5.300,00;;;;
HL1918; iPhone ;5;Bruna;Soares;35;9/30/2018;Recife;R$ 5.300,00;;;;
HL1918; iPhone ;1;Victor;Franco;76;10/24/2018;Fortaleza;R$ 5.300,00;;;;
HL1918; iPhone ;4;Lívia;Marques;86;06/11/2018;Rio de Janeiro;R$ 5.300,00;;;;
HL4379; Televisão ;3;Rafael;Rocha;79;12/17/2018;Curitiba;R$ 2.500,00;;;;
HL4379; Televisão ;4;Luiza;Cabral;49;4/26/2018;Salvador;R$ 2.500,00;;;;
HL1148; Câmera ;1;Glenda;Santos;55;02/07/2018;Recife;R$ 2.100,00;;;;
HL1918; iPhone ;4;Myllena;Carneiro;82;1/27/2018;Curitiba;R$ 5.300,00;;;;
HL4379; Televisão ;2;Mateus;Duque;51;2/21/2018;Fortaleza;R$ 2.500,00;;;;
HL2714; Tablet ;2;Wen;Braga;26;1/13/2018;São Paulo;R$ 1.600,00;;;;
HL2714; Tablet ;3;Livia;Cozendey;77;10/05/2018;São Paulo;R$ 1.600,00;;;;
HL1918; iPhone ;1;Eduardo;Vargas;69;12/21/2018;São Paulo;R$ 5.300,00;;;;
HL7348; SmartWatch ;2;Jônatas;Castro;41;07/04/2018;Belo Horizonte;R$ 1.400,00;;;;
HL1148; Câmera ;2;Priscila;Vogel;80;10/16/2018;Salvador;R$ 2.100,00;;;;
HL2714; Tablet ;2;Leonardo;Ferreira;52;07/02/2018;Salvador;R$ 1.600,00;;;;
HL1918; iPhone ;3;Gustavo;Accardo;29;05/06/2018;Recife;R$ 5.300,00;;;;
HL4379; Televisão ;4;Antonio;Manhães;20;6/17/2018;Rio de Janeiro;R$ 2.500,00;;;;
HL9962; Android ;1;Felipe;Mendonça;77;8/25/2018;Recife;R$ 3.400,00;;;;
HL1918; iPhone ;3;Matheus;Silva;79;07/08/2018;Rio de Janeiro;R$ 5.300,00;;;;
HL1918; iPhone ;1;Luísa;Fonseca;53;11/16/2018;Salvador;R$ 5.300,00;;;;
HL9962; Android ;5;Gabriel;Ribeiro;34;03/03/2018;São Paulo;R$ 3.400,00;;;;
HL1918; iPhone ;4;Bruna;Ramos;54;7/20/2018;Rio de Janeiro;R$ 5.300,00;;;;
HL1918; iPhone ;2;Izabel;Miura;34;03/06/2018;Fortaleza;R$ 5.300,00;;;;
HL7348; SmartWatch ;2;Victor;Magalhães;63;6/27/2018;Rio de Janeiro;R$ 1.400,00;;;;
HL7348; SmartWatch ;4;Priscila;Carvalho;47;5/22/2018;Salvador;R$ 1.400,00;;;;
HL1918; iPhone ;3;Guilherme;Lima;18;11/09/2018;Fortaleza;R$ 5.300,00;;;;
HL1918; iPhone ;1;Pedro;Costa;79;9/20/2018;Belo Horizonte;R$ 5.300,00;;;;
HL4379; Televisão ;2;Bruno;Velucci;73;07/12/2018;Goiânia;R$ 2.500,00;;;;
HL2714; Tablet ;2;Luiz;Limp;25;05/07/2018;Curitiba;R$ 1.600,00;;;;
HL1918; iPhone ;4;Luiz;Mendonça;86;7/28/2018;Belo Horizonte;R$ 5.300,00;;;;
HL1918; iPhone ;5;Henrique;Oliveira;45;1/21/2018;Belo Horizonte;R$ 5.300,00;;;;
HL8851; Notebook ;3;Guilherme;Barbosa;29;04/02/2018;São Paulo;R$ 3.500,00;;;;
HL1918; iPhone ;2;Cassio;Faria;42;12/23/2018;Belo Horizonte;R$ 5.300,00;;;;
HL7348; SmartWatch ;1;Carlos;Souza;74;4/22/2018;Porto Alegre;R$ 1.400,00;;;;
HL4379; Televisão ;3;Adriana;Carneiro;39;07/02/2018;Salvador;R$ 2.500,00;;;;
HL9962; Android ;3;Paulo;Campos;90;1/19/2018;Rio de Janeiro;R$ 3.400,00;;;;
HL1918; iPhone ;1;Mateus;Polastri;38;10/24/2018;Belo Horizonte;R$ 5.300,00;;;;
HL4379; Televisão ;5;Raphael;Kurtz;43;10/04/2018;Porto Alegre;R$ 2.500,00;;;;
HL4379; Televisão ;2;Thales;Santos;72;08/06/2018;Salvador;R$ 2.500,00;;;;
HL1918; iPhone ;3;Eduardo;Pacheco;68;12/17/2018;São Paulo;R$ 5.300,00;;;;
HL7348; SmartWatch ;5;Jéssica;Stefanelli;74;3/20/2018;Rio de Janeiro;R$ 1.400,00;;;;
HL1918; iPhone ;1;Arthur;Fernandes;69;10/06/2018;Goiânia;R$ 5.300,00;;;;
HL2714; Tablet ;1;Beatriz;Perdomo;21;7/21/2018;Fortaleza;R$ 1.600,00;;;;
HL1918; iPhone ;1;Vanessa;Bach;66;2/15/2018;Goiânia;R$ 5.300,00;;;;
HL2714; Tablet ;1;Itai;Puntel;90;07/05/2018;Fortaleza;R$ 1.600,00;;;;
HL1918; iPhone ;4;Matheus;Gomes;24;2/21/2018;Rio de Janeiro;R$ 5.300,00;;;;
HL7348; SmartWatch ;4;Ana;Felippe;76;3/20/2018;Porto Alegre;R$ 1.400,00;;;;
HL7348; SmartWatch ;4;Carla;Zakhm;46;4/23/2018;Porto Alegre;R$ 1.400,00;;;;
HL7348; SmartWatch ;2;Philipe;Morete;69;10/07/2018;Goiânia;R$ 1.400,00;;;;
HL1918; iPhone ;2;Carolina;Santos;58;2/19/2018;Recife;R$ 5.300,00;;;;
HL1918; iPhone ;1;Silvio;Fahrnholz;71;12/15/2018;Rio de Janeiro;R$ 5.300,00;;;;
HL8851; Notebook ;2;Isabel;Mesquita;79;01/02/2018;Porto Alegre;R$ 3.500,00;;;;
HL4379; Televisão ;2;Norman;Jimbo;76;06/07/2018;Goiânia;R$ 2.500,00;;;;
HL4379; Televisão ;4;Matheus;Santos;84;5/30/2018;Curitiba;R$ 2.500,00;;;;
HL1918; iPhone ;1;Paula;Cavalcanti;42;6/18/2018;Belo Horizonte;R$ 5.300,00;;;;
HL9962; Android ;5;Sandy;Ribeiro;59;04/06/2018;Rio de Janeiro;R$ 3.400,00;;;;
HL2714; Tablet ;3;Ana;Felippe;44;10/24/2018;Curitiba;R$ 1.600,00;;;;
HL1148; Câmera ;2;Eduardo;Nunes;81;05/12/2018;Recife;R$ 2.100,00;;;;
HL7348; SmartWatch ;4;Pedro;Rodrigues;49;10/27/2018;Fortaleza;R$ 1.400,00;;;;
HL7348; SmartWatch ;3;Raul;Silveira;49;11/18/2018;São Paulo;R$ 1.400,00;;;;
HL9962; Android ;4;Hygor;Essaber;57;10/03/2018;São Paulo;R$ 3.400,00;;;;
HL2714; Tablet ;1;Marina;Marins;67;05/03/2018;Rio de Janeiro;R$ 1.600,00;;;;
HL1148; Câmera ;5;Camila;Bastazini;70;12/12/2018;Fortaleza;R$ 2.100,00;;;;
HL1918; iPhone ;4;Isabel;Mesquita;38;07/01/2018;São Paulo;R$ 5.300,00;;;;
HL1148; Câmera ;1;Laura;Araujo;84;10/28/2018;Recife;R$ 2.100,00;;;;
HL9962; Android ;1;Priscila;Vogel;57;6/13/2018;Goiânia;R$ 3.400,00;;;;
HL8851; Notebook ;2;Rogério;Gentile;89;2/24/2018;São Paulo;R$ 3.500,00;;;;
HL9962; Android ;4;Guilherme;Monteiro;54;9/28/2018;Rio de Janeiro;R$ 3.400,00;;;;
HL7348; SmartWatch ;2;David;Vasconcelos;84;11/04/2018;Belo Horizonte;R$ 1.400,00;;;;
HL4379; Televisão ;1;Ian;Almeida;38;10/11/2018;Recife;R$ 2.500,00;;;;
HL8851; Notebook ;1;Jorge;Carvalho;56;10/09/2018;Recife;R$ 3.500,00;;;;
HL1148; Câmera ;3;Thiago;Nóbrega;32;01/08/2018;Porto Alegre;R$ 2.100,00;;;;
HL1918; iPhone ;2;Fabio;Ramos;26;4/26/2018;Belo Horizonte;R$ 5.300,00;;;;
HL1918; iPhone ;2;Ana;Miura;26;05/10/2018;Fortaleza;R$ 5.300,00;;;;
HL4379; Televisão ;2;Juliana;Pacheco;44;9/25/2018;São Paulo;R$ 2.500,00;;;;
HL9962; Android ;3;Carolina;Costa;50;3/13/2018;São Paulo;R$ 3.400,00;;;;
HL2714; Tablet ;3;Giovanna;Santos;79;10/13/2018;Porto Alegre;R$ 1.600,00;;;;
HL2714; Tablet ;5;Patrick;Silva;20;8/13/2018;São Paulo;R$ 1.600,00;;;;
HL1918; iPhone ;2;Maria;Mello;51;03/02/2018;Salvador;R$ 5.300,00;;;;
HL1148; Câmera ;3;Natali;Rangel;46;11/23/2018;Belo Horizonte;R$ 2.100,00;;;;
HL1918; iPhone ;3;Hércules;Júnior;68;8/25/2018;Recife;R$ 5.300,00;;;;
HL1918; iPhone ;5;Gabriela;Mello;23;08/07/2018;São Paulo;R$ 5.300,00;;;;
HL1918; iPhone ;2;Yasmim;Bittencourt;46;01/12/2018;Rio de Janeiro;R$ 5.300,00;;;;
HL7348; SmartWatch ;3;Thainá;Binello;55;5/15/2018;São Paulo;R$ 1.400,00;;;;
HL9962; Android ;4;Matheus;Gomes;66;11/28/2018;Fortaleza;R$ 3.400,00;;;;
HL1918; iPhone ;1;Fernanda;Figueiredo;49;12/21/2018;Fortaleza;R$ 5.300,00;;;;
HL1918; iPhone ;3;Gustavo;Guimarães;29;06/12/2018;Salvador;R$ 5.300,00;;;;
HL4379; Televisão ;3;Lucas;Machado;72;3/28/2018;Rio de Janeiro;R$ 2.500,00;;;;
HL1918; iPhone ;5;Caroline;Aquino;77;6/30/2018;Curitiba;R$ 5.300,00;;;;
HL1918; iPhone ;1;João;Peçanha;30;06/05/2018;São Paulo;R$ 5.300,00;;;;
HL1918; iPhone ;4;Joao;Silva;18;3/22/2018;São Paulo;R$ 5.300,00;;;;
HL1148; Câmera ;4;Adrielle;Gabriel;56;08/11/2018;Recife;R$ 2.100,00;;;;
HL4379; Televisão ;5;Thiago;Veiga;47;01/04/2018;Rio de Janeiro;R$ 2.500,00;;;;
HL1918; iPhone ;2;Luiz;Xavier;29;07/10/2018;Fortaleza;R$ 5.300,00;;;;
HL1918; iPhone ;2;Marina;Cormack;62;7/15/2018;Belo Horizonte;R$ 5.300,00;;;;
HL4379; Televisão ;5;Samara;Pinto;50;5/13/2018;Rio de Janeiro;R$ 2.500,00;;;;
HL1918; iPhone ;5;Paulo;Campos;87;7/31/2018;São Paulo;R$ 5.300,00;;;;
HL7348; SmartWatch ;1;Rafael;Carneiro;65;11/13/2018;Fortaleza;R$ 1.400,00;;;;
HL8851; Notebook ;5;Matheus;Tostes;51;2/15/2018;Recife;R$ 3.500,00;;;;
HL1918; iPhone ;1;Eric;Carvalho;24;9/20/2018;Belo Horizonte;R$ 5.300,00;;;;
HL1918; iPhone ;5;Thales;Santos;87;3/27/2018;Recife;R$ 5.300,00;;;;
HL1918; iPhone ;5;Renan;Ventura;57;04/11/2018;Porto Alegre;R$ 5.300,00;;;;
HL7348; SmartWatch ;3;Kimberly;Sad;83;9/29/2018;Rio de Janeiro;R$ 1.400,00;;;;
HL4379; Televisão ;3;Bruno;Barcessat;51;09/05/2018;Porto Alegre;R$ 2.500,00;;;;
HL1918; iPhone ;1;Beatriz;Rocha;87;1/29/2018;Fortaleza;R$ 5.300,00;;;;
HL2714; Tablet ;1;Adrielle;Forte;61;6/21/2018;São Paulo;R$ 1.600,00;;;;
HL1148; Câmera ;1;Eric;Júnior;37;05/07/2018;Recife;R$ 2.100,00;;;;
HL1918; iPhone ;2;Marcelo;Guadagnino;83;2/21/2018;São Paulo;R$ 5.300,00;;;;
HL2714; Tablet ;1;Bruno;Salomão;42;05/05/2018;Salvador;R$ 1.600,00;;;;
HL2714; Tablet ;2;Bianca;Procaci;58;10/30/2018;Rio de Janeiro;R$ 1.600,00;;;;
HL2714; Tablet ;3;Stephanie;Oliveira;51;05/03/2018;Goiânia;R$ 1.600,00;;;;
HL4379; Televisão ;3;Lais;Candido;90;08/10/2018;Curitiba;R$ 2.500,00;;;;
HL1918; iPhone ;4;Jessica;Cordovil;55;02/07/2018;Rio de Janeiro;R$ 5.300,00;;;;
HL1918; iPhone ;2;Eduardo;Peluzo;60;8/22/2018;São Paulo;R$ 5.300,00;;;;
HL1918; iPhone ;4;Marcela;Gasperi;45;05/10/2018;Rio de Janeiro;R$ 5.300,00;;;;
HL2714; Tablet ;1;Eduardo;Soares;75;6/14/2018;Curitiba;R$ 1.600,00;;;;
HL4379; Televisão ;4;Rubens;Netto;64;11/27/2018;Salvador;R$ 2.500,00;;;;
HL7348; SmartWatch ;4;Bruna;Brandao;59;06/07/2018;Salvador;R$ 1.400,00;;;;
HL1918; iPhone ;2;Jonas;Gomes;63;11/29/2018;Fortaleza;R$ 5.300,00;;;;
HL2714; Tablet ;4;Milena;Alcoforado;40;01/06/2018;Goiânia;R$ 1.600,00;;;;
HL1918; iPhone ;4;Luiza;Marques;62;12/30/2018;São Paulo;R$ 5.300,00;;;;
HL2714; Tablet ;3;Gabrielle;Costa;42;6/18/2018;Fortaleza;R$ 1.600,00;;;;
HL1148; Câmera ;3;Júlio;Fraga;82;05/04/2018;Curitiba;R$ 2.100,00;;;;
HL4379; Televisão ;5;Henrique;Oliveira;90;08/03/2018;Salvador;R$ 2.500,00;;;;
HL1918; iPhone ;1;Daniel;Sousa;30;08/10/2018;São Paulo;R$ 5.300,00;;;;
HL7348; SmartWatch ;5;Marina;Mesquita;45;9/16/2018;Rio de Janeiro;R$ 1.400,00;;;;
HL1918; iPhone ;3;Ana;Michetti;72;9/28/2018;São Paulo;R$ 5.300,00;;;;
HL1918; iPhone ;3;Juliana;Pacheco;54;7/13/2018;Rio de Janeiro;R$ 5.300,00;;;;
HL1918; iPhone ;2;Rodrigo;Feijo;73;3/22/2018;Goiânia;R$ 5.300,00;;;;
HL2714; Tablet ;1;Natália;Appel;22;7/30/2018;Porto Alegre;R$ 1.600,00;;;;
HL4379; Televisão ;1;Guilherme;Monteiro;75;05/10/2018;Recife;R$ 2.500,00;;;;
HL1918; iPhone ;2;Julie;Ferreira;59;6/22/2018;Rio de Janeiro;R$ 5.300,00;;;;
HL1918; iPhone ;1;Giuseppe;Borges;34;5/21/2018;São Paulo;R$ 5.300,00;;;;
HL1918; iPhone ;1;Amanda;Amaral;53;04/12/2018;Curitiba;R$ 5.300,00;;;;
HL1918; iPhone ;1;Stela;Mendonça;77;8/23/2018;Curitiba;R$ 5.300,00;;;;
HL7348; SmartWatch ;2;Mariana;Miranda;67;03/01/2018;Fortaleza;R$ 1.400,00;;;;
HL7348; SmartWatch ;1;Guilherme;Barbosa;27;10/21/2018;Porto Alegre;R$ 1.400,00;;;;
HL2714; Tablet ;1;Caroline;Delgado;29;10/18/2018;São Paulo;R$ 1.600,00;;;;
HL4379; Televisão ;5;Kimberly;Sad;46;03/03/2018;Rio de Janeiro;R$ 2.500,00;;;;
HL2714; Tablet ;2;Joao;Silva;34;1/30/2018;Salvador;R$ 1.600,00;;;;
HL8851; Notebook ;4;Danilo;Mendonça;37;10/04/2018;Salvador;R$ 3.500,00;;;;
HL4379; Televisão ;5;Andre;Sampaio;81;12/04/2018;Goiânia;R$ 2.500,00;;;;
HL1918; iPhone ;5;Milena;Alcoforado;69;10/19/2018;São Paulo;R$ 5.300,00;;;;
HL1918; iPhone ;1;Marina;Marins;50;3/14/2018;Fortaleza;R$ 5.300,00;;;;
HL1918; iPhone ;3;Philipe;Morete;56;05/11/2018;Fortaleza;R$ 5.300,00;;;;
HL2714; Tablet ;2;Bianca;Paz;61;4/17/2018;São Paulo;R$ 1.600,00;;;;
HL7348; SmartWatch ;3;Fabio;Boccaletti;39;1/15/2018;São Paulo;R$ 1.400,00;;;;
HL2714; Tablet ;3;Fernanda;Ferreira;68;2/26/2018;Fortaleza;R$ 1.600,00;;;;
HL9962; Android ;4;Amanda;Braga;80;5/21/2018;Rio de Janeiro;R$ 3.400,00;;;;
HL1148; Câmera ;3;Vitor;Campos;24;01/01/2018;São Paulo;R$ 2.100,00;;;;
HL1148; Câmera ;2;Lucas;Lima;56;12/12/2018;São Paulo;R$ 2.100,00;;;;
HL7348; SmartWatch ;4;Julia;Teixeira;47;9/18/2018;São Paulo;R$ 1.400,00;;;;
HL4379; Televisão ;3;Cícero;Lima;82;01/12/2018;Rio de Janeiro;R$ 2.500,00;;;;
HL8851; Notebook ;2;Diego;Marchesi;87;2/27/2018;Goiânia;R$ 3.500,00;;;;
HL1148; Câmera ;4;Bruna;Rangel;76;6/25/2018;Belo Horizonte;R$ 2.100,00;;;;
HL9962; Android ;5;Victor;Gomes;44;6/26/2018;Fortaleza;R$ 3.400,00;;;;
HL1918; iPhone ;2;Bruna;Soares;22;07/09/2018;São Paulo;R$ 5.300,00;;;;
HL7348; SmartWatch ;1;Ana;Monte;19;05/06/2018;Goiânia;R$ 1.400,00;;;;
HL1918; iPhone ;5;Tayla;Lima;31;5/16/2018;Curitiba;R$ 5.300,00;;;;
HL4379; Televisão ;3;Gabriel;Rubim;41;10/02/2018;Salvador;R$ 2.500,00;;;;
HL7348; SmartWatch ;1;David;Assumpção;54;09/11/2018;Fortaleza;R$ 1.400,00;;;;
HL1918; iPhone ;4;Carolina;Brum;18;8/23/2018;Rio de Janeiro;R$ 5.300,00;;;;
HL8851; Notebook ;3;Beatriz;Cavalcanti;48;06/05/2018;Goiânia;R$ 3.500,00;;;;
HL4379; Televisão ;2;Victor;Lira;68;10/29/2018;Salvador;R$ 2.500,00;;;;
HL1918; iPhone ;4;Lívia;Tanaka;45;11/17/2018;Fortaleza;R$ 5.300,00;;;;
HL1918; iPhone ;1;Bruna;Rangel;20;07/01/2018;São Paulo;R$ 5.300,00;;;;
HL2714; Tablet ;2;Lucas;Reis;59;10/29/2018;Belo Horizonte;R$ 1.600,00;;;;
HL1918; iPhone ;3;Luiza;Marques;43;4/17/2018;Belo Horizonte;R$ 5.300,00;;;;
HL1918; iPhone ;2;Maria;Moita;85;2/23/2018;Rio de Janeiro;R$ 5.300,00;;;;
HL1918; iPhone ;1;Gustavo;Azevedo;67;3/14/2018;Rio de Janeiro;R$ 5.300,00;;;;
HL9962; Android ;1;Breno;Varella;55;1/23/2018;Goiânia;R$ 3.400,00;;;;
HL2714; Tablet ;1;Amanda;Procaci;51;9/13/2018;São Paulo;R$ 1.600,00;;;;
HL1918; iPhone ;4;Victor;Oliveira;25;2/21/2018;Salvador;R$ 5.300,00;;;;
HL1918; iPhone ;5;Fabio;Boccaletti;47;7/15/2018;Rio de Janeiro;R$ 5.300,00;;;;
HL8851; Notebook ;2;Roberta;Nogueira;40;05/06/2018;Fortaleza;R$ 3.500,00;;;;
HL4379; Televisão ;3;Luíza;Garcia;46;07/03/2018;São Paulo;R$ 2.500,00;;;;
HL1918; iPhone ;4;Pedro;Conceição;82;02/09/2018;Fortaleza;R$ 5.300,00;;;;
HL1918; iPhone ;1;Danilo;Rubim;43;06/04/2018;Rio de Janeiro;R$ 5.300,00;;;;
HL2714; Tablet ;1;Lucas;Reis;34;10/12/2018;Salvador;R$ 1.600,00;;;;
HL8851; Notebook ;3;Luis;Garcia;38;3/15/2018;Rio de Janeiro;R$ 3.500,00;;;;
HL1918; iPhone ;3;Thales;Portillo;33;10/28/2018;Belo Horizonte;R$ 5.300,00;;;;
HL1148; Câmera ;5;Amanda;Roberto;77;11/29/2018;Goiânia;R$ 2.100,00;;;;
HL4379; Televisão ;5;Diego;Mello;64;9/16/2018;Recife;R$ 2.500,00;;;;
HL1148; Câmera ;1;Eduardo;Nunes;65;6/21/2018;Fortaleza;R$ 2.100,00;;;;
HL1918; iPhone ;2;Mariana;Rotava;69;7/21/2018;São Paulo;R$ 5.300,00;;;;
HL1918; iPhone ;2;Jeferson;Sone;44;4/30/2018;Fortaleza;R$ 5.300,00;;;;
HL1148; Câmera ;1;Danilo;Alves;39;5/29/2018;Porto Alegre;R$ 2.100,00;;;;
HL2714; Tablet ;3;Wilson;Brandão;46;11/12/2018;Salvador;R$ 1.600,00;;;;
HL4379; Televisão ;4;Daniel;Terra;81;04/05/2018;Recife;R$ 2.500,00;;;;
HL1918; iPhone ;3;Elena;Barreto;71;8/24/2018;São Paulo;R$ 5.300,00;;;;
HL1918; iPhone ;5;Guilherme;Vianna;69;08/03/2018;Recife;R$ 5.300,00;;;;
HL1918; iPhone ;3;Isabela;Teixeira;69;12/20/2018;Rio de Janeiro;R$ 5.300,00;;;;
HL7348; SmartWatch ;5;Raísa;Rodrigues;39;08/12/2018;São Paulo;R$ 1.400,00;;;;
HL9962; Android ;1;Mariane;Racy;20;7/19/2018;Recife;R$ 3.400,00;;;;
HL7348; SmartWatch ;3;Jeferson;Costa;56;3/23/2018;São Paulo;R$ 1.400,00;;;;
HL2714; Tablet ;4;Luana;Santos;90;11/14/2018;São Paulo;R$ 1.600,00;;;;
HL9962; Android ;5;Guilherme;Vianna;23;11/12/2018;Fortaleza;R$ 3.400,00;;;;
HL7348; SmartWatch ;4;Pedro;Ayres;82;05/10/2018;São Paulo;R$ 1.400,00;;;;
HL9962; Android ;4;Gabriel;Thome;33;1/30/2018;São Paulo;R$ 3.400,00;;;;
HL4379; Televisão ;4;Giovana;Vilela;24;10/02/2018;Recife;R$ 2.500,00;;;;
HL2714; Tablet ;3;Pedro;Bitencourt;66;12/07/2018;São Paulo;R$ 1.600,00;;;;
HL1918; iPhone ;4;Victoria;Mazza;62;03/07/2018;Rio de Janeiro;R$ 5.300,00;;;;
HL9962; Android ;1;Roberta;Nogueira;34;05/01/2018;Rio de Janeiro;R$ 3.400,00;;;;
HL1918; iPhone ;1;Danilo;Rubim;84;9/29/2018;Fortaleza;R$ 5.300,00;;;;
HL8851; Notebook ;2;Júlio;Fraga;46;2/18/2018;Salvador;R$ 3.500,00;;;;
HL1148; Câmera ;1;Marina;Cormack;74;04/09/2018;São Paulo;R$ 2.100,00;;;;
HL4379; Televisão ;1;Gabrielle;Viríssimo;48;06/02/2018;Recife;R$ 2.500,00;;;;
HL1918; iPhone ;3;Roger;Rosa;42;12/24/2018;Belo Horizonte;R$ 5.300,00;;;;
HL2714; Tablet ;5;Cícero;Ramos;34;10/07/2018;Salvador;R$ 1.600,00;;;;
HL4379; Televisão ;1;Débora;Lopes;56;10/04/2018;Porto Alegre;R$ 2.500,00;;;;
HL4379; Televisão ;2;Juliana;Hollander;22;4/15/2018;Curitiba;R$ 2.500,00;;;;
HL1148; Câmera ;3;Fillipe;Almeida;39;06/08/2018;São Paulo;R$ 2.100,00;;;;
HL8851; Notebook ;1;Stefan;Santos;73;8/21/2018;Belo Horizonte;R$ 3.500,00;;;;
HL8851; Notebook ;5;Julia;Leig;68;6/29/2018;São Paulo;R$ 3.500,00;;;;
HL4379; Televisão ;3;Andreza;Ramos;21;10/27/2018;São Paulo;R$ 2.500,00;;;;
HL4379; Televisão ;5;Sandy;Moreira;44;2/28/2018;Porto Alegre;R$ 2.500,00;;;;
HL1918; iPhone ;3;Carlos;Portela;81;02/02/2018;Rio de Janeiro;R$ 5.300,00;;;;
HL1918; iPhone ;3;Bruna;Soares;21;11/23/2018;Salvador;R$ 5.300,00;;;;
HL1918; iPhone ;4;Thayane;Resende;63;7/26/2018;Salvador;R$ 5.300,00;;;;
HL9962; Android ;5;Arthur;Fernandes;55;8/23/2018;São Paulo;R$ 3.400,00;;;;
HL7348; SmartWatch ;4;Gabriel;Thoni;49;7/31/2018;Salvador;R$ 1.400,00;;;;
HL1918; iPhone ;4;Rafaela;Feio;77;06/04/2018;Salvador;R$ 5.300,00;;;;
HL2714; Tablet ;4;João;Pedrazza;82;4/25/2018;Fortaleza;R$ 1.600,00;;;;
HL4379; Televisão ;1;Ulisses;Filho;54;09/09/2018;Rio de Janeiro;R$ 2.500,00;;;;
HL1918; iPhone ;5;Anderson;Martins;40;4/20/2018;Curitiba;R$ 5.300,00;;;;
HL1918; iPhone ;2;Natalia;Accioly;84;09/07/2018;Rio de Janeiro;R$ 5.300,00;;;;
HL1148; Câmera ;1;Igor;Lima;79;6/14/2018;Goiânia;R$ 2.100,00;;;;
HL4379; Televisão ;5;Caio;Silva;52;12/23/2018;São Paulo;R$ 2.500,00;;;;
HL1148; Câmera ;2;Thiago;Veloso;74;4/23/2018;São Paulo;R$ 2.100,00;;;;
HL4379; Televisão ;2;Pedro;Costa;54;4/18/2018;Belo Horizonte;R$ 2.500,00;;;;
HL9962; Android ;4;Milena;Alcoforado;71;12/01/2018;Porto Alegre;R$ 3.400,00;;;;
HL1918; iPhone ;4;Rodrigo;Mendes;65;5/31/2018;São Paulo;R$ 5.300,00;;;;
HL1918; iPhone ;1;Vanessa;Rodrigues;82;2/23/2018;Porto Alegre;R$ 5.300,00;;;;
HL4379; Televisão ;1;Jeferson;Costa;28;01/02/2018;Salvador;R$ 2.500,00;;;;
HL8851; Notebook ;4;Sthefeson;Pereira;62;02/11/2018;Fortaleza;R$ 3.500,00;;;;
HL9962; Android ;4;Rafael;Carneiro;24;8/13/2018;Fortaleza;R$ 3.400,00;;;;
HL4379; Televisão ;5;Bianca;Ferezin;29;08/01/2018;Goiânia;R$ 2.500,00;;;;
HL7348; SmartWatch ;2;Joana;Calmon;57;10/27/2018;Rio de Janeiro;R$ 1.400,00;;;;
HL1918; iPhone ;2;Natalia;Marinho;39;12/29/2018;Fortaleza;R$ 5.300,00;;;;
HL1148; Câmera ;3;Matheus;Afonso;90;10/21/2018;Rio de Janeiro;R$ 2.100,00;;;;
HL2714; Tablet ;2;João;Ribeiro;23;12/27/2018;Recife;R$ 1.600,00;;;;
HL7348; SmartWatch ;5;Renan;Melo;48;05/03/2018;Goiânia;R$ 1.400,00;;;;
HL7348; SmartWatch ;1;Juan;Barbosa;60;11/08/2018;Rio de Janeiro;R$ 1.400,00;;;;
HL1148; Câmera ;5;Pedro;Lyra;47;2/14/2018;São Paulo;R$ 2.100,00;;;;
HL9962; Android ;1;José;Marques;51;11/21/2018;Porto Alegre;R$ 3.400,00;;;;
HL1918; iPhone ;4;Felipe;Freitas;44;04/12/2018;Rio de Janeiro;R$ 5.300,00;;;;
HL4379; Televisão ;3;Izabel;Lopes;33;10/26/2018;Fortaleza;R$ 2.500,00;;;;
HL1918; iPhone ;5;Bruna;Ramos;31;10/11/2018;Salvador;R$ 5.300,00;;;;
HL1918; iPhone ;3;Beatriz;Perdomo;27;01/05/2018;São Paulo;R$ 5.300,00;;;;
HL9962; Android ;1;Lucas;Valim;72;8/24/2018;Fortaleza;R$ 3.400,00;;;;
HL4379; Televisão ;1;Rafaela;Feio;27;9/29/2018;São Paulo;R$ 2.500,00;;;;
HL7348; SmartWatch ;5;Guilherme;Vianna;53;9/14/2018;Fortaleza;R$ 1.400,00;;;;
HL7348; SmartWatch ;2;Guilherme;Monteiro;61;10/27/2018;Salvador;R$ 1.400,00;;;;
HL4379; Televisão ;2;Eduardo;Soares;65;5/27/2018;Rio de Janeiro;R$ 2.500,00;;;;
HL8851; Notebook ;2;Eduardo;Peluzo;29;04/03/2018;São Paulo;R$ 3.500,00;;;;
HL1918; iPhone ;4;Felipe;Paulo;68;09/01/2018;São Paulo;R$ 5.300,00;;;;
HL8851; Notebook ;3;Alessandra;Martins;21;6/20/2018;Curitiba;R$ 3.500,00;;;;
HL2714; Tablet ;5;Priscila;Carvalho;32;2/23/2018;Curitiba;R$ 1.600,00;;;;
HL9962; Android ;3;Juliana;Silva;21;08/02/2018;Curitiba;R$ 3.400,00;;;;
HL2714; Tablet ;5;Bruno;Oliveira;39;2/26/2018;Salvador;R$ 1.600,00;;;;
HL1148; Câmera ;5;Bernardo;Botelho;90;9/24/2018;Salvador;R$ 2.100,00;;;;
HL7348; SmartWatch ;3;Carolina;Siqueira;53;4/17/2018;Goiânia;R$ 1.400,00;;;;
HL4379; Televisão ;2;Isabela;Chagas;61;06/08/2018;Rio de Janeiro;R$ 2.500,00;;;;
HL1148; Câmera ;2;Izabel;Miura;18;2/14/2018;Porto Alegre;R$ 2.100,00;;;;
HL1918; iPhone ;3;Diego;Mello;80;10/29/2018;Fortaleza;R$ 5.300,00;;;;
HL8851; Notebook ;2;Priscila;Suzano;18;4/29/2018;Fortaleza;R$ 3.500,00;;;;
HL1918; iPhone ;2;Marina;Perdomo;31;01/01/2018;Belo Horizonte;R$ 5.300,00;;;;
HL1918; iPhone ;3;Raul;Junqueira;78;10/06/2018;Rio de Janeiro;R$ 5.300,00;;;;
HL1918; iPhone ;3;Ulisses;Quinto;68;9/29/2018;São Paulo;R$ 5.300,00;;;;
HL4379; Televisão ;3;Ian;Almeida;72;7/17/2018;São Paulo;R$ 2.500,00;;;;
HL4379; Televisão ;5;Yasmim;Verly;23;12/10/2018;Goiânia;R$ 2.500,00;;;;
HL7348; SmartWatch ;1;Silvio;Provenzano;25;11/08/2018;Porto Alegre;R$ 1.400,00;;;;
HL4379; Televisão ;1;Wilson;Meirelles;42;3/30/2018;São Paulo;R$ 2.500,00;;;;
HL2714; Tablet ;3;Fernanda;Coutinho;22;8/14/2018;Goiânia;R$ 1.600,00;;;;
HL4379; Televisão ;1;Gabriel;Thoni;58;04/06/2018;Rio de Janeiro;R$ 2.500,00;;;;
HL9962; Android ;5;Anna;Silva;86;4/21/2018;Recife;R$ 3.400,00;;;;
HL9962; Android ;1;Ana;Felippe;47;10/19/2018;São Paulo;R$ 3.400,00;;;;
HL1918; iPhone ;2;Bárbara;Lima;37;10/08/2018;Belo Horizonte;R$ 5.300,00;;;;
HL1918; iPhone ;3;Jorge;Carvalho;28;7/28/2018;Salvador;R$ 5.300,00;;;;
HL1918; iPhone ;4;Luiz;Campista;55;1/24/2018;Fortaleza;R$ 5.300,00;;;;
HL1148; Câmera ;3;Luiza;Farias;32;4/28/2018;Belo Horizonte;R$ 2.100,00;;;;
HL2714; Tablet ;4;Wendela;Mariz;72;03/07/2018;Fortaleza;R$ 1.600,00;;;;
HL1918; iPhone ;4;Eduardo;Quindeler;55;07/11/2018;São Paulo;R$ 5.300,00;;;;
HL4379; Televisão ;4;Ulisses;Filho;37;01/02/2018;Fortaleza;R$ 2.500,00;;;;
HL4379; Televisão ;3;Luiza;Cabral;55;5/24/2018;Porto Alegre;R$ 2.500,00;;;;
HL7348; SmartWatch ;4;Eduardo;Vargas;73;04/04/2018;Rio de Janeiro;R$ 1.400,00;;;;
HL4379; Televisão ;5;Vitor;Campos;68;12/09/2018;Rio de Janeiro;R$ 2.500,00;;;;
HL8851; Notebook ;1;Matheus;Miranda;88;05/11/2018;São Paulo;R$ 3.500,00;;;;
HL4379; Televisão ;2;Felipe;Paulo;73;01/10/2018;Belo Horizonte;R$ 2.500,00;;;;
HL8851; Notebook ;4;Rebeca;Manhães;26;3/20/2018;Rio de Janeiro;R$ 3.500,00;;;;
HL1918; iPhone ;5;Caio;Ferreira;19;3/19/2018;Salvador;R$ 5.300,00;;;;
HL1918; iPhone ;5;Luiz;Marinho;34;02/06/2018;Belo Horizonte;R$ 5.300,00;;;;
HL4379; Televisão ;2;Bernard;Pedrosa;63;1/18/2018;Porto Alegre;R$ 2.500,00;;;;
HL8851; Notebook ;1;Bruno;Oliveira;60;09/10/2018;Goiânia;R$ 3.500,00;;;;
HL7348; SmartWatch ;3;Henrique;Villanova;39;01/02/2018;Fortaleza;R$ 1.400,00;;;;
HL2714; Tablet ;1;Tadeu;Sousa;52;4/18/2018;Rio de Janeiro;R$ 1.600,00;;;;
HL1148; Câmera ;3;Deysiane;Bach;84;12/02/2018;Rio de Janeiro;R$ 2.100,00;;;;
HL9962; Android ;3;Eric;Júnior;64;4/28/2018;Salvador;R$ 3.400,00;;;;
HL9962; Android ;2;Leandro;Ferreira;34;7/23/2018;Goiânia;R$ 3.400,00;;;;
HL1148; Câmera ;3;Luis;Garcia;62;5/16/2018;Curitiba;R$ 2.100,00;;;;
HL9962; Android ;3;Pedro;Rodrigues;77;11/18/2018;Belo Horizonte;R$ 3.400,00;;;;
HL1148; Câmera ;2;Wilson;Miranda;82;1/15/2018;São Paulo;R$ 2.100,00;;;;
HL9962; Android ;1;Fabio;Ramos;54;08/04/2018;Salvador;R$ 3.400,00;;;;
HL1918; iPhone ;4;Raul;Junqueira;35;9/23/2018;Porto Alegre;R$ 5.300,00;;;;
HL1918; iPhone ;1;Alon;Pestana;73;3/31/2018;Rio de Janeiro;R$ 5.300,00;;;;
HL8851; Notebook ;4;Bruna;Silva;82;03/09/2018;Fortaleza;R$ 3.500,00;;;;
HL1918; iPhone ;5;Adriana;Passos;52;4/16/2018;Curitiba;R$ 5.300,00;;;;
HL1918; iPhone ;3;Raul;Junqueira;68;10/28/2018;Goiânia;R$ 5.300,00;;;;
HL9962; Android ;4;Renan;Ventura;48;03/11/2018;Rio de Janeiro;R$ 3.400,00;;;;
HL4379; Televisão ;4;Luã;Sá;59;4/16/2018;Salvador;R$ 2.500,00;;;;
HL1918; iPhone ;2;Julia;Figueiredo;34;1/30/2018;Curitiba;R$ 5.300,00;;;;
HL8851; Notebook ;5;Gabriella;Sagrillo;35;4/25/2018;Fortaleza;R$ 3.500,00;;;;
HL1918; iPhone ;5;Breno;Varella;58;11/26/2018;Rio de Janeiro;R$ 5.300,00;;;;
HL4379; Televisão ;1;Luiz;Xavier;62;03/06/2018;Belo Horizonte;R$ 2.500,00;;;;
HL9962; Android ;4;Raissa;Negrelli;78;6/26/2018;Rio de Janeiro;R$ 3.400,00;;;;
HL1918; iPhone ;3;Stephanie;Gonçalves;46;4/27/2018;Goiânia;R$ 5.300,00;;;;
HL1148; Câmera ;2;João;Capitulo;24;9/19/2018;São Paulo;R$ 2.100,00;;;;
HL1918; iPhone ;5;Beatriz;Santos;19;8/20/2018;Fortaleza;R$ 5.300,00;;;;
HL4379; Televisão ;4;Carlos;Mesquita;29;12/19/2018;Porto Alegre;R$ 2.500,00;;;;
HL1148; Câmera ;3;Eduardo;Pacheco;41;1/26/2018;São Paulo;R$ 2.100,00;;;;
HL1148; Câmera ;2;Jônatas;Soares;77;12/30/2018;São Paulo;R$ 2.100,00;;;;
HL7348; SmartWatch ;1;Pedro;Dalforne;64;05/04/2018;Recife;R$ 1.400,00;;;;
HL9962; Android ;5;Rachel;Silva;77;06/04/2018;São Paulo;R$ 3.400,00;;;;
HL7348; SmartWatch ;5;Pedro;Macckione;50;10/05/2018;Recife;R$ 1.400,00;;;;
HL9962; Android ;1;Bianca;Paz;52;8/25/2018;Rio de Janeiro;R$ 3.400,00;;;;
HL1918; iPhone ;5;Silvio;Provenzano;51;9/15/2018;Rio de Janeiro;R$ 5.300,00;;;;
HL1918; iPhone ;3;Victor;Soares;58;4/22/2018;Goiânia;R$ 5.300,00;;;;
HL1918; iPhone ;5;Arthur;Rocha;29;02/05/2018;Goiânia;R$ 5.300,00;;;;
HL1148; Câmera ;3;Sandy;Figueiredo;18;10/25/2018;São Paulo;R$ 2.100,00;;;;
HL2714; Tablet ;5;Ulisses;Arruda;63;05/12/2018;Rio de Janeiro;R$ 1.600,00;;;;
HL1148; Câmera ;1;Aline;Morais;20;08/09/2018;Fortaleza;R$ 2.100,00;;;;
HL1918; iPhone ;3;Luísa;Fonseca;44;8/23/2018;Salvador;R$ 5.300,00;;;;
HL4379; Televisão ;5;Gabriel;Pereira;86;2/13/2018;Fortaleza;R$ 2.500,00;;;;
HL4379; Televisão ;2;Leonardo;Faria;18;12/19/2018;Belo Horizonte;R$ 2.500,00;;;;
HL4379; Televisão ;4;Clarissa;Santos;59;12/20/2018;Porto Alegre;R$ 2.500,00;;;;
HL8851; Notebook ;3;Juliana;Goes;61;4/19/2018;São Paulo;R$ 3.500,00;;;;
HL4379; Televisão ;5;Victor;Lira;85;03/12/2018;Curitiba;R$ 2.500,00;;;;
HL1918; iPhone ;5;Marina;Delgado;71;12/07/2018;Curitiba;R$ 5.300,00;;;;
HL7348; SmartWatch ;1;Luiza;Marques;45;6/15/2018;São Paulo;R$ 1.400,00;;;;
HL2714; Tablet ;4;Julia;Penteado;50;7/14/2018;São Paulo;R$ 1.600,00;;;;
HL8851; Notebook ;3;Vivianne;Rodrigues;67;2/19/2018;Belo Horizonte;R$ 3.500,00;;;;
HL9962; Android ;4;Larissa;Nauenberg;53;1/22/2018;Recife;R$ 3.400,00;;;;
HL7348; SmartWatch ;3;Daniel;Sousa;18;4/26/2018;Rio de Janeiro;R$ 1.400,00;;;;
HL4379; Televisão ;2;Priscila;Garcia;26;04/05/2018;Goiânia;R$ 2.500,00;;;;
HL1918; iPhone ;3;Daniel;Felippe;63;01/03/2018;Curitiba;R$ 5.300,00;;;;
HL4379; Televisão ;4;Thais;Rodrigues;24;01/04/2018;São Paulo;R$ 2.500,00;;;;
HL4379; Televisão ;3;Luiza;Procaci;54;04/07/2018;Rio de Janeiro;R$ 2.500,00;;;;
HL1918; iPhone ;2;Victor;Soares;25;11/29/2018;São Paulo;R$ 5.300,00;;;;
HL1918; iPhone ;4;Luiza;Cavalcanti;83;1/13/2018;Rio de Janeiro;R$ 5.300,00;;;;
HL4379; Televisão ;3;Stefan;Santos;72;06/10/2018;São Paulo;R$ 2.500,00;;;;
HL4379; Televisão ;4;Bernard;Pedrosa;25;8/29/2018;São Paulo;R$ 2.500,00;;;;
HL2714; Tablet ;1;Lucas;Lima;65;10/17/2018;Fortaleza;R$ 1.600,00;;;;
HL1918; iPhone ;3;Vittorio;Freitas;30;11/11/2018;Rio de Janeiro;R$ 5.300,00;;;;
HL7348; SmartWatch ;4;Joana;Calmon;37;8/18/2018;Rio de Janeiro;R$ 1.400,00;;;;
HL4379; Televisão ;2;Marina;Marins;80;2/23/2018;Curitiba;R$ 2.500,00;;;;
HL1918; iPhone ;2;Kim;Ferreira;60;07/06/2018;São Paulo;R$ 5.300,00;;;;
HL1148; Câmera ;4;Bianca;Allevato;90;08/06/2018;Recife;R$ 2.100,00;;;;
HL2714; Tablet ;4;Priscila;Vogel;61;2/27/2018;Belo Horizonte;R$ 1.600,00;;;;
HL1148; Câmera ;3;Giuseppe;Bhering;74;6/21/2018;Fortaleza;R$ 2.100,00;;;;
HL7348; SmartWatch ;4;Pedro;Jorge;34;11/03/2018;Rio de Janeiro;R$ 1.400,00;;;;
HL8851; Notebook ;1;Laura;Araujo;50;07/03/2018;Belo Horizonte;R$ 3.500,00;;;;
HL8851; Notebook ;5;Michelle;Pereira;18;09/02/2018;Belo Horizonte;R$ 3.500,00;;;;
HL1918; iPhone ;4;Matheus;Gomes;45;11/25/2018;São Paulo;R$ 5.300,00;;;;
HL1918; iPhone ;2;Bárbara;Cavalcante;35;9/22/2018;São Paulo;R$ 5.300,00;;;;
HL1148; Câmera ;5;Juliana;Silva;75;12/15/2018;Goiânia;R$ 2.100,00;;;;
HL1918; iPhone ;2;Gabriella;Lopes;30;9/29/2018;Porto Alegre;R$ 5.300,00;;;;
HL4379; Televisão ;5;Joyce;Souza;70;4/15/2018;Fortaleza;R$ 2.500,00;;;;
HL2714; Tablet ;5;Thayane;Resende;44;11/24/2018;São Paulo;R$ 1.600,00;;;;
HL8851; Notebook ;1;Lucas;Fontoura;71;12/13/2018;Salvador;R$ 3.500,00;;;;
HL4379; Televisão ;5;Cláudio;Aragão;42;6/19/2018;Porto Alegre;R$ 2.500,00;;;;
HL1918; iPhone ;5;Patrícia;Fernandes;39;06/09/2018;Rio de Janeiro;R$ 5.300,00;;;;
HL8851; Notebook ;3;Lara;Moreira;47;11/16/2018;Salvador;R$ 3.500,00;;;;
HL1918; iPhone ;2;Livia;Codeceira;64;3/13/2018;São Paulo;R$ 5.300,00;;;;
HL4379; Televisão ;4;Luana;Santos;90;2/23/2018;Goiânia;R$ 2.500,00;;;;
HL7348; SmartWatch ;1;Lucas;Monte;88;07/01/2018;Porto Alegre;R$ 1.400,00;;;;
HL2714; Tablet ;2;Caio;Moura;31;10/11/2018;Goiânia;R$ 1.600,00;;;;
HL4379; Televisão ;3;Camilla;Cardeman;58;04/11/2018;Fortaleza;R$ 2.500,00;;;;
HL4379; Televisão ;3;Juliana;Souza;66;01/09/2018;Rio de Janeiro;R$ 2.500,00;;;;
HL2714; Tablet ;2;Felipe;Paulo;38;1/19/2018;Recife;R$ 1.600,00;;;;
HL4379; Televisão ;1;Renan;Melo;68;1/24/2018;Curitiba;R$ 2.500,00;;;;
HL1918; iPhone ;5;Victoria;Tavares;57;6/19/2018;Recife;R$ 5.300,00;;;;
HL1148; Câmera ;5;Leandro;Rodrigues;33;6/18/2018;Belo Horizonte;R$ 2.100,00;;;;
HL1148; Câmera ;2;Gabriel;Azevedo;23;11/22/2018;Rio de Janeiro;R$ 2.100,00;;;;
HL4379; Televisão ;5;Marcelo;Magalhães;40;09/01/2018;Recife;R$ 2.500,00;;;;
HL1918; iPhone ;4;Eduardo;Ferreira;22;2/18/2018;São Paulo;R$ 5.300,00;;;;
HL1918; iPhone ;3;Tiago;Pereira;51;5/17/2018;Porto Alegre;R$ 5.300,00;;;;
HL4379; Televisão ;2;Julia;Aliani;61;5/19/2018;Belo Horizonte;R$ 2.500,00;;;;
HL2714; Tablet ;3;Tayla;Lima;76;8/31/2018;São Paulo;R$ 1.600,00;;;;
HL2714; Tablet ;3;Maike;Pereira;19;07/02/2018;Salvador;R$ 1.600,00;;;;
HL8851; Notebook ;1;Felipe;Cavalcanti;88;11/13/2018;Belo Horizonte;R$ 3.500,00;;;;
HL8851; Notebook ;2;Alexandre;Rodriguez;31;06/03/2018;Recife;R$ 3.500,00;;;;
HL9962; Android ;2;Cláudio;Aragão;37;10/13/2018;Curitiba;R$ 3.400,00;;;;
HL1918; iPhone ;1;Fabio;Ramos;87;01/05/2018;Rio de Janeiro;R$ 5.300,00;;;;
HL1918; iPhone ;5;Renan;Ventura;69;2/17/2018;Recife;R$ 5.300,00;;;;
HL8851; Notebook ;4;Caio;Moraes;39;7/25/2018;Curitiba;R$ 3.500,00;;;;
HL1918; iPhone ;1;Alessandra;Martins;75;04/08/2018;Fortaleza;R$ 5.300,00;;;;
HL1148; Câmera ;5;Vanessa;Rodrigues;40;10/16/2018;São Paulo;R$ 2.100,00;;;;
HL7348; SmartWatch ;3;Alon;Guedes;74;5/22/2018;Rio de Janeiro;R$ 1.400,00;;;;
HL9962; Android ;5;Raíssa;Oliveira;19;8/26/2018;Goiânia;R$ 3.400,00;;;;
HL8851; Notebook ;4;Wilson;Meirelles;64;6/15/2018;São Paulo;R$ 3.500,00;;;;
HL1918; iPhone ;2;Mariana;Baptista;85;10/02/2018;São Paulo;R$ 5.300,00;;;;
HL1918; iPhone ;1;Isabelle;Gonçalves;49;09/08/2018;Curitiba;R$ 5.300,00;;;;
HL7348; SmartWatch ;2;Livia;Cozendey;54;8/15/2018;Belo Horizonte;R$ 1.400,00;;;;
HL1918; iPhone ;3;Natália;Appel;77;09/01/2018;Belo Horizonte;R$ 5.300,00;;;;
HL1918; iPhone ;1;Roberto;Mattos;88;06/07/2018;Fortaleza;R$ 5.300,00;;;;
HL4379; Televisão ;4;Michelle;Pereira;45;06/09/2018;São Paulo;R$ 2.500,00;;;;
HL1918; iPhone ;4;Renan;Nucci;19;10/27/2018;Recife;R$ 5.300,00;;;;
HL1148; Câmera ;2;Tadeu;Sousa;67;7/16/2018;São Paulo;R$ 2.100,00;;;;
HL7348; SmartWatch ;2;Daniel;Valente;43;8/28/2018;Fortaleza;R$ 1.400,00;;;;
HL4379; Televisão ;4;Priscila;Garcia;42;11/11/2018;São Paulo;R$ 2.500,00;;;;
HL1918; iPhone ;2;Juliana;Barreira;56;4/19/2018;Salvador;R$ 5.300,00;;;;
HL8851; Notebook ;4;Anderson;Cavalcanti;46;9/23/2018;Rio de Janeiro;R$ 3.500,00;;;;
HL4379; Televisão ;4;Luis;Villanova;83;10/23/2018;Curitiba;R$ 2.500,00;;;;
HL4379; Televisão ;5;Rafaella;Mello;59;3/18/2018;São Paulo;R$ 2.500,00;;;;
HL9962; Android ;3;Maria;Motta;25;6/28/2018;Porto Alegre;R$ 3.400,00;;;;
HL7348; SmartWatch ;3;Fernanda;Rubim;59;10/08/2018;São Paulo;R$ 1.400,00;;;;
HL1918; iPhone ;3;Renan;Freire;82;7/17/2018;Fortaleza;R$ 5.300,00;;;;
HL4379; Televisão ;4;Renan;Nascimento;18;3/25/2018;Curitiba;R$ 2.500,00;;;;
HL1148; Câmera ;3;Lucas;Rocha;60;04/05/2018;Fortaleza;R$ 2.100,00;;;;
HL2714; Tablet ;3;Isabel;Mesquita;72;11/30/2018;Recife;R$ 1.600,00;;;;
HL4379; Televisão ;3;David;Assumpção;62;09/11/2018;São Paulo;R$ 2.500,00;;;;
HL1918; iPhone ;3;Guilherme;Rachide;85;7/16/2018;Goiânia;R$ 5.300,00;;;;
HL2714; Tablet ;5;Lorena;Kohn;39;10/04/2018;Goiânia;R$ 1.600,00;;;;
HL1918; iPhone ;2;Carlos;Azevedo;45;6/21/2018;Rio de Janeiro;R$ 5.300,00;;;;
HL2714; Tablet ;3;Luis;Souza;78;07/05/2018;Fortaleza;R$ 1.600,00;;;;
HL9962; Android ;2;José;Carvalho;86;6/26/2018;Rio de Janeiro;R$ 3.400,00;;;;
HL1918; iPhone ;1;Luíza;Goulart;77;02/05/2018;Fortaleza;R$ 5.300,00;;;;
HL9962; Android ;4;Danilo;Alves;24;09/08/2018;São Paulo;R$ 3.400,00;;;;
HL1918; iPhone ;5;Andressa;Nóbrega;43;08/09/2018;Belo Horizonte;R$ 5.300,00;;;;
HL2714; Tablet ;3;Henrique;Lencastre;69;11/28/2018;Fortaleza;R$ 1.600,00;;;;
HL1918; iPhone ;1;Marina;Delgado;23;10/02/2018;São Paulo;R$ 5.300,00;;;;
HL1918; iPhone ;4;Helvio;Pedrosa;28;11/22/2018;Fortaleza;R$ 5.300,00;;;;
HL4379; Televisão ;1;Raphael;Coelho;42;8/26/2018;Goiânia;R$ 2.500,00;;;;
HL4379; Televisão ;5;Bernardo;Soares;71;11/23/2018;Salvador;R$ 2.500,00;;;;
HL7348; SmartWatch ;4;Victor;Lira;39;03/12/2018;Rio de Janeiro;R$ 1.400,00;;;;
HL7348; SmartWatch ;5;Debora;Silva;73;01/01/2018;Rio de Janeiro;R$ 1.400,00;;;;
HL9962; Android ;4;Philipe;Morete;25;3/30/2018;Fortaleza;R$ 3.400,00;;;;
HL4379; Televisão ;1;Wen;Braga;77;02/04/2018;São Paulo;R$ 2.500,00;;;;
HL7348; SmartWatch ;3;Renan;Cunha;88;07/03/2018;Porto Alegre;R$ 1.400,00;;;;
HL2714; Tablet ;4;Silvio;Fahrnholz;68;12/17/2018;Fortaleza;R$ 1.600,00;;;;
HL9962; Android ;2;Maria;Junior;71;12/24/2018;Goiânia;R$ 3.400,00;;;;
HL9962; Android ;4;Carolina;Brum;50;02/04/2018;São Paulo;R$ 3.400,00;;;;
HL1918; iPhone ;2;Jessica;Ferreira;57;9/22/2018;Fortaleza;R$ 5.300,00;;;;
HL1918; iPhone ;4;Joao;Silva;62;11/24/2018;Belo Horizonte;R$ 5.300,00;;;;
HL1918; iPhone ;4;Isabelle;Firmino;25;11/11/2018;Salvador;R$ 5.300,00;;;;
HL4379; Televisão ;1;Guido;Monteiro;22;03/01/2018;Porto Alegre;R$ 2.500,00;;;;
HL1918; iPhone ;1;Myllena;Corrêa;41;06/12/2018;Goiânia;R$ 5.300,00;;;;
HL1148; Câmera ;4;Catarina;Teixeira;40;07/09/2018;Fortaleza;R$ 2.100,00;;;;
HL1918; iPhone ;1;Julia;Silva;87;8/16/2018;Salvador;R$ 5.300,00;;;;
HL1918; iPhone ;4;Ulisses;Quinto;72;04/05/2018;São Paulo;R$ 5.300,00;;;;
HL8851; Notebook ;4;Gabriella;Lopes;22;11/23/2018;São Paulo;R$ 3.500,00;;;;
HL9962; Android ;3;Hygor;Essaber;41;6/28/2018;Curitiba;R$ 3.400,00;;;;
HL1148; Câmera ;3;Amanda;Gontijo;87;08/12/2018;Fortaleza;R$ 2.100,00;;;;
HL1918; iPhone ;1;Eduardo;Lopes;34;08/05/2018;Recife;R$ 5.300,00;;;;
HL8851; Notebook ;1;Guilherme;Lima;86;12/02/2018;Fortaleza;R$ 3.500,00;;;;
HL4379; Televisão ;5;Daniel;Monteiro;19;03/05/2018;São Paulo;R$ 2.500,00;;;;
HL7348; SmartWatch ;5;Thales;Santos;36;1/23/2018;São Paulo;R$ 1.400,00;;;;
HL4379; Televisão ;1;Anna;Silva;33;9/15/2018;Goiânia;R$ 2.500,00;;;;
HL1148; Câmera ;2;Bianca;Paz;23;09/07/2018;Goiânia;R$ 2.100,00;;;;
HL7348; SmartWatch ;5;Marcelo;Pereira;37;12/11/2018;Salvador;R$ 1.400,00;;;;
HL4379; Televisão ;1;William;Mendonça;73;03/09/2018;Goiânia;R$ 2.500,00;;;;
HL2714; Tablet ;2;João;Guadagnino;64;6/24/2018;Fortaleza;R$ 1.600,00;;;;
HL8851; Notebook ;5;Laura;Araujo;25;4/17/2018;São Paulo;R$ 3.500,00;;;;
HL1918; iPhone ;5;Felipe;Cavalcanti;59;06/09/2018;São Paulo;R$ 5.300,00;;;;
HL4379; Televisão ;3;Leandro;Rodrigues;66;5/19/2018;São Paulo;R$ 2.500,00;;;;
HL9962; Android ;1;José;Carvalho;84;04/12/2018;Belo Horizonte;R$ 3.400,00;;;;
HL1918; iPhone ;3;Caio;Cardoso;75;9/23/2018;Porto Alegre;R$ 5.300,00;;;;
HL4379; Televisão ;5;Bruno;Velucci;43;10/11/2018;Salvador;R$ 2.500,00;;;;
HL1148; Câmera ;3;Gabriel;Azevedo;30;11/07/2018;Porto Alegre;R$ 2.100,00;;;;
HL4379; Televisão ;1;Amanda;Braga;19;12/11/2018;Recife;R$ 2.500,00;;;;
HL1918; iPhone ;4;Pedro;Conceição;22;7/30/2018;São Paulo;R$ 5.300,00;;;;
HL1918; iPhone ;1;Victor;Zakhm;66;2/16/2018;Fortaleza;R$ 5.300,00;;;;
HL1918; iPhone ;5;Julia;Teixeira;22;11/21/2018;Rio de Janeiro;R$ 5.300,00;;;;
HL1918; iPhone ;3;Mariana;Miranda;50;12/20/2018;Rio de Janeiro;R$ 5.300,00;;;;
HL4379; Televisão ;3;Henrique;Lencastre;47;2/21/2018;Belo Horizonte;R$ 2.500,00;;;;
HL7348; SmartWatch ;3;Raíssa;Nimer;78;11/16/2018;Goiânia;R$ 1.400,00;;;;
HL1918; iPhone ;4;Itai;Puntel;84;7/15/2018;Salvador;R$ 5.300,00;;;;
HL1918; iPhone ;3;Karina;Camara;42;8/29/2018;Salvador;R$ 5.300,00;;;;
HL1918; iPhone ;4;Rafael;Guimarães;80;06/01/2018;Salvador;R$ 5.300,00;;;;
HL9962; Android ;3;Joao;Pereira;76;02/04/2018;Fortaleza;R$ 3.400,00;;;;
HL4379; Televisão ;1;Julie;Ferreira;22;2/25/2018;Belo Horizonte;R$ 2.500,00;;;;
HL8851; Notebook ;4;Lívia;Tanaka;38;01/08/2018;Curitiba;R$ 3.500,00;;;;
HL4379; Televisão ;1;Lívia;Marques;41;09/02/2018;Salvador;R$ 2.500,00;;;;
HL4379; Televisão ;3;Lara;Moreira;21;11/20/2018;Belo Horizonte;R$ 2.500,00;;;;
HL1148; Câmera ;1;Breno;Farias;32;04/08/2018;Rio de Janeiro;R$ 2.100,00;;;;
HL1918; iPhone ;5;Gustavo;Thome;50;07/06/2018;Belo Horizonte;R$ 5.300,00;;;;
HL4379; Televisão ;5;Ulisses;Filho;30;10/01/2018;São Paulo;R$ 2.500,00;;;;
HL1918; iPhone ;4;Arthur;Fernandes;52;10/27/2018;São Paulo;R$ 5.300,00;;;;
HL9962; Android ;3;Breno;Britto;47;11/03/2018;Recife;R$ 3.400,00;;;;
HL1918; iPhone ;4;Jessica;Ferreira;39;5/27/2018;São Paulo;R$ 5.300,00;;;;
HL1918; iPhone ;3;Juliana;Hollander;79;10/23/2018;Salvador;R$ 5.300,00;;;;
HL7348; SmartWatch ;4;Lucas;Freitas;68;12/30/2018;Porto Alegre;R$ 1.400,00;;;;
HL1148; Câmera ;5;Thais;Rodrigues;82;1/13/2018;Salvador;R$ 2.100,00;;;;
HL2714; Tablet ;1;Fernanda;Rubim;56;10/11/2018;Goiânia;R$ 1.600,00;;;;
HL1918; iPhone ;3;Larissa;Cruz;23;04/10/2018;Salvador;R$ 5.300,00;;;;
HL4379; Televisão ;5;Isabella;Rodrigues;76;02/05/2018;São Paulo;R$ 2.500,00;;;;
HL1918; iPhone ;3;Vinícius;Antunes;20;1/19/2018;Rio de Janeiro;R$ 5.300,00;;;;
HL1148; Câmera ;2;Matheus;Ramos;50;04/03/2018;Fortaleza;R$ 2.100,00;;;;
HL1918; iPhone ;5;Pedro;Oliveira;26;02/06/2018;São Paulo;R$ 5.300,00;;;;
HL4379; Televisão ;4;Raphael;Coelho;30;01/03/2018;Recife;R$ 2.500,00;;;;
HL1148; Câmera ;5;Adrielle;Gabriel;40;11/26/2018;São Paulo;R$ 2.100,00;;;;
HL2714; Tablet ;2;Vivianne;Rodrigues;82;4/23/2018;Salvador;R$ 1.600,00;;;;
HL1148; Câmera ;1;Ana;Leite;67;12/31/2018;São Paulo;R$ 2.100,00;;;;
HL4379; Televisão ;2;Victor;Gomes;55;10/01/2018;Porto Alegre;R$ 2.500,00;;;;
HL4379; Televisão ;5;João;Costa;58;1/28/2018;São Paulo;R$ 2.500,00;;;;
HL4379; Televisão ;3;Lunna;Vannier;61;12/22/2018;Fortaleza;R$ 2.500,00;;;;
HL1918; iPhone ;4;Marina;Gama;76;1/25/2018;Rio de Janeiro;R$ 5.300,00;;;;
HL1918; iPhone ;1;Matheus;Sapir;73;8/21/2018;São Paulo;R$ 5.300,00;;;;
HL4379; Televisão ;4;Ruan;Gonçalves;20;12/23/2018;Rio de Janeiro;R$ 2.500,00;;;;
HL1918; iPhone ;5;Luísa;Fonseca;38;11/29/2018;Porto Alegre;R$ 5.300,00;;;;
HL1918; iPhone ;2;Renan;Nascimento;43;4/19/2018;São Paulo;R$ 5.300,00;;;;
HL1918; iPhone ;4;Rubens;Netto;68;11/04/2018;Rio de Janeiro;R$ 5.300,00;;;;
HL1148; Câmera ;4;Luis;Oliveira;88;11/16/2018;Fortaleza;R$ 2.100,00;;;;
HL1918; iPhone ;5;Daniel;Sousa;25;4/17/2018;Curitiba;R$ 5.300,00;;;;
HL7348; SmartWatch ;1;João;Siqueira;46;4/25/2018;Fortaleza;R$ 1.400,00;;;;
HL1918; iPhone ;5;Bruno;Ferreira;89;05/07/2018;Curitiba;R$ 5.300,00;;;;
HL2714; Tablet ;3;Carla;Zakhm;61;10/12/2018;Porto Alegre;R$ 1.600,00;;;;
HL1918; iPhone ;2;Luis;Silva;67;12/04/2018;Belo Horizonte;R$ 5.300,00;;;;
HL4379; Televisão ;3;Wilson;Farias;89;7/19/2018;Rio de Janeiro;R$ 2.500,00;;;;
HL1918; iPhone ;1;Raíssa;Oliveira;45;05/06/2018;Fortaleza;R$ 5.300,00;;;;
HL1918; iPhone ;4;Cézar;Santos;34;4/13/2018;Salvador;R$ 5.300,00;;;;
HL4379; Televisão ;4;Sandy;Ribeiro;88;07/09/2018;Rio de Janeiro;R$ 2.500,00;;;;
HL9962; Android ;1;Leandro;Rodrigues;78;01/03/2018;Fortaleza;R$ 3.400,00;;;;
HL2714; Tablet ;3;Beatriz;Biase;47;9/13/2018;Salvador;R$ 1.600,00;;;;
HL4379; Televisão ;2;Rafaela;Rodrigues;28;1/22/2018;São Paulo;R$ 2.500,00;;;;
HL1148; Câmera ;1;Wen;Braga;64;8/23/2018;São Paulo;R$ 2.100,00;;;;
HL2714; Tablet ;5;Juliana;Silva;84;10/08/2018;Fortaleza;R$ 1.600,00;;;;
HL1918; iPhone ;2;Gabrielle;Wanderley;28;10/03/2018;Fortaleza;R$ 5.300,00;;;;
HL4379; Televisão ;2;Gustavo;Aragão;24;04/07/2018;Salvador;R$ 2.500,00;;;;
HL4379; Televisão ;2;Gabriel;Pereira;88;11/17/2018;Curitiba;R$ 2.500,00;;;;
HL4379; Televisão ;3;Ulisses;Filho;27;11/12/2018;Fortaleza;R$ 2.500,00;;;;
HL1918; iPhone ;2;Priscila;Suzano;81;1/19/2018;São Paulo;R$ 5.300,00;;;;
HL4379; Televisão ;5;Carolina;Motta;71;8/29/2018;Fortaleza;R$ 2.500,00;;;;
HL1918; iPhone ;4;Jonatas;Essaber;76;1/21/2018;Curitiba;R$ 5.300,00;;;;
HL4379; Televisão ;1;Caio;Fernandes;68;06/03/2018;São Paulo;R$ 2.500,00;;;;
HL7348; SmartWatch ;5;Antonio;Manhães;38;09/02/2018;Salvador;R$ 1.400,00;;;;
HL7348; SmartWatch ;1;Rodrigo;Ramos;34;11/11/2018;Porto Alegre;R$ 1.400,00;;;;
HL1148; Câmera ;1;Gabriela;Mello;45;12/01/2018;Goiânia;R$ 2.100,00;;;;
HL4379; Televisão ;1;Carolina;Vasconcelos;87;01/08/2018;Porto Alegre;R$ 2.500,00;;;;
HL9962; Android ;3;Miguel;Carneiro;51;02/12/2018;Belo Horizonte;R$ 3.400,00;;;;
HL4379; Televisão ;4;Guilherme;Castilho;20;3/17/2018;Salvador;R$ 2.500,00;;;;
HL1918; iPhone ;2;Juliana;Barreira;61;05/03/2018;Rio de Janeiro;R$ 5.300,00;;;;
HL2714; Tablet ;2;Luana;Santana;69;6/24/2018;Fortaleza;R$ 1.600,00;;;;
HL8851; Notebook ;1;Thiago;Veiga;46;02/07/2018;Porto Alegre;R$ 3.500,00;;;;
HL4379; Televisão ;2;Bruna;Londero;50;6/26/2018;São Paulo;R$ 2.500,00;;;;
HL7348; SmartWatch ;4;Daniel;Costa;58;8/26/2018;Curitiba;R$ 1.400,00;;;;
HL7348; SmartWatch ;2;Bianca;Tatsch;41;11/21/2018;Rio de Janeiro;R$ 1.400,00;;;;
HL7348; SmartWatch ;3;Anna;Figueiredo;89;4/13/2018;Goiânia;R$ 1.400,00;;;;
HL1918; iPhone ;1;Fernanda;Rubim;48;01/04/2018;Goiânia;R$ 5.300,00;;;;
HL2714; Tablet ;1;Rafael;Portela;50;05/01/2018;São Paulo;R$ 1.600,00;;;;
HL2714; Tablet ;5;Ana;Felippe;18;6/17/2018;Rio de Janeiro;R$ 1.600,00;;;;
HL1148; Câmera ;3;Lucas;Baptista;58;11/17/2018;Salvador;R$ 2.100,00;;;;
HL1918; iPhone ;3;Fabio;Ramos;39;1/29/2018;Salvador;R$ 5.300,00;;;;
HL9962; Android ;4;Gabriel;Soares;51;09/02/2018;Goiânia;R$ 3.400,00;;;;
HL9962; Android ;4;Cícero;Ramos;52;11/01/2018;Fortaleza;R$ 3.400,00;;;;
HL1148; Câmera ;1;Lenon;Fernandes;71;06/01/2018;São Paulo;R$ 2.100,00;;;;
HL1918; iPhone ;5;Mariana;Sousa;49;06/10/2018;Rio de Janeiro;R$ 5.300,00;;;;
HL4379; Televisão ;4;Laura;Araujo;81;01/03/2018;Belo Horizonte;R$ 2.500,00;;;;
HL7348; SmartWatch ;1;Vanessa;Neves;41;06/05/2018;Fortaleza;R$ 1.400,00;;;;
HL4379; Televisão ;3;Raíssa;Oros;34;04/07/2018;Fortaleza;R$ 2.500,00;;;;
HL9962; Android ;1;Fernanda;Silva;74;02/02/2018;Salvador;R$ 3.400,00;;;;
HL7348; SmartWatch ;1;Karina;Camara;31;11/18/2018;Goiânia;R$ 1.400,00;;;;
HL1148; Câmera ;4;Bárbara;Lima;36;07/01/2018;Belo Horizonte;R$ 2.100,00;;;;
HL9962; Android ;5;Natalia;Andrade;65;05/01/2018;Salvador;R$ 3.400,00;;;;
HL9962; Android ;1;Victor;Lira;63;8/23/2018;Porto Alegre;R$ 3.400,00;;;;
HL7348; SmartWatch ;3;Lucas;Baptista;26;09/11/2018;Salvador;R$ 1.400,00;;;;
HL2714; Tablet ;4;Bárbara;Cavalcante;44;3/31/2018;Fortaleza;R$ 1.600,00;;;;
HL7348; SmartWatch ;2;Victor;Lira;21;10/16/2018;Fortaleza;R$ 1.400,00;;;;
HL7348; SmartWatch ;5;Diogo;Peixoto;75;5/29/2018;Salvador;R$ 1.400,00;;;;
HL2714; Tablet ;4;Luiza;Procaci;83;11/30/2018;Salvador;R$ 1.600,00;;;;
HL1918; iPhone ;2;Alex;Fernandes;27;06/09/2018;Salvador;R$ 5.300,00;;;;
HL1918; iPhone ;5;Thomáz;Bôas;62;9/18/2018;São Paulo;R$ 5.300,00;;;;
HL1918; iPhone ;4;Priscila;Vogel;53;02/12/2018;Salvador;R$ 5.300,00;;;;
HL2714; Tablet ;1;Manuela;Merege;81;6/18/2018;São Paulo;R$ 1.600,00;;;;
HL8851; Notebook ;3;Bruna;Silveira;29;2/25/2018;Salvador;R$ 3.500,00;;;;
HL1148; Câmera ;1;Gabrielle;Wanderley;49;3/22/2018;São Paulo;R$ 2.100,00;;;;
HL2714; Tablet ;3;Vanessa;Bach;57;7/14/2018;Curitiba;R$ 1.600,00;;;;
HL9962; Android ;4;Daniel;Ortiz;30;10/08/2018;Recife;R$ 3.400,00;;;;
HL9962; Android ;2;Priscila;Suzano;21;12/30/2018;Rio de Janeiro;R$ 3.400,00;;;;
HL4379; Televisão ;4;Carolina;Costa;80;08/03/2018;São Paulo;R$ 2.500,00;;;;
HL8851; Notebook ;2;Yasser;Calbucci;32;04/07/2018;Salvador;R$ 3.500,00;;;;
HL1918; iPhone ;4;Stefan;Nunes;70;8/17/2018;Salvador;R$ 5.300,00;;;;
HL1918; iPhone ;2;Adrielle;Gabriel;87;07/12/2018;Recife;R$ 5.300,00;;;;
HL8851; Notebook ;3;Luíza;Goulart;23;12/01/2018;Salvador;R$ 3.500,00;;;;
HL7348; SmartWatch ;1;Tadeu;Sousa;65;2/25/2018;Salvador;R$ 1.400,00;;;;
HL1148; Câmera ;3;Luíza;Goulart;50;6/18/2018;Fortaleza;R$ 2.100,00;;;;
HL4379; Televisão ;2;Jéssica;Teixeira;83;10/01/2018;Recife;R$ 2.500,00;;;;
HL1918; iPhone ;1;Pedro;Martins;66;1/20/2018;Curitiba;R$ 5.300,00;;;;
HL1148; Câmera ;3;Henrique;Silva;76;09/01/2018;Fortaleza;R$ 2.100,00;;;;
HL1148; Câmera ;4;Raíssa;Oros;20;4/29/2018;Rio de Janeiro;R$ 2.100,00;;;;
HL9962; Android ;4;Gabrielle;Viríssimo;67;07/06/2018;São Paulo;R$ 3.400,00;;;;
HL4379; Televisão ;5;Silvio;Fahrnholz;53;11/20/2018;Fortaleza;R$ 2.500,00;;;;
HL1918; iPhone ;5;Lucas;Fontoura;75;7/20/2018;Goiânia;R$ 5.300,00;;;;
HL1918; iPhone ;5;João;Júnior;59;09/03/2018;Goiânia;R$ 5.300,00;;;;
HL1918; iPhone ;1;Luiz;Mendonça;32;2/21/2018;Porto Alegre;R$ 5.300,00;;;;
HL8851; Notebook ;2;Sthefeson;Barroso;84;12/15/2018;São Paulo;R$ 3.500,00;;;;
HL1918; iPhone ;3;Lucas;Assunção;63;12/17/2018;Recife;R$ 5.300,00;;;;
HL4379; Televisão ;5;Catarina;Teixeira;54;1/27/2018;São Paulo;R$ 2.500,00;;;;
HL4379; Televisão ;2;Rafael;Carneiro;51;8/30/2018;Belo Horizonte;R$ 2.500,00;;;;
HL7348; SmartWatch ;1;José;Jesus;23;9/28/2018;Rio de Janeiro;R$ 1.400,00;;;;
HL1918; iPhone ;4;Bruno;Velucci;57;09/02/2018;São Paulo;R$ 5.300,00;;;;
HL2714; Tablet ;4;Caroline;Pinto;62;4/30/2018;Recife;R$ 1.600,00;;;;
HL4379; Televisão ;3;Deysiane;Bach;40;04/09/2018;Goiânia;R$ 2.500,00;;;;
HL7348; SmartWatch ;4;Raissa;Negrelli;66;02/11/2018;São Paulo;R$ 1.400,00;;;;
HL1918; iPhone ;2;Júlio;Fraga;87;1/23/2018;São Paulo;R$ 5.300,00;;;;
HL9962; Android ;2;Diogo;Peixoto;37;2/15/2018;Fortaleza;R$ 3.400,00;;;;
HL1918; iPhone ;5;Bruna;Brandao;20;9/18/2018;Salvador;R$ 5.300,00;;;;
HL1918; iPhone ;5;Guilherme;Monteiro;82;06/12/2018;Recife;R$ 5.300,00;;;;
HL1918; iPhone ;1;Paula;Calbucci;52;07/07/2018;Belo Horizonte;R$ 5.300,00;;;;
HL1918; iPhone ;2;Jonatas;Passos;44;9/16/2018;Rio de Janeiro;R$ 5.300,00;;;;
HL2714; Tablet ;3;Gabriel;Pereira;48;08/09/2018;Rio de Janeiro;R$ 1.600,00;;;;
HL7348; SmartWatch ;3;Victor;Lira;44;04/08/2018;São Paulo;R$ 1.400,00;;;;
HL1148; Câmera ;4;Izabel;Lopes;81;6/22/2018;São Paulo;R$ 2.100,00;;;;
HL2714; Tablet ;2;Rafael;Rocha;41;1/17/2018;São Paulo;R$ 1.600,00;;;;
HL2714; Tablet ;3;Amanda;Felippe;86;3/25/2018;Salvador;R$ 1.600,00;;;;
HL1918; iPhone ;2;Carolina;Motta;27;2/13/2018;Curitiba;R$ 5.300,00;;;;
HL1918; iPhone ;5;João;Monteiro;52;10/14/2018;Salvador;R$ 5.300,00;;;;
HL8851; Notebook ;3;Carolina;Figueiredo;56;2/28/2018;Recife;R$ 3.500,00;;;;
HL1148; Câmera ;1;Aline;Mello;40;2/25/2018;São Paulo;R$ 2.100,00;;;;
HL9962; Android ;4;Marina;Miranda;43;7/17/2018;Goiânia;R$ 3.400,00;;;;
HL8851; Notebook ;5;Anízio;Carvalho;35;02/11/2018;Curitiba;R$ 3.500,00;;;;
HL7348; SmartWatch ;5;Mariana;Rotava;86;6/17/2018;São Paulo;R$ 1.400,00;;;;
HL1148; Câmera ;3;Matheus;Miranda;56;2/16/2018;Rio de Janeiro;R$ 2.100,00;;;;
HL7348; SmartWatch ;4;Raissa;Pinheiro;84;12/20/2018;São Paulo;R$ 1.400,00;;;;
HL1918; iPhone ;2;Isabela;Resende;35;12/01/2018;Salvador;R$ 5.300,00;;;;
HL4379; Televisão ;2;Matheus;Figueiredo;68;09/07/2018;Porto Alegre;R$ 2.500,00;;;;
HL7348; SmartWatch ;5;Débora;Lopes;55;09/11/2018;São Paulo;R$ 1.400,00;;;;
HL4379; Televisão ;1;Larissa;Florim;68;7/26/2018;Fortaleza;R$ 2.500,00;;;;
HL1918; iPhone ;2;Rebeca;Reis;72;8/31/2018;Recife;R$ 5.300,00;;;;
HL1918; iPhone ;2;Pedro;Macckione;39;7/30/2018;Belo Horizonte;R$ 5.300,00;;;;
HL2714; Tablet ;5;Raul;Junqueira;20;9/23/2018;Rio de Janeiro;R$ 1.600,00;;;;
HL2714; Tablet ;3;Julia;Penteado;77;9/13/2018;Fortaleza;R$ 1.600,00;;;;
HL9962; Android ;3;Ives;Teixeira;39;3/19/2018;Fortaleza;R$ 3.400,00;;;;
HL1918; iPhone ;1;Ylana;Teraoka;55;1/15/2018;Goiânia;R$ 5.300,00;;;;
HL4379; Televisão ;4;Guilherme;Jordao;30;10/27/2018;Recife;R$ 2.500,00;;;;
HL8851; Notebook ;5;Brenno;Miranda;53;5/23/2018;Belo Horizonte;R$ 3.500,00;;;;
HL8851; Notebook ;3;Fillipe;Almeida;62;5/31/2018;São Paulo;R$ 3.500,00;;;;
HL1918; iPhone ;5;Juliana;Correa;19;1/30/2018;Fortaleza;R$ 5.300,00;;;;
HL7348; SmartWatch ;4;João;Guadagnino;68;3/31/2018;São Paulo;R$ 1.400,00;;;;
HL8851; Notebook ;1;João;Peçanha;57;9/22/2018;Fortaleza;R$ 3.500,00;;;;
HL1918; iPhone ;4;Carlos;Azevedo;78;03/01/2018;São Paulo;R$ 5.300,00;;;;
HL7348; SmartWatch ;1;Katharina;Barros;44;01/03/2018;Curitiba;R$ 1.400,00;;;;
HL4379; Televisão ;2;Thomáz;Rodriguez;38;08/04/2018;São Paulo;R$ 2.500,00;;;;
HL9962; Android ;4;Carlos;Azevedo;46;8/16/2018;Rio de Janeiro;R$ 3.400,00;;;;
HL4379; Televisão ;1;Pedro;Dalforne;59;9/26/2018;Rio de Janeiro;R$ 2.500,00;;;;
HL2714; Tablet ;4;Caio;Silva;56;11/25/2018;Rio de Janeiro;R$ 1.600,00;;;;
HL2714; Tablet ;3;Ravena;Bhering;63;10/02/2018;São Paulo;R$ 1.600,00;;;;
HL4379; Televisão ;3;Pedro;Macckione;89;9/30/2018;Belo Horizonte;R$ 2.500,00;;;;
HL1918; iPhone ;2;Raísa;Rodrigues;63;7/27/2018;Salvador;R$ 5.300,00;;;;
HL7348; SmartWatch ;1;Ana;Gomes;22;10/24/2018;São Paulo;R$ 1.400,00;;;;
HL1918; iPhone ;5;Priscila;Suzano;69;04/06/2018;Rio de Janeiro;R$ 5.300,00;;;;
HL8851; Notebook ;4;Arthur;Fernandes;61;6/19/2018;Fortaleza;R$ 3.500,00;;;;
HL1918; iPhone ;1;Guilherme;Monteiro;77;08/03/2018;Fortaleza;R$ 5.300,00;;;;
HL1918; iPhone ;2;Pedro;Santana;27;9/16/2018;Fortaleza;R$ 5.300,00;;;;
HL1918; iPhone ;4;Guilherme;Lima;56;02/05/2018;Rio de Janeiro;R$ 5.300,00;;;;
HL8851; Notebook ;3;Arthur;Portela;79;2/27/2018;Curitiba;R$ 3.500,00;;;;
HL1918; iPhone ;3;Gabrielle;Viríssimo;55;06/11/2018;Fortaleza;R$ 5.300,00;;;;
HL4379; Televisão ;2;Matheus;Silva;72;3/15/2018;Fortaleza;R$ 2.500,00;;;;
HL1918; iPhone ;4;Marcelo;Magalhães;47;11/29/2018;Rio de Janeiro;R$ 5.300,00;;;;
HL2714; Tablet ;1;Rilson;Dias;47;07/10/2018;São Paulo;R$ 1.600,00;;;;
HL8851; Notebook ;4;Wendela;Mariz;30;7/16/2018;Belo Horizonte;R$ 3.500,00;;;;
HL4379; Televisão ;5;Carolina;Figueiredo;18;11/26/2018;Fortaleza;R$ 2.500,00;;;;
HL1148; Câmera ;1;Jéssica;Stefanelli;68;5/13/2018;Salvador;R$ 2.100,00;;;;
HL2714; Tablet ;1;Larissa;Nauenberg;36;06/06/2018;São Paulo;R$ 1.600,00;;;;
HL9962; Android ;2;Rodrigo;Feijo;73;1/16/2018;Curitiba;R$ 3.400,00;;;;
HL1918; iPhone ;5;Camilla;Cardeman;42;03/02/2018;Porto Alegre;R$ 5.300,00;;;;
HL9962; Android ;2;Amanda;Delgado;89;5/28/2018;Porto Alegre;R$ 3.400,00;;;;
HL8851; Notebook ;3;Pedro;Sena;56;10/05/2018;Belo Horizonte;R$ 3.500,00;;;;
HL7348; SmartWatch ;4;João;Abraçado;63;6/25/2018;Belo Horizonte;R$ 1.400,00;;;;
HL8851; Notebook ;2;Bruno;Temporal;68;8/15/2018;Fortaleza;R$ 3.500,00;;;;
HL9962; Android ;1;João;Costa;73;09/03/2018;Fortaleza;R$ 3.400,00;;;;
HL1918; iPhone ;4;Pedro;Ferrari;71;11/13/2018;Rio de Janeiro;R$ 5.300,00;;;;
HL2714; Tablet ;3;Eduardo;Ferreira;65;06/11/2018;Fortaleza;R$ 1.600,00;;;;
HL4379; Televisão ;2;Larissa;Florim;60;6/19/2018;Salvador;R$ 2.500,00;;;;
HL1918; iPhone ;2;David;Vasconcelos;44;3/21/2018;Curitiba;R$ 5.300,00;;;;
HL1148; Câmera ;4;Marina;Aragão;54;7/16/2018;Rio de Janeiro;R$ 2.100,00;;;;
HL4379; Televisão ;5;Eduardo;Soares;84;11/01/2018;Fortaleza;R$ 2.500,00;;;;
HL1918; iPhone ;4;Pedro;Delgado;84;02/01/2018;Recife;R$ 5.300,00;;;;
HL1918; iPhone ;1;Marcela;Johnson;71;8/26/2018;Belo Horizonte;R$ 5.300,00;;;;
HL1918; iPhone ;2;Iuri;Neto;52;10/24/2018;Rio de Janeiro;R$ 5.300,00;;;;
HL8851; Notebook ;1;Antonio;Manhães;52;7/23/2018;São Paulo;R$ 3.500,00;;;;
HL1918; iPhone ;1;Paloma;Sperandei;60;08/11/2018;São Paulo;R$ 5.300,00;;;;
HL8851; Notebook ;3;Pedro;Cardoso;66;8/17/2018;Recife;R$ 3.500,00;;;;
HL8851; Notebook ;2;Norman;Jimbo;54;05/04/2018;Goiânia;R$ 3.500,00;;;;
HL8851; Notebook ;3;Adrielle;Gabriel;87;6/22/2018;Curitiba;R$ 3.500,00;;;;
HL4379; Televisão ;1;Gustavo;Erthal;55;09/08/2018;Curitiba;R$ 2.500,00;;;;
HL1918; iPhone ;3;Paula;Cavalcanti;44;7/29/2018;Fortaleza;R$ 5.300,00;;;;
HL9962; Android ;3;Gabrielle;Silva;90;05/12/2018;Salvador;R$ 3.400,00;;;;
HL9962; Android ;3;Joyce;Souza;19;6/24/2018;São Paulo;R$ 3.400,00;;;;
HL1918; iPhone ;1;Yasmim;Bittencourt;74;7/15/2018;Salvador;R$ 5.300,00;;;;
HL4379; Televisão ;4;Mariana;Rotava;72;2/25/2018;São Paulo;R$ 2.500,00;;;;
HL1918; iPhone ;1;Juliana;Mesquita;42;11/04/2018;Fortaleza;R$ 5.300,00;;;;
HL1148; Câmera ;1;Pedro;Lyra;23;8/14/2018;São Paulo;R$ 2.100,00;;;;
HL4379; Televisão ;3;Alberto;Silveira;64;10/28/2018;Rio de Janeiro;R$ 2.500,00;;;;
HL4379; Televisão ;4;Lara;Moreira;19;2/24/2018;Rio de Janeiro;R$ 2.500,00;;;;
HL2714; Tablet ;5;Pedro;Sena;65;11/21/2018;Salvador;R$ 1.600,00;;;;
HL1918; iPhone ;1;Luíza;Garcia;19;9/14/2018;Rio de Janeiro;R$ 5.300,00;;;;
HL1918; iPhone ;5;João;Costa;37;8/14/2018;Goiânia;R$ 5.300,00;;;;
HL7348; SmartWatch ;4;João;Araujo;78;1/13/2018;Curitiba;R$ 1.400,00;;;;
HL7348; SmartWatch ;3;Matheus;Delgado;28;7/19/2018;Goiânia;R$ 1.400,00;;;;
HL2714; Tablet ;3;Beatriz;Rocha;82;2/17/2018;Belo Horizonte;R$ 1.600,00;;;;
HL8851; Notebook ;2;Adriane;Chagas;64;08/05/2018;São Paulo;R$ 3.500,00;;;;
HL7348; SmartWatch ;5;Gabrielle;Wanderley;46;09/11/2018;Salvador;R$ 1.400,00;;;;
HL1918; iPhone ;3;Maria;Junior;36;10/03/2018;Fortaleza;R$ 5.300,00;;;;
HL1918; iPhone ;1;Pedro;Costa;35;3/28/2018;Goiânia;R$ 5.300,00;;;;
HL9962; Android ;3;Rilson;Guedes;21;03/04/2018;Fortaleza;R$ 3.400,00;;;;
HL7348; SmartWatch ;2;Debora;Silva;36;10/04/2018;Recife;R$ 1.400,00;;;;
HL7348; SmartWatch ;3;Fernanda;Silva;51;12/26/2018;Goiânia;R$ 1.400,00;;;;
HL4379; Televisão ;1;Carolina;Rachide;89;9/14/2018;Rio de Janeiro;R$ 2.500,00;;;;
HL1918; iPhone ;3;Bárbara;Lima;70;06/02/2018;Porto Alegre;R$ 5.300,00;;;;
HL4379; Televisão ;1;Breno;Quinto;27;11/21/2018;Curitiba;R$ 2.500,00;;;;
HL8851; Notebook ;2;Thiago;Veiga;57;6/29/2018;Fortaleza;R$ 3.500,00;;;;
HL2714; Tablet ;3;Breno;Costa;78;10/05/2018;Recife;R$ 1.600,00;;;;
HL4379; Televisão ;4;Hanna;Fonseca;19;08/05/2018;Fortaleza;R$ 2.500,00;;;;
HL2714; Tablet ;2;Juliana;Guimarães;81;12/31/2018;Curitiba;R$ 1.600,00;;;;
HL4379; Televisão ;4;Rafaela;Rodrigues;88;09/08/2018;Salvador;R$ 2.500,00;;;;
HL9962; Android ;2;Bruna;Londero;21;03/07/2018;Fortaleza;R$ 3.400,00;;;;
HL4379; Televisão ;5;Luiza;Farias;19;7/25/2018;Fortaleza;R$ 2.500,00;;;;
HL7348; SmartWatch ;2;Isabelle;Gonçalves;73;11/21/2018;Salvador;R$ 1.400,00;;;;
HL2714; Tablet ;1;Anderson;Martins;57;2/23/2018;Curitiba;R$ 1.600,00;;;;
HL2714; Tablet ;3;João;Junior;87;5/15/2018;São Paulo;R$ 1.600,00;;;;
HL2714; Tablet ;4;Nathan;Morelli;53;4/13/2018;Recife;R$ 1.600,00;;;;
HL1918; iPhone ;3;Alexandre;Dantas;55;12/23/2018;Rio de Janeiro;R$ 5.300,00;;;;
HL1918; iPhone ;2;Daniel;Nauenberg;35;1/19/2018;Belo Horizonte;R$ 5.300,00;;;;
HL2714; Tablet ;1;Igor;Azevedo;77;08/08/2018;São Paulo;R$ 1.600,00;;;;
HL1918; iPhone ;1;Marina;Miranda;18;6/27/2018;São Paulo;R$ 5.300,00;;;;
HL1918; iPhone ;3;Gabriella;Lopes;36;12/22/2018;Rio de Janeiro;R$ 5.300,00;;;;
HL1918; iPhone ;4;Maria;Junior;62;07/12/2018;Salvador;R$ 5.300,00;;;;
HL1918; iPhone ;4;Brenno;Santos;31;11/29/2018;Recife;R$ 5.300,00;;;;
HL1918; iPhone ;4;Caio;Silva;26;11/22/2018;Fortaleza;R$ 5.300,00;;;;
HL7348; SmartWatch ;1;Dandara;Reis;58;10/25/2018;Fortaleza;R$ 1.400,00;;;;
HL1918; iPhone ;5;Luiza;Cabral;71;8/15/2018;Rio de Janeiro;R$ 5.300,00;;;;
HL1148; Câmera ;2;Lucas;Neto;46;8/27/2018;Recife;R$ 2.100,00;;;;
HL2714; Tablet ;4;Isabella;Rodrigues;52;9/15/2018;Rio de Janeiro;R$ 1.600,00;;;;
HL7348; SmartWatch ;3;Cassio;Faria;37;09/09/2018;Rio de Janeiro;R$ 1.400,00;;;;
HL1918; iPhone ;1;Eduardo;Lopes;18;11/19/2018;São Paulo;R$ 5.300,00;;;;
HL4379; Televisão ;2;Mariana;Sousa;29;4/24/2018;Salvador;R$ 2.500,00;;;;
HL1918; iPhone ;2;Luiz;Campista;38;10/21/2018;Porto Alegre;R$ 5.300,00;;;;
HL1918; iPhone ;4;Guilherme;Lima;43;4/29/2018;São Paulo;R$ 5.300,00;;;;
HL2714; Tablet ;2;Tayla;Lima;71;9/29/2018;Salvador;R$ 1.600,00;;;;
HL1918; iPhone ;4;Gabriela;Cavalcanti;66;06/12/2018;Curitiba;R$ 5.300,00;;;;
HL1918; iPhone ;4;Guido;Monteiro;24;12/17/2018;Recife;R$ 5.300,00;;;;
HL1918; iPhone ;5;Silvio;Fahrnholz;36;11/19/2018;São Paulo;R$ 5.300,00;;;;
HL1148; Câmera ;5;Pedro;Bitencourt;30;9/30/2018;Fortaleza;R$ 2.100,00;;;;
HL1918; iPhone ;2;Jéssica;Netto;64;9/15/2018;Fortaleza;R$ 5.300,00;;;;
HL4379; Televisão ;3;Ana;Gonzaga;79;03/07/2018;Fortaleza;R$ 2.500,00;;;;
HL1918; iPhone ;2;Alberto;Silveira;80;10/25/2018;Curitiba;R$ 5.300,00;;;;
HL8851; Notebook ;4;Caio;Silva;84;11/08/2018;Goiânia;R$ 3.500,00;;;;
HL7348; SmartWatch ;2;Ives;Barbosa;86;2/14/2018;São Paulo;R$ 1.400,00;;;;
HL1918; iPhone ;1;Paula;Isbelle;33;11/08/2018;Salvador;R$ 5.300,00;;;;
HL2714; Tablet ;3;Debora;Silva;26;12/19/2018;Curitiba;R$ 1.600,00;;;;
HL4379; Televisão ;4;Adriane;Chagas;62;3/16/2018;Rio de Janeiro;R$ 2.500,00;;;;
HL9962; Android ;3;Anna;Maia;88;08/01/2018;Recife;R$ 3.400,00;;;;
HL4379; Televisão ;5;Diogo;Ressurreição;20;3/26/2018;Fortaleza;R$ 2.500,00;;;;
HL1918; iPhone ;5;Fernanda;Silva;24;2/22/2018;Rio de Janeiro;R$ 5.300,00;;;;
HL7348; SmartWatch ;4;Pedro;Xavier;67;05/03/2018;Fortaleza;R$ 1.400,00;;;;
HL4379; Televisão ;3;Júlia;Almeida;74;4/28/2018;Rio de Janeiro;R$ 2.500,00;;;;
HL4379; Televisão ;3;Rogério;Gentile;57;09/12/2018;Fortaleza;R$ 2.500,00;;;;
HL4379; Televisão ;3;Ana;Carvalho;36;10/06/2018;Curitiba;R$ 2.500,00;;;;
HL4379; Televisão ;5;Fernanda;Figueiredo;83;9/17/2018;Porto Alegre;R$ 2.500,00;;;;
HL4379; Televisão ;5;Sthefeson;Kohn;64;03/12/2018;Goiânia;R$ 2.500,00;;;;
HL1918; iPhone ;1;Breno;Varella;44;1/15/2018;Rio de Janeiro;R$ 5.300,00;;;;
HL4379; Televisão ;5;Victor;Firmino;47;8/22/2018;Recife;R$ 2.500,00;;;;
HL7348; SmartWatch ;4;Guilherme;Jordao;43;3/21/2018;Porto Alegre;R$ 1.400,00;;;;
HL1918; iPhone ;4;Raíza;Lopes;46;06/05/2018;Fortaleza;R$ 5.300,00;;;;
HL4379; Televisão ;3;Caio;Silva;22;12/15/2018;Rio de Janeiro;R$ 2.500,00;;;;
HL4379; Televisão ;5;Mateus;Duque;33;12/27/2018;Salvador;R$ 2.500,00;;;;
HL9962; Android ;4;Adriana;Carneiro;65;10/22/2018;São Paulo;R$ 3.400,00;;;;
HL1148; Câmera ;2;Guilherme;Merotto;19;1/23/2018;Fortaleza;R$ 2.100,00;;;;
HL1148; Câmera ;2;Pedro;Santana;87;3/29/2018;Recife;R$ 2.100,00;;;;
HL1148; Câmera ;3;Ruan;Lopes;75;3/16/2018;Recife;R$ 2.100,00;;;;
HL7348; SmartWatch ;5;Guilherme;Vianna;73;12/13/2018;Salvador;R$ 1.400,00;;;;
HL1918; iPhone ;2;Lucas;Almeida;61;11/30/2018;Recife;R$ 5.300,00;;;;
HL9962; Android ;2;Leonardo;Faria;61;06/04/2018;Salvador;R$ 3.400,00;;;;
HL9962; Android ;5;Bernardo;Nauenberg;21;05/06/2018;Rio de Janeiro;R$ 3.400,00;;;;
HL4379; Televisão ;5;Tainah;Nogueira;40;7/27/2018;Porto Alegre;R$ 2.500,00;;;;
HL1918; iPhone ;5;Luiz;Conceição;18;12/19/2018;Goiânia;R$ 5.300,00;;;;
HL1918; iPhone ;5;Renan;Nascimento;33;6/22/2018;Salvador;R$ 5.300,00;;;;
HL1918; iPhone ;3;Catarina;Teixeira;40;4/13/2018;Porto Alegre;R$ 5.300,00;;;;
HL8851; Notebook ;4;Deysiane;Medronho;66;11/11/2018;Curitiba;R$ 3.500,00;;;;
HL7348; SmartWatch ;4;Luiz;Almeida;47;04/02/2018;Curitiba;R$ 1.400,00;;;;
HL4379; Televisão ;3;Eduardo;Silva;28;7/30/2018;São Paulo;R$ 2.500,00;;;;
HL9962; Android ;5;Rodrigo;Ramos;70;1/28/2018;São Paulo;R$ 3.400,00;;;;
HL1918; iPhone ;1;Bruna;Silva;70;7/18/2018;São Paulo;R$ 5.300,00;;;;
HL1918; iPhone ;5;Ives;Teixeira;62;12/16/2018;Fortaleza;R$ 5.300,00;;;;
HL2714; Tablet ;5;Alvaro;Kranz;28;04/06/2018;Goiânia;R$ 1.600,00;;;;
HL4379; Televisão ;2;Giuseppe;Borges;89;4/15/2018;São Paulo;R$ 2.500,00;;;;
HL4379; Televisão ;3;Rogério;Pereira;42;5/23/2018;Rio de Janeiro;R$ 2.500,00;;;;
HL1918; iPhone ;2;Jessica;Ferreira;54;11/07/2018;Salvador;R$ 5.300,00;;;;
HL4379; Televisão ;3;Adrielle;Gabriel;30;12/30/2018;Rio de Janeiro;R$ 2.500,00;;;;
HL2714; Tablet ;3;Alessandra;Martins;82;5/30/2018;Recife;R$ 1.600,00;;;;
HL1918; iPhone ;2;Felipe;Paulo;25;12/04/2018;São Paulo;R$ 5.300,00;;;;
HL4379; Televisão ;5;Juliana;Souza;87;3/31/2018;Belo Horizonte;R$ 2.500,00;;;;
HL4379; Televisão ;5;Rodrigo;Feijo;79;10/15/2018;São Paulo;R$ 2.500,00;;;;
HL1918; iPhone ;2;Bruno;Souza;42;08/10/2018;Salvador;R$ 5.300,00;;;;
HL8851; Notebook ;4;Beatriz;Li;63;12/31/2018;Porto Alegre;R$ 3.500,00;;;;
HL1148; Câmera ;1;Leonardo;Ferreira;79;07/03/2018;Fortaleza;R$ 2.100,00;;;;
HL4379; Televisão ;5;Arthur;Portela;36;10/18/2018;Fortaleza;R$ 2.500,00;;;;
HL2714; Tablet ;1;Hércules;Moreira;44;6/19/2018;Goiânia;R$ 1.600,00;;;;
HL9962; Android ;5;Roberta;Nogueira;68;4/21/2018;Goiânia;R$ 3.400,00;;;;
HL1148; Câmera ;1;Isabella;Montanholi;84;05/08/2018;Salvador;R$ 2.100,00;;;;
HL4379; Televisão ;5;Guilherme;Monteiro;68;5/25/2018;Fortaleza;R$ 2.500,00;;;;
HL1918; iPhone ;4;Rafaela;Ferreira;86;11/20/2018;Salvador;R$ 5.300,00;;;;
HL4379; Televisão ;5;Pedro;Costa;19;5/27/2018;Goiânia;R$ 2.500,00;;;;
HL9962; Android ;3;Marina;Delgado;68;12/20/2018;Recife;R$ 3.400,00;;;;
HL1918; iPhone ;4;Bernardo;Ribeiro;79;6/30/2018;Rio de Janeiro;R$ 5.300,00;;;;
HL1918; iPhone ;5;Rafaela;Feio;28;04/03/2018;Recife;R$ 5.300,00;;;;
HL8851; Notebook ;3;Arthur;Souza;60;02/10/2018;Curitiba;R$ 3.500,00;;;;
HL9962; Android ;1;Victor;Soares;21;05/11/2018;Fortaleza;R$ 3.400,00;;;;
HL1918; iPhone ;1;Jackson;Derossi;28;12/27/2018;Salvador;R$ 5.300,00;;;;
HL1148; Câmera ;2;Thiago;Veiga;41;10/03/2018;Fortaleza;R$ 2.100,00;;;;
HL2714; Tablet ;1;Luiz;Campista;48;12/07/2018;Rio de Janeiro;R$ 1.600,00;;;;
HL1918; iPhone ;4;Clara;Silveira;29;12/14/2018;Salvador;R$ 5.300,00;;;;
HL1918; iPhone ;1;Carlos;Cardoso;39;6/14/2018;São Paulo;R$ 5.300,00;;;;
HL1918; iPhone ;2;Juliana;Goes;22;03/02/2018;Goiânia;R$ 5.300,00;;;;
HL2714; Tablet ;4;Viviane;Souza;80;9/16/2018;Salvador;R$ 1.600,00;;;;
HL8851; Notebook ;5;Thiago;Costa;82;3/15/2018;São Paulo;R$ 3.500,00;;;;
HL1918; iPhone ;5;Mariane;Racy;73;9/15/2018;Recife;R$ 5.300,00;;;;
HL1918; iPhone ;2;Lara;Moreira;49;01/02/2018;Recife;R$ 5.300,00;;;;
HL1918; iPhone ;3;Pedro;Santos;58;10/14/2018;Fortaleza;R$ 5.300,00;;;;
HL9962; Android ;5;Adriana;Passos;86;10/14/2018;Salvador;R$ 3.400,00;;;;
HL8851; Notebook ;3;Thales;Gouvêa;61;2/20/2018;Goiânia;R$ 3.500,00;;;;
HL1918; iPhone ;4;Thales;Gouvêa;19;06/04/2018;Belo Horizonte;R$ 5.300,00;;;;
HL7348; SmartWatch ;2;Carlos;Assis;78;12/23/2018;São Paulo;R$ 1.400,00;;;;
HL1918; iPhone ;5;Lucas;Baptista;48;7/21/2018;São Paulo;R$ 5.300,00;;;;
HL1148; Câmera ;2;Beatriz;Santos;64;2/23/2018;São Paulo;R$ 2.100,00;;;;
HL9962; Android ;3;Wellington;Duarte;57;08/04/2018;São Paulo;R$ 3.400,00;;;;
HL9962; Android ;1;Joana;Calmon;30;4/29/2018;Fortaleza;R$ 3.400,00;;;;
HL2714; Tablet ;3;Renan;Ventura;32;11/25/2018;Goiânia;R$ 1.600,00;;;;
HL7348; SmartWatch ;5;Pedro;Oliveira;69;11/21/2018;Belo Horizonte;R$ 1.400,00;;;;
HL1918; iPhone ;3;Priscila;Suzano;74;10/09/2018;Salvador;R$ 5.300,00;;;;
HL4379; Televisão ;2;Luis;Garcia;77;12/24/2018;Goiânia;R$ 2.500,00;;;;
HL7348; SmartWatch ;5;Guilherme;Assis;66;7/21/2018;Belo Horizonte;R$ 1.400,00;;;;
HL1918; iPhone ;4;Bernardo;Botelho;81;7/25/2018;Curitiba;R$ 5.300,00;;;;
HL2714; Tablet ;3;Clara;Silveira;76;8/30/2018;São Paulo;R$ 1.600,00;;;;
HL1918; iPhone ;2;Rogério;Pereira;48;1/16/2018;São Paulo;R$ 5.300,00;;;;
HL1918; iPhone ;4;Miguel;Carneiro;71;10/18/2018;Rio de Janeiro;R$ 5.300,00;;;;
HL7348; SmartWatch ;1;Camila;Sobral;51;07/02/2018;Rio de Janeiro;R$ 1.400,00;;;;
HL7348; SmartWatch ;2;Bruno;Souza;90;6/21/2018;São Paulo;R$ 1.400,00;;;;
HL1918; iPhone ;5;Arthur;Pereira;76;10/29/2018;Rio de Janeiro;R$ 5.300,00;;;;
HL4379; Televisão ;2;Andressa;Chou;67;7/27/2018;Recife;R$ 2.500,00;;;;
HL1148; Câmera ;2;Antônio;Oliveira;62;04/05/2018;São Paulo;R$ 2.100,00;;;;
HL2714; Tablet ;4;Juliana;Correa;66;12/04/2018;Salvador;R$ 1.600,00;;;;
HL4379; Televisão ;5;Guilherme;Lima;49;2/18/2018;São Paulo;R$ 2.500,00;;;;
HL1148; Câmera ;4;Breno;Britto;68;10/24/2018;Curitiba;R$ 2.100,00;;;;
HL1148; Câmera ;1;Vanessa;Rodrigues;64;11/28/2018;Curitiba;R$ 2.100,00;;;;
HL1918; iPhone ;5;Daniel;Cardoso;24;10/21/2018;São Paulo;R$ 5.300,00;;;;
HL7348; SmartWatch ;5;Thomáz;Bôas;79;08/08/2018;São Paulo;R$ 1.400,00;;;;
HL1918; iPhone ;3;Marcela;Johnson;44;09/10/2018;Recife;R$ 5.300,00;;;;
HL7348; SmartWatch ;4;João;Castilho;62;9/29/2018;Goiânia;R$ 1.400,00;;;;
HL1918; iPhone ;5;Marina;Aragão;53;7/17/2018;Recife;R$ 5.300,00;;;;
HL4379; Televisão ;4;José;Seixas;38;6/16/2018;Fortaleza;R$ 2.500,00;;;;
HL8851; Notebook ;4;Lívia;Tanaka;59;11/30/2018;Porto Alegre;R$ 3.500,00;;;;
HL1918; iPhone ;5;Luis;Oliveira;35;02/04/2018;Salvador;R$ 5.300,00;;;;
HL4379; Televisão ;5;Lucas;Fontoura;90;8/18/2018;Recife;R$ 2.500,00;;;;
HL1918; iPhone ;1;Catarina;Teixeira;55;1/15/2018;Recife;R$ 5.300,00;;;;
HL2714; Tablet ;3;Wilson;Brandão;67;11/09/2018;Fortaleza;R$ 1.600,00;;;;
HL2714; Tablet ;2;Ruan;Lopes;40;4/15/2018;Fortaleza;R$ 1.600,00;;;;
HL1918; iPhone ;2;Eduardo;Peluzo;57;2/13/2018;Rio de Janeiro;R$ 5.300,00;;;;
HL1918; iPhone ;2;Ana;Fioretti;31;2/22/2018;São Paulo;R$ 5.300,00;;;;
HL1918; iPhone ;1;Miguel;Carneiro;71;7/19/2018;Curitiba;R$ 5.300,00;;;;
HL8851; Notebook ;5;Thais;Rodrigues;18;09/03/2018;Fortaleza;R$ 3.500,00;;;;
HL1918; iPhone ;1;Carolina;Motta;31;9/30/2018;Fortaleza;R$ 5.300,00;;;;
HL1918; iPhone ;5;Juliana;Silva;72;2/18/2018;Curitiba;R$ 5.300,00;;;;
HL1148; Câmera ;1;Isabela;Rodrigues;78;04/01/2018;Salvador;R$ 2.100,00;;;;
HL1918; iPhone ;4;Eduardo;Nunes;71;07/10/2018;Belo Horizonte;R$ 5.300,00;;;;
HL9962; Android ;2;Eduardo;Peluzo;65;2/24/2018;Porto Alegre;R$ 3.400,00;;;;
HL2714; Tablet ;2;Yasmim;Verly;42;10/19/2018;Rio de Janeiro;R$ 1.600,00;;;;
HL1918; iPhone ;1;Anna;Silva;51;04/03/2018;Fortaleza;R$ 5.300,00;;;;
HL2714; Tablet ;5;Thaís;Ribeiro;73;12/25/2018;Salvador;R$ 1.600,00;;;;
HL1918; iPhone ;4;Carolina;Bernardes;54;03/02/2018;Curitiba;R$ 5.300,00;;;;
HL7348; SmartWatch ;4;Pedro;Lyra;21;1/28/2018;Porto Alegre;R$ 1.400,00;;;;
HL8851; Notebook ;1;Gabrielle;Silva;30;5/20/2018;Belo Horizonte;R$ 3.500,00;;;;
HL8851; Notebook ;2;João;Monteiro;38;4/25/2018;São Paulo;R$ 3.500,00;;;;
HL1918; iPhone ;3;Rogério;Pereira;38;02/11/2018;Fortaleza;R$ 5.300,00;;;;
HL9962; Android ;5;Guilherme;Marchesi;71;05/03/2018;Belo Horizonte;R$ 3.400,00;;;;
HL9962; Android ;4;Isabela;Resende;78;4/20/2018;São Paulo;R$ 3.400,00;;;;
HL8851; Notebook ;5;Marcelo;Magalhães;71;11/08/2018;Curitiba;R$ 3.500,00;;;;
HL1918; iPhone ;1;Isabella;Scalabrin;88;1/26/2018;Rio de Janeiro;R$ 5.300,00;;;;
HL4379; Televisão ;4;Gabriel;Rubim;43;9/16/2018;Salvador;R$ 2.500,00;;;;
HL1918; iPhone ;1;Anderson;Barreto;85;7/16/2018;São Paulo;R$ 5.300,00;;;;
HL1918; iPhone ;2;Felipe;Cavalcanti;31;6/23/2018;Rio de Janeiro;R$ 5.300,00;;;;
HL8851; Notebook ;5;Myllena;Carneiro;73;1/29/2018;Salvador;R$ 3.500,00;;;;
HL1918; iPhone ;5;Lucas;Lemos;64;8/16/2018;São Paulo;R$ 5.300,00;;;;
HL1148; Câmera ;1;Iuri;Barbosa;86;3/29/2018;São Paulo;R$ 2.100,00;;;;
HL2714; Tablet ;3;Pedro;Rodrigues;50;11/04/2018;Recife;R$ 1.600,00;;;;
HL9962; Android ;3;Caroline;Aquino;30;07/02/2018;São Paulo;R$ 3.400,00;;;;
HL4379; Televisão ;4;Adrielle;Gabriel;83;09/08/2018;Porto Alegre;R$ 2.500,00;;;;
HL2714; Tablet ;4;Isabela;Resende;69;07/04/2018;Curitiba;R$ 1.600,00;;;;
HL7348; SmartWatch ;3;Letícia;Araujo;34;08/10/2018;Fortaleza;R$ 1.400,00;;;;
HL1918; iPhone ;5;Roberta;Teixeira;81;05/06/2018;Recife;R$ 5.300,00;;;;
HL8851; Notebook ;4;Willian;Albino;52;12/06/2018;Goiânia;R$ 3.500,00;;;;
HL8851; Notebook ;3;Guilherme;Vianna;78;10/23/2018;São Paulo;R$ 3.500,00;;;;
HL1918; iPhone ;5;Juliana;Guimarães;56;04/05/2018;Rio de Janeiro;R$ 5.300,00;;;;
HL4379; Televisão ;3;Daniel;Monteiro;75;6/21/2018;São Paulo;R$ 2.500,00;;;;
HL9962; Android ;3;Julia;Silva;45;1/31/2018;Rio de Janeiro;R$ 3.400,00;;;;
HL4379; Televisão ;3;Paula;Cavalcanti;50;5/27/2018;Salvador;R$ 2.500,00;;;;
HL1918; iPhone ;4;Erick;Soares;59;12/31/2018;Rio de Janeiro;R$ 5.300,00;;;;
HL1918; iPhone ;1;Myllena;Corrêa;74;5/31/2018;Rio de Janeiro;R$ 5.300,00;;;;
HL2714; Tablet ;2;Leticia;Mesquita;34;7/31/2018;Fortaleza;R$ 1.600,00;;;;
HL4379; Televisão ;4;Roberto;Tiradentes;82;12/22/2018;Fortaleza;R$ 2.500,00;;;;
HL7348; SmartWatch ;4;Thiago;Costa;62;1/17/2018;Salvador;R$ 1.400,00;;;;
HL4379; Televisão ;3;João;Bach;66;02/02/2018;Curitiba;R$ 2.500,00;;;;
HL9962; Android ;3;Paula;Calbucci;36;09/10/2018;Rio de Janeiro;R$ 3.400,00;;;;
HL7348; SmartWatch ;5;Carolina;Brum;88;8/18/2018;São Paulo;R$ 1.400,00;;;;
HL4379; Televisão ;2;Julia;Aliani;25;10/10/2018;Fortaleza;R$ 2.500,00;;;;
HL9962; Android ;4;Adriana;Passos;29;07/05/2018;Belo Horizonte;R$ 3.400,00;;;;
HL1918; iPhone ;3;Joyce;Medina;49;04/09/2018;Recife;R$ 5.300,00;;;;
HL4379; Televisão ;1;Rebeca;Manhães;77;3/24/2018;Rio de Janeiro;R$ 2.500,00;;;;
HL2714; Tablet ;4;Mayara;Soares;52;10/27/2018;Curitiba;R$ 1.600,00;;;;
HL9962; Android ;5;João;Capitulo;61;4/24/2018;São Paulo;R$ 3.400,00;;;;
HL8851; Notebook ;4;Barbara;Procaci;60;04/06/2018;São Paulo;R$ 3.500,00;;;;
HL1918; iPhone ;1;João;Pedrazza;53;9/19/2018;Rio de Janeiro;R$ 5.300,00;;;;
HL2714; Tablet ;4;Matheus;Gomes;32;06/10/2018;Salvador;R$ 1.600,00;;;;
HL1148; Câmera ;2;Thays;Castro;85;11/03/2018;Goiânia;R$ 2.100,00;;;;
HL1918; iPhone ;1;Livia;Codeceira;67;12/31/2018;São Paulo;R$ 5.300,00;;;;
HL4379; Televisão ;2;Rafael;Guimarães;52;6/17/2018;Rio de Janeiro;R$ 2.500,00;;;;
HL9962; Android ;3;Arthur;Pereira;61;10/10/2018;São Paulo;R$ 3.400,00;;;;
HL4379; Televisão ;3;Rafael;Rocha;26;10/06/2018;Goiânia;R$ 2.500,00;;;;
HL4379; Televisão ;3;Priscila;Carvalho;28;12/20/2018;Goiânia;R$ 2.500,00;;;;
HL4379; Televisão ;1;Mariana;Miranda;44;2/23/2018;Porto Alegre;R$ 2.500,00;;;;
HL1918; iPhone ;5;Sylvio;Bernhardt;87;5/21/2018;Curitiba;R$ 5.300,00;;;;
HL9962; Android ;2;Juliana;Souza;79;08/10/2018;Fortaleza;R$ 3.400,00;;;;
HL9962; Android ;4;Wilson;Meirelles;70;03/01/2018;São Paulo;R$ 3.400,00;;;;
HL7348; SmartWatch ;1;Gabriel;Rubim;18;1/21/2018;São Paulo;R$ 1.400,00;;;;
HL1918; iPhone ;4;Lucas;Junior;28;7/28/2018;São Paulo;R$ 5.300,00;;;;
HL4379; Televisão ;4;Giovanna;Santos;53;12/26/2018;Rio de Janeiro;R$ 2.500,00;;;;
HL2714; Tablet ;5;Thales;Santos;71;05/10/2018;Belo Horizonte;R$ 1.600,00;;;;
HL4379; Televisão ;5;Antônio;Oliveira;63;1/26/2018;Fortaleza;R$ 2.500,00;;;;
HL8851; Notebook ;1;Diogo;Peixoto;47;07/03/2018;São Paulo;R$ 3.500,00;;;;
HL7348; SmartWatch ;3;Caio;Moraes;83;9/25/2018;São Paulo;R$ 1.400,00;;;;
HL4379; Televisão ;2;Luíza;Garcia;86;7/21/2018;Goiânia;R$ 2.500,00;;;;
HL4379; Televisão ;5;Juliana;Goes;27;08/12/2018;Salvador;R$ 2.500,00;;;;
HL1918; iPhone ;3;Julia;Aliani;74;11/15/2018;Rio de Janeiro;R$ 5.300,00;;;;
HL1918; iPhone ;5;Adriane;Gomes;57;2/20/2018;Fortaleza;R$ 5.300,00;;;;
HL1918; iPhone ;3;Renan;Ventura;43;11/15/2018;Fortaleza;R$ 5.300,00;;;;
HL8851; Notebook ;1;Maria;Motta;70;06/05/2018;Rio de Janeiro;R$ 3.500,00;;;;
HL9962; Android ;1;Matheus;Santos;36;2/23/2018;Rio de Janeiro;R$ 3.400,00;;;;
HL1148; Câmera ;1;Thomáz;Bôas;78;12/28/2018;São Paulo;R$ 2.100,00;;;;
HL1148; Câmera ;5;Raíssa;Oros;41;02/12/2018;São Paulo;R$ 2.100,00;;;;
HL2714; Tablet ;4;Laura;Araujo;75;08/07/2018;Salvador;R$ 1.600,00;;;;
HL4379; Televisão ;4;José;Seixas;75;5/21/2018;São Paulo;R$ 2.500,00;;;;
HL4379; Televisão ;4;Renan;Firmino;63;01/10/2018;Curitiba;R$ 2.500,00;;;;
HL9962; Android ;3;Marina;Mesquita;24;6/21/2018;São Paulo;R$ 3.400,00;;;;
HL4379; Televisão ;2;Renan;Melo;38;02/04/2018;São Paulo;R$ 2.500,00;;;;
HL1918; iPhone ;4;Carlos;Melo;21;1/16/2018;São Paulo;R$ 5.300,00;;;;
HL4379; Televisão ;3;Laís;Oliveira;87;08/06/2018;Goiânia;R$ 2.500,00;;;;
HL4379; Televisão ;3;Danilo;Rubim;55;02/05/2018;Goiânia;R$ 2.500,00;;;;
HL4379; Televisão ;5;Pedro;Santos;27;7/23/2018;Goiânia;R$ 2.500,00;;;;
HL1148; Câmera ;5;Raphael;Filho;70;5/18/2018;Goiânia;R$ 2.100,00;;;;
HL1148; Câmera ;1;Lucas;Lima;30;12/14/2018;São Paulo;R$ 2.100,00;;;;
HL8851; Notebook ;5;Jorge;Carvalho;52;8/31/2018;São Paulo;R$ 3.500,00;;;;
HL1148; Câmera ;2;Matheus;Gomes;90;07/10/2018;Salvador;R$ 2.100,00;;;;
HL7348; SmartWatch ;2;Victor;Corrêa;81;07/07/2018;São Paulo;R$ 1.400,00;;;;
HL4379; Televisão ;3;Juliana;Goes;62;2/23/2018;Rio de Janeiro;R$ 2.500,00;;;;
HL1148; Câmera ;3;Aline;Andrade;81;8/18/2018;Fortaleza;R$ 2.100,00;;;;
HL7348; SmartWatch ;1;Bruno;Velucci;24;4/24/2018;São Paulo;R$ 1.400,00;;;;
HL1918; iPhone ;4;Rogério;Gentile;31;3/20/2018;Porto Alegre;R$ 5.300,00;;;;
HL7348; SmartWatch ;4;Rogério;Pereira;55;03/03/2018;São Paulo;R$ 1.400,00;;;;
HL2714; Tablet ;5;Luiz;Freire;20;9/13/2018;Salvador;R$ 1.600,00;;;;
HL8851; Notebook ;2;Felipe;Cavalcanti;81;08/02/2018;Recife;R$ 3.500,00;;;;
HL2714; Tablet ;5;Lucas;Valim;37;6/23/2018;Recife;R$ 1.600,00;;;;
HL9962; Android ;2;Raíssa;Oros;60;01/02/2018;Salvador;R$ 3.400,00;;;;
HL1918; iPhone ;4;Adriane;Chagas;79;02/03/2018;Fortaleza;R$ 5.300,00;;;;
HL1918; iPhone ;3;Matheus;Delgado;61;8/17/2018;São Paulo;R$ 5.300,00;;;;
HL4379; Televisão ;5;Henrique;Lencastre;38;6/19/2018;São Paulo;R$ 2.500,00;;;;
HL4379; Televisão ;4;Ylana;Teraoka;66;6/19/2018;Belo Horizonte;R$ 2.500,00;;;;
HL7348; SmartWatch ;2;Deysiane;Medronho;84;04/09/2018;Salvador;R$ 1.400,00;;;;
HL7348; SmartWatch ;2;Rafael;Rocha;62;08/06/2018;Fortaleza;R$ 1.400,00;;;;
HL2714; Tablet ;3;Ana;Leite;79;4/29/2018;São Paulo;R$ 1.600,00;;;;
HL1918; iPhone ;2;Carolina;Alfradique;20;01/09/2018;Salvador;R$ 5.300,00;;;;
HL4379; Televisão ;3;Caio;Ferreira;60;9/28/2018;Recife;R$ 2.500,00;;;;
HL1918; iPhone ;4;Gustavo;Junior;47;4/23/2018;Fortaleza;R$ 5.300,00;;;;
HL1918; iPhone ;3;Vanessa;Neves;28;09/11/2018;São Paulo;R$ 5.300,00;;;;
HL7348; SmartWatch ;3;Matheus;Delgado;30;5/18/2018;São Paulo;R$ 1.400,00;;;;
HL2714; Tablet ;3;David;Campelo;85;6/14/2018;Fortaleza;R$ 1.600,00;;;;
HL4379; Televisão ;2;Hiaiune;Valim;40;3/19/2018;Curitiba;R$ 2.500,00;;;;
HL7348; SmartWatch ;5;Henrique;Lencastre;24;12/20/2018;Curitiba;R$ 1.400,00;;;;
HL7348; SmartWatch ;4;Roberta;Pimenta;36;12/13/2018;São Paulo;R$ 1.400,00;;;;
HL1918; iPhone ;4;Daniel;Terra;46;12/23/2018;São Paulo;R$ 5.300,00;;;;
HL1148; Câmera ;1;Letícia;Leal;46;7/26/2018;São Paulo;R$ 2.100,00;;;;
HL1918; iPhone ;5;Monique;Vasconcelos;42;11/12/2018;São Paulo;R$ 5.300,00;;;;
HL4379; Televisão ;3;Juliana;Pacheco;64;2/18/2018;Goiânia;R$ 2.500,00;;;;
HL9962; Android ;5;Rebeca;Reis;60;09/02/2018;Fortaleza;R$ 3.400,00;;;;
HL9962; Android ;1;Lívia;Tanaka;68;6/23/2018;Salvador;R$ 3.400,00;;;;
HL1918; iPhone ;3;Cícero;Ramos;76;01/07/2018;Fortaleza;R$ 5.300,00;;;;
HL8851; Notebook ;5;Fernanda;Junior;83;7/16/2018;Salvador;R$ 3.500,00;;;;
HL1918; iPhone ;3;Raíssa;Oros;35;2/19/2018;São Paulo;R$ 5.300,00;;;;
HL1918; iPhone ;1;Marcelo;Pereira;81;6/23/2018;Rio de Janeiro;R$ 5.300,00;;;;
HL7348; SmartWatch ;1;Mariana;Miranda;89;2/21/2018;Fortaleza;R$ 1.400,00;;;;
HL1918; iPhone ;2;Caio;Silva;20;08/10/2018;Belo Horizonte;R$ 5.300,00;;;;
HL8851; Notebook ;1;Marcelo;Rosa;21;7/23/2018;Salvador;R$ 3.500,00;;;;
HL1918; iPhone ;1;Luiza;Cavalcanti;47;03/04/2018;Salvador;R$ 5.300,00;;;;
HL1918; iPhone ;1;Giuseppe;Borges;75;12/19/2018;Porto Alegre;R$ 5.300,00;;;;
HL1918; iPhone ;2;Matheus;Figueiredo;33;5/26/2018;São Paulo;R$ 5.300,00;;;;
HL1918; iPhone ;2;Lucas;Chagas;51;12/13/2018;Fortaleza;R$ 5.300,00;;;;
HL9962; Android ;1;Eduardo;Pacheco;53;4/26/2018;Porto Alegre;R$ 3.400,00;;;;
HL1918; iPhone ;5;Natalia;Andrade;20;10/14/2018;São Paulo;R$ 5.300,00;;;;
HL1918; iPhone ;5;Ulisses;Filho;77;2/20/2018;Rio de Janeiro;R$ 5.300,00;;;;
HL7348; SmartWatch ;5;Victor;Corrêa;83;12/01/2018;Recife;R$ 1.400,00;;;;
HL1918; iPhone ;5;Eric;Carvalho;80;08/03/2018;Porto Alegre;R$ 5.300,00;;;;
HL7348; SmartWatch ;1;Juan;Fernandes;41;7/16/2018;Curitiba;R$ 1.400,00;;;;
HL7348; SmartWatch ;3;Antonio;Manhães;81;07/07/2018;Goiânia;R$ 1.400,00;;;;
HL9962; Android ;2;Daniel;Alcoforado;40;4/15/2018;São Paulo;R$ 3.400,00;;;;
HL2714; Tablet ;2;Victor;Gomes;33;11/19/2018;Rio de Janeiro;R$ 1.600,00;;;;
HL7348; SmartWatch ;2;Eduardo;Vargas;45;01/08/2018;Goiânia;R$ 1.400,00;;;;
HL9962; Android ;2;Joao;Pereira;85;04/09/2018;Fortaleza;R$ 3.400,00;;;;
HL1148; Câmera ;1;Caio;Moraes;78;12/24/2018;Fortaleza;R$ 2.100,00;;;;
HL9962; Android ;2;Yasser;Calbucci;67;8/13/2018;Salvador;R$ 3.400,00;;;;
HL1918; iPhone ;1;Gabriel;Thome;19;5/13/2018;São Paulo;R$ 5.300,00;;;;
HL4379; Televisão ;3;João;Aires;82;02/04/2018;Curitiba;R$ 2.500,00;;;;
HL9962; Android ;5;Milena;Almeida;18;4/19/2018;Belo Horizonte;R$ 3.400,00;;;;
HL1148; Câmera ;5;Sarah;Souza;31;02/11/2018;Belo Horizonte;R$ 2.100,00;;;;
HL4379; Televisão ;3;Ravena;Bhering;52;12/16/2018;Salvador;R$ 2.500,00;;;;
HL1918; iPhone ;4;Lucas;Villanova;30;6/25/2018;Rio de Janeiro;R$ 5.300,00;;;;
HL4379; Televisão ;2;Carolina;Carneiro;68;10/01/2018;Fortaleza;R$ 2.500,00;;;;
HL1918; iPhone ;5;Diego;Mello;63;4/15/2018;Curitiba;R$ 5.300,00;;;;
HL1918; iPhone ;4;Isabel;Leite;26;08/07/2018;Fortaleza;R$ 5.300,00;;;;
HL1918; iPhone ;1;Lucas;Baptista;34;2/28/2018;Porto Alegre;R$ 5.300,00;;;;
HL2714; Tablet ;3;Bruna;Brandao;24;12/30/2018;Porto Alegre;R$ 1.600,00;;;;
HL7348; SmartWatch ;1;Bruno;Freitas;87;11/22/2018;São Paulo;R$ 1.400,00;;;;
HL8851; Notebook ;3;Ana;Felippe;75;10/21/2018;Rio de Janeiro;R$ 3.500,00;;;;
HL4379; Televisão ;3;Anderson;Barreto;35;2/14/2018;Recife;R$ 2.500,00;;;;
HL8851; Notebook ;1;Gabrielle;Costa;69;4/17/2018;Porto Alegre;R$ 3.500,00;;;;
HL1918; iPhone ;3;Nina;Magalhães;65;09/04/2018;Salvador;R$ 5.300,00;;;;
HL1148; Câmera ;1;Daniela;Pereira;60;02/01/2018;São Paulo;R$ 2.100,00;;;;
HL1918; iPhone ;5;Julia;Aliani;30;7/21/2018;Salvador;R$ 5.300,00;;;;
HL7348; SmartWatch ;2;Karine;Barros;41;11/16/2018;Belo Horizonte;R$ 1.400,00;;;;
HL1918; iPhone ;2;Fernanda;Rubim;29;3/29/2018;Fortaleza;R$ 5.300,00;;;;
HL7348; SmartWatch ;3;Paloma;Sperandei;66;8/17/2018;Rio de Janeiro;R$ 1.400,00;;;;
HL1918; iPhone ;1;Jônatas;Tanaka;71;12/29/2018;Recife;R$ 5.300,00;;;;
HL1918; iPhone ;3;Juliana;Hollander;48;07/06/2018;Rio de Janeiro;R$ 5.300,00;;;;
HL8851; Notebook ;5;Alon;Palmeira;64;08/10/2018;Salvador;R$ 3.500,00;;;;
HL9962; Android ;3;Débora;Lopes;66;5/17/2018;São Paulo;R$ 3.400,00;;;;
HL1918; iPhone ;4;Nathan;Morelli;32;7/13/2018;Fortaleza;R$ 5.300,00;;;;
HL1148; Câmera ;3;Stefan;Nunes;58;7/29/2018;Rio de Janeiro;R$ 2.100,00;;;;
HL1918; iPhone ;4;Rafaela;Ferreira;56;7/31/2018;Salvador;R$ 5.300,00;;;;
HL9962; Android ;1;Felipe;Jorge;37;09/06/2018;Goiânia;R$ 3.400,00;;;;
HL1918; iPhone ;3;Wilson;Brandão;41;10/15/2018;Recife;R$ 5.300,00;;;;
HL1918; iPhone ;5;Barbara;Procaci;82;4/23/2018;Porto Alegre;R$ 5.300,00;;;;
HL4379; Televisão ;5;Bruno;Silva;61;10/25/2018;São Paulo;R$ 2.500,00;;;;
HL1148; Câmera ;2;Ramon;Araujo;33;2/18/2018;Salvador;R$ 2.100,00;;;;
HL9962; Android ;1;Fernanda;Figueiredo;39;1/24/2018;Fortaleza;R$ 3.400,00;;;;
HL1148; Câmera ;1;Paula;Carneiro;59;6/14/2018;Recife;R$ 2.100,00;;;;
HL1148; Câmera ;3;Lucas;Destri;58;11/23/2018;São Paulo;R$ 2.100,00;;;;
HL4379; Televisão ;5;Carolina;Costa;82;2/27/2018;São Paulo;R$ 2.500,00;;;;
HL1918; iPhone ;4;Daniel;Araujo;82;03/03/2018;São Paulo;R$ 5.300,00;;;;
HL8851; Notebook ;5;Willian;Albino;81;9/21/2018;Rio de Janeiro;R$ 3.500,00;;;;
HL2714; Tablet ;1;Bruna;Soares;21;9/27/2018;Porto Alegre;R$ 1.600,00;;;;
HL1918; iPhone ;1;Gabriel;Rubim;46;3/25/2018;Porto Alegre;R$ 5.300,00;;;;
HL1918; iPhone ;3;Pedro;Sena;20;03/09/2018;Fortaleza;R$ 5.300,00;;;;
HL4379; Televisão ;4;Alon;Palmeira;73;2/22/2018;Belo Horizonte;R$ 2.500,00;;;;
HL9962; Android ;1;Jeferson;Sone;84;4/30/2018;Fortaleza;R$ 3.400,00;;;;
HL1918; iPhone ;3;Breno;Caputo;36;2/22/2018;São Paulo;R$ 5.300,00;;;;
HL1918; iPhone ;4;Alberto;Silveira;18;05/12/2018;Rio de Janeiro;R$ 5.300,00;;;;
HL1918; iPhone ;3;Pedro;Santana;83;1/24/2018;São Paulo;R$ 5.300,00;;;;
HL7348; SmartWatch ;2;Felipe;Freitas;72;04/02/2018;São Paulo;R$ 1.400,00;;;;
HL7348; SmartWatch ;5;Carolina;Santos;53;12/09/2018;Salvador;R$ 1.400,00;;;;
HL1918; iPhone ;4;Thayna;Martins;33;4/23/2018;Fortaleza;R$ 5.300,00;;;;
HL1148; Câmera ;4;Bernard;Pedrosa;74;3/20/2018;Porto Alegre;R$ 2.100,00;;;;
HL9962; Android ;5;Wen;Braga;36;04/01/2018;Porto Alegre;R$ 3.400,00;;;;
HL8851; Notebook ;1;Natalia;Andrade;60;3/13/2018;Belo Horizonte;R$ 3.500,00;;;;
HL4379; Televisão ;2;Raphael;Mattos;37;05/03/2018;Fortaleza;R$ 2.500,00;;;;
HL1918; iPhone ;4;Amanda;Amaral;28;10/08/2018;São Paulo;R$ 5.300,00;;;;
HL8851; Notebook ;1;Maria;Junior;54;01/12/2018;Recife;R$ 3.500,00;;;;
HL4379; Televisão ;4;João;Junior;21;8/14/2018;Belo Horizonte;R$ 2.500,00;;;;
HL1148; Câmera ;5;Vitor;Arruda;49;2/28/2018;Porto Alegre;R$ 2.100,00;;;;
HL7348; SmartWatch ;2;Anna;Maia;86;11/12/2018;São Paulo;R$ 1.400,00;;;;
HL8851; Notebook ;2;Ana;Felippe;25;11/05/2018;Salvador;R$ 3.500,00;;;;
HL7348; SmartWatch ;3;Patrícia;Fernandes;60;6/23/2018;São Paulo;R$ 1.400,00;;;;
HL2714; Tablet ;5;Beatriz;Rodrigues;59;12/02/2018;Recife;R$ 1.600,00;;;;
HL1918; iPhone ;5;Thales;Gouvêa;61;7/21/2018;Rio de Janeiro;R$ 5.300,00;;;;
HL8851; Notebook ;2;Ives;Barbosa;37;04/01/2018;São Paulo;R$ 3.500,00;;;;
HL1148; Câmera ;3;Lais;Candido;22;7/19/2018;Goiânia;R$ 2.100,00;;;;
HL1918; iPhone ;5;Letícia;Rodrigues;38;10/21/2018;Salvador;R$ 5.300,00;;;;
HL9962; Android ;4;Mateus;Polastri;78;9/23/2018;Goiânia;R$ 3.400,00;;;;
HL4379; Televisão ;3;Felipe;Cavalcanti;41;08/11/2018;Rio de Janeiro;R$ 2.500,00;;;;
HL1918; iPhone ;5;Carolina;Vasconcelos;63;2/21/2018;Fortaleza;R$ 5.300,00;;;;
HL2714; Tablet ;3;Raissa;Negrelli;40;12/27/2018;Rio de Janeiro;R$ 1.600,00;;;;
HL4379; Televisão ;5;Guilherme;Seixas;82;1/31/2018;Rio de Janeiro;R$ 2.500,00;;;;
HL1918; iPhone ;4;Carla;Zakhm;56;10/12/2018;Belo Horizonte;R$ 5.300,00;;;;
HL1918; iPhone ;5;Anna;Silva;29;12/30/2018;Fortaleza;R$ 5.300,00;;;;
HL1148; Câmera ;3;Victor;Ferreira;82;9/19/2018;Goiânia;R$ 2.100,00;;;;
HL8851; Notebook ;5;Gabriella;Sagrillo;52;05/11/2018;São Paulo;R$ 3.500,00;;;;
HL9962; Android ;5;Ana;Carvalho;89;9/22/2018;São Paulo;R$ 3.400,00;;;;
HL4379; Televisão ;5;Luiz;Marinho;66;10/05/2018;São Paulo;R$ 2.500,00;;;;
HL1148; Câmera ;3;Lucas;Lima;24;01/08/2018;Fortaleza;R$ 2.100,00;;;;
HL2714; Tablet ;4;Anna;Maia;26;1/29/2018;Salvador;R$ 1.600,00;;;;
HL9962; Android ;1;Aline;Mello;82;3/26/2018;Salvador;R$ 3.400,00;;;;
HL8851; Notebook ;5;Lázaro;Villanova;62;11/13/2018;Salvador;R$ 3.500,00;;;;
HL2714; Tablet ;1;Cláudio;Aragão;31;1/31/2018;Rio de Janeiro;R$ 1.600,00;;;;
HL1918; iPhone ;2;Tayla;Lima;48;3/23/2018;São Paulo;R$ 5.300,00;;;;
HL1918; iPhone ;1;Raissa;Negrelli;19;07/10/2018;Salvador;R$ 5.300,00;;;;
HL1918; iPhone ;5;Caroline;Cavalcanti;43;10/17/2018;Rio de Janeiro;R$ 5.300,00;;;;
HL1918; iPhone ;4;Matheus;Miranda;81;09/05/2018;Goiânia;R$ 5.300,00;;;;
HL1918; iPhone ;4;Guilherme;Lima;58;2/13/2018;Salvador;R$ 5.300,00;;;;
HL1918; iPhone ;2;Jéssica;Teixeira;26;12/07/2018;Fortaleza;R$ 5.300,00;;;;
HL1918; iPhone ;1;Stephanie;Oliveira;87;06/10/2018;São Paulo;R$ 5.300,00;;;;
HL9962; Android ;2;Dykson;Silva;36;1/18/2018;Fortaleza;R$ 3.400,00;;;;
HL4379; Televisão ;5;Amanda;Braga;89;5/18/2018;Rio de Janeiro;R$ 2.500,00;;;;
HL7348; SmartWatch ;5;Carla;Zakhm;81;11/11/2018;São Paulo;R$ 1.400,00;;;;
HL4379; Televisão ;5;Patrícia;Amaral;70;06/04/2018;Salvador;R$ 2.500,00;;;;
HL9962; Android ;4;Andre;Sampaio;82;11/02/2018;Belo Horizonte;R$ 3.400,00;;;;
HL1918; iPhone ;2;Caio;Affonso;81;05/12/2018;Curitiba;R$ 5.300,00;;;;
HL4379; Televisão ;2;Maria;Junior;50;11/28/2018;São Paulo;R$ 2.500,00;;;;
HL4379; Televisão ;4;Monique;Vasconcelos;56;3/14/2018;Fortaleza;R$ 2.500,00;;;;
HL1918; iPhone ;2;Breno;Caputo;43;01/01/2018;Rio de Janeiro;R$ 5.300,00;;;;
HL9962; Android ;2;Raissa;Sales;56;11/19/2018;Curitiba;R$ 3.400,00;;;;
HL1148; Câmera ;3;Rogério;Gentile;75;09/03/2018;Porto Alegre;R$ 2.100,00;;;;
HL4379; Televisão ;3;Júlio;Freire;35;8/18/2018;São Paulo;R$ 2.500,00;;;;
HL8851; Notebook ;2;Guilherme;Merotto;43;2/27/2018;Belo Horizonte;R$ 3.500,00;;;;
HL2714; Tablet ;4;Pedro;Ferrari;71;1/27/2018;Salvador;R$ 1.600,00;;;;
HL9962; Android ;5;Livia;Cozendey;70;5/19/2018;Belo Horizonte;R$ 3.400,00;;;;
HL2714; Tablet ;3;Gabriela;Fernandes;18;09/03/2018;Fortaleza;R$ 1.600,00;;;;
HL1918; iPhone ;5;Anderson;Martins;76;5/25/2018;Rio de Janeiro;R$ 5.300,00;;;;
HL1148; Câmera ;2;Luíza;Melo;30;5/21/2018;Goiânia;R$ 2.100,00;;;;
HL1918; iPhone ;3;Letícia;Araujo;36;09/09/2018;Rio de Janeiro;R$ 5.300,00;;;;
HL1918; iPhone ;2;Jessica;Cordovil;36;06/11/2018;Salvador;R$ 5.300,00;;;;
HL7348; SmartWatch ;4;Gabriel;Puntel;42;2/17/2018;Salvador;R$ 1.400,00;;;;
HL1918; iPhone ;1;Yasmim;Bittencourt;68;09/04/2018;Goiânia;R$ 5.300,00;;;;
HL9962; Android ;4;Danilo;Rubim;21;8/27/2018;Salvador;R$ 3.400,00;;;;
HL7348; SmartWatch ;2;Carolina;Alfradique;37;12/03/2018;São Paulo;R$ 1.400,00;;;;
HL1918; iPhone ;5;Hanna;Fonseca;40;4/14/2018;Fortaleza;R$ 5.300,00;;;;
HL1918; iPhone ;2;Maria;Junior;24;06/11/2018;São Paulo;R$ 5.300,00;;;;
HL1918; iPhone ;3;Fernanda;Coutinho;51;07/05/2018;Rio de Janeiro;R$ 5.300,00;;;;
HL4379; Televisão ;2;Philipe;Morete;45;8/20/2018;Curitiba;R$ 2.500,00;;;;
HL9962; Android ;3;Marcela;Gasperi;54;05/02/2018;Rio de Janeiro;R$ 3.400,00;;;;
HL7348; SmartWatch ;3;Paula;Isbelle;85;7/23/2018;Recife;R$ 1.400,00;;;;
HL1918; iPhone ;1;Anderson;Martins;53;8/27/2018;São Paulo;R$ 5.300,00;;;;
HL4379; Televisão ;4;Arthur;Souza;48;12/26/2018;Curitiba;R$ 2.500,00;;;;
HL2714; Tablet ;1;Hygor;Essaber;54;02/02/2018;São Paulo;R$ 1.600,00;;;;
HL1918; iPhone ;2;Joao;Silva;40;10/20/2018;São Paulo;R$ 5.300,00;;;;
HL4379; Televisão ;5;Mariana;Rotava;66;1/26/2018;Curitiba;R$ 2.500,00;;;;
HL4379; Televisão ;4;Luiza;Cavalcanti;28;2/17/2018;Rio de Janeiro;R$ 2.500,00;;;;
HL1918; iPhone ;2;Ylana;Teraoka;72;1/22/2018;Fortaleza;R$ 5.300,00;;;;
HL9962; Android ;5;Ulisses;Filho;34;12/24/2018;Fortaleza;R$ 3.400,00;;;;
HL9962; Android ;2;Anderson;Cavalcanti;18;1/27/2018;Rio de Janeiro;R$ 3.400,00;;;;
HL4379; Televisão ;4;Lucas;Cavalcanti;34;12/01/2018;São Paulo;R$ 2.500,00;;;;
HL1148; Câmera ;4;Rodrigo;Feijo;64;03/09/2018;Goiânia;R$ 2.100,00;;;;
HL4379; Televisão ;1;Vanessa;Bach;52;6/25/2018;Rio de Janeiro;R$ 2.500,00;;;;
HL1918; iPhone ;3;Caio;Moraes;26;10/22/2018;Goiânia;R$ 5.300,00;;;;
HL4379; Televisão ;1;Beatriz;Nogueira;77;7/30/2018;São Paulo;R$ 2.500,00;;;;
HL4379; Televisão ;1;Lorena;Carvalho;85;07/10/2018;Fortaleza;R$ 2.500,00;;;;
HL8851; Notebook ;5;Michelle;Figueiredo;40;05/04/2018;Fortaleza;R$ 3.500,00;;;;
HL7348; SmartWatch ;3;Adrielle;Vieira;73;03/02/2018;Rio de Janeiro;R$ 1.400,00;;;;
HL9962; Android ;3;Wilson;Farias;89;05/09/2018;São Paulo;R$ 3.400,00;;;;
HL1918; iPhone ;2;Rodrigo;Silva;35;11/18/2018;Salvador;R$ 5.300,00;;;;
HL1148; Câmera ;5;Thales;Andrade;74;6/30/2018;Rio de Janeiro;R$ 2.100,00;;;;
HL2714; Tablet ;1;Nina;Magalhães;57;12/11/2018;Rio de Janeiro;R$ 1.600,00;;;;
HL7348; SmartWatch ;2;Rafaela;Rodrigues;48;10/24/2018;São Paulo;R$ 1.400,00;;;;
HL7348; SmartWatch ;1;Lara;Moreira;89;09/11/2018;Rio de Janeiro;R$ 1.400,00;;;;
HL2714; Tablet ;3;Eduardo;Quindeler;74;11/09/2018;Goiânia;R$ 1.600,00;;;;
HL2714; Tablet ;3;Joao;Pereira;61;10/28/2018;Belo Horizonte;R$ 1.600,00;;;;
HL9962; Android ;1;Lucas;Baptista;25;8/27/2018;Fortaleza;R$ 3.400,00;;;;
HL2714; Tablet ;4;Guilherme;Castilho;50;9/25/2018;São Paulo;R$ 1.600,00;;;;
HL1918; iPhone ;1;Lucas;Villanova;52;5/13/2018;São Paulo;R$ 5.300,00;;;;
HL4379; Televisão ;1;Juan;Barbosa;43;12/21/2018;Belo Horizonte;R$ 2.500,00;;;;
HL1918; iPhone ;2;Isabella;Montanholi;61;4/21/2018;São Paulo;R$ 5.300,00;;;;
HL2714; Tablet ;5;Rilson;Guedes;82;04/03/2018;Salvador;R$ 1.600,00;;;;
HL4379; Televisão ;2;Bernardo;Borges;23;2/25/2018;Salvador;R$ 2.500,00;;;;
HL2714; Tablet ;2;Antônio;Oliveira;90;2/26/2018;Porto Alegre;R$ 1.600,00;;;;
HL2714; Tablet ;5;Guilherme;Lima;38;07/02/2018;Fortaleza;R$ 1.600,00;;;;
HL4379; Televisão ;5;Victor;Corrêa;31;12/28/2018;Rio de Janeiro;R$ 2.500,00;;;;
HL9962; Android ;5;Luiza;Cabral;77;1/30/2018;Fortaleza;R$ 3.400,00;;;;
HL2714; Tablet ;5;Alexandre;Dantas;48;07/02/2018;Goiânia;R$ 1.600,00;;;;
HL1918; iPhone ;3;Michelle;Figueiredo;41;4/17/2018;São Paulo;R$ 5.300,00;;;;
HL8851; Notebook ;2;Victor;Zakhm;57;7/27/2018;Goiânia;R$ 3.500,00;;;;
HL1918; iPhone ;5;Juan;Barbosa;24;10/26/2018;Rio de Janeiro;R$ 5.300,00;;;;
HL4379; Televisão ;3;Eduardo;Ferreira;89;09/11/2018;Fortaleza;R$ 2.500,00;;;;
HL1148; Câmera ;5;Wilson;Miranda;72;5/21/2018;Goiânia;R$ 2.100,00;;;;
HL1148; Câmera ;5;Eduardo;Quindeler;72;10/30/2018;São Paulo;R$ 2.100,00;;;;
HL4379; Televisão ;2;Joana;Calmon;27;08/08/2018;São Paulo;R$ 2.500,00;;;;
HL8851; Notebook ;2;Maria;Mello;58;04/09/2018;Goiânia;R$ 3.500,00;;;;
HL4379; Televisão ;2;Gabriel;Puntel;53;3/20/2018;Belo Horizonte;R$ 2.500,00;;;;
HL1918; iPhone ;5;Adriane;Chagas;54;09/07/2018;Curitiba;R$ 5.300,00;;;;
HL2714; Tablet ;3;Henrique;Oliveira;82;12/30/2018;Recife;R$ 1.600,00;;;;
HL1918; iPhone ;5;Pedro;Rodrigues;25;02/11/2018;Fortaleza;R$ 5.300,00;;;;
HL1918; iPhone ;2;Alon;Pestana;53;07/05/2018;Salvador;R$ 5.300,00;;;;
HL2714; Tablet ;5;Wilson;Vianna;46;02/10/2018;Belo Horizonte;R$ 1.600,00;;;;
HL9962; Android ;3;Diego;Mello;33;02/09/2018;Porto Alegre;R$ 3.400,00;;;;
HL7348; SmartWatch ;1;Amanda;Braga;32;4/20/2018;São Paulo;R$ 1.400,00;;;;
HL1148; Câmera ;2;Beatriz;Nogueira;68;11/07/2018;Belo Horizonte;R$ 2.100,00;;;;
HL8851; Notebook ;3;João;Bach;88;01/07/2018;Curitiba;R$ 3.500,00;;;;
HL1918; iPhone ;5;Rodrigo;Souza;80;10/01/2018;Fortaleza;R$ 5.300,00;;;;
HL1918; iPhone ;4;Priscila;Carvalho;33;5/21/2018;Recife;R$ 5.300,00;;;;
HL8851; Notebook ;5;Ana;Soledade;73;07/05/2018;Rio de Janeiro;R$ 3.500,00;;;;
HL4379; Televisão ;1;Raissa;Sales;40;6/22/2018;Salvador;R$ 2.500,00;;;;
HL4379; Televisão ;3;Victor;Gomes;26;06/11/2018;Belo Horizonte;R$ 2.500,00;;;;
HL8851; Notebook ;1;Arthur;Fernandes;50;5/24/2018;Salvador;R$ 3.500,00;;;;
HL8851; Notebook ;3;Raísa;Rodrigues;77;11/09/2018;Goiânia;R$ 3.500,00;;;;
HL1918; iPhone ;3;Sandy;Figueiredo;86;10/13/2018;São Paulo;R$ 5.300,00;;;;
HL1918; iPhone ;3;Andressa;Chou;85;3/15/2018;Curitiba;R$ 5.300,00;;;;
HL8851; Notebook ;1;Eduardo;Pacheco;39;11/25/2018;Belo Horizonte;R$ 3.500,00;;;;
HL1918; iPhone ;1;Karina;Camara;61;11/28/2018;Fortaleza;R$ 5.300,00;;;;
HL8851; Notebook ;5;Lucas;Chagas;83;11/13/2018;São Paulo;R$ 3.500,00;;;;
HL9962; Android ;2;Maria;Correa;21;7/26/2018;Rio de Janeiro;R$ 3.400,00;;;;
HL4379; Televisão ;2;Ana;Almeida;36;4/22/2018;Porto Alegre;R$ 2.500,00;;;;
HL8851; Notebook ;4;Joyce;Souza;39;11/24/2018;Salvador;R$ 3.500,00;;;;
HL1918; iPhone ;1;Camilla;Guimarães;33;1/14/2018;São Paulo;R$ 5.300,00;;;;
HL1918; iPhone ;3;Raissa;Pinheiro;75;4/25/2018;Rio de Janeiro;R$ 5.300,00;;;;
HL4379; Televisão ;2;Julia;Leite;25;09/10/2018;São Paulo;R$ 2.500,00;;;;
HL1918; iPhone ;5;Pedro;Xavier;52;10/06/2018;Porto Alegre;R$ 5.300,00;;;;
HL4379; Televisão ;2;Stela;Mendonça;86;5/28/2018;Recife;R$ 2.500,00;;;;
HL4379; Televisão ;3;Daniel;Monteiro;73;1/25/2018;Goiânia;R$ 2.500,00;;;;
HL1148; Câmera ;1;Marina;Gama;81;6/21/2018;Curitiba;R$ 2.100,00;;;;
HL7348; SmartWatch ;2;Caio;Affonso;29;08/09/2018;Goiânia;R$ 1.400,00;;;;
HL1918; iPhone ;2;Diego;Mello;49;10/15/2018;São Paulo;R$ 5.300,00;;;;
HL1918; iPhone ;3;Nina;Magalhães;82;8/14/2018;Goiânia;R$ 5.300,00;;;;
HL1918; iPhone ;5;Thomaz;Ferreira;57;1/22/2018;São Paulo;R$ 5.300,00;;;;
HL1918; iPhone ;5;Caio;Cardoso;74;1/18/2018;Fortaleza;R$ 5.300,00;;;;
HL1148; Câmera ;1;Caio;Cardoso;67;2/28/2018;Rio de Janeiro;R$ 2.100,00;;;;
HL7348; SmartWatch ;1;Roberta;Pimenta;45;1/20/2018;São Paulo;R$ 1.400,00;;;;
HL4379; Televisão ;3;Igor;Lima;45;01/11/2018;Fortaleza;R$ 2.500,00;;;;
HL7348; SmartWatch ;4;Lázaro;Villanova;20;06/09/2018;Rio de Janeiro;R$ 1.400,00;;;;
HL1918; iPhone ;5;Carolina;Figueiredo;74;05/02/2018;Rio de Janeiro;R$ 5.300,00;;;;
HL9962; Android ;4;Carlos;Azevedo;39;06/10/2018;São Paulo;R$ 3.400,00;;;;
HL1918; iPhone ;5;Giulia;Lopes;33;8/13/2018;São Paulo;R$ 5.300,00;;;;
HL8851; Notebook ;5;Luiza;Cabral;87;3/22/2018;São Paulo;R$ 3.500,00;;;;
HL2714; Tablet ;1;Marcelo;Pereira;23;03/01/2018;São Paulo;R$ 1.600,00;;;;
HL4379; Televisão ;5;José;Jesus;47;08/12/2018;Belo Horizonte;R$ 2.500,00;;;;
HL1918; iPhone ;4;Milena;Pereira;87;1/28/2018;Rio de Janeiro;R$ 5.300,00;;;;
HL4379; Televisão ;5;Thainá;Binello;90;02/06/2018;Rio de Janeiro;R$ 2.500,00;;;;
HL4379; Televisão ;4;Beatriz;Cavalcanti;32;5/21/2018;Curitiba;R$ 2.500,00;;;;
HL1918; iPhone ;3;José;Carvalho;64;3/16/2018;Porto Alegre;R$ 5.300,00;;;;
HL8851; Notebook ;1;Brenno;Santos;40;12/28/2018;Fortaleza;R$ 3.500,00;;;;
HL7348; SmartWatch ;4;Paola;Abreu;32;4/14/2018;Fortaleza;R$ 1.400,00;;;;
HL1918; iPhone ;3;Anízio;Carvalho;65;9/25/2018;Belo Horizonte;R$ 5.300,00;;;;
HL7348; SmartWatch ;4;Camilla;Cardeman;40;11/20/2018;Rio de Janeiro;R$ 1.400,00;;;;
HL1148; Câmera ;3;Isabela;Chagas;29;09/10/2018;Goiânia;R$ 2.100,00;;;;
HL1918; iPhone ;2;Alon;Fahrnholz;41;2/21/2018;Rio de Janeiro;R$ 5.300,00;;;;
HL1918; iPhone ;4;Jorge;Carvalho;21;12/29/2018;Recife;R$ 5.300,00;;;;
HL7348; SmartWatch ;4;Pedro;Dalforne;22;02/08/2018;Curitiba;R$ 1.400,00;;;;
HL1918; iPhone ;2;Henrique;Silva;76;07/04/2018;Recife;R$ 5.300,00;;;;
HL1918; iPhone ;1;Bruno;Silva;48;11/14/2018;São Paulo;R$ 5.300,00;;;;
HL4379; Televisão ;3;José;Vieira;73;03/07/2018;São Paulo;R$ 2.500,00;;;;
HL9962; Android ;5;Fernanda;Figueiredo;36;06/02/2018;Rio de Janeiro;R$ 3.400,00;;;;
HL2714; Tablet ;5;Bernardo;Nauenberg;84;7/16/2018;São Paulo;R$ 1.600,00;;;;
HL4379; Televisão ;2;Célio;Xavier;43;01/06/2018;São Paulo;R$ 2.500,00;;;;
HL4379; Televisão ;4;Katharina;Barros;61;9/28/2018;São Paulo;R$ 2.500,00;;;;
HL9962; Android ;2;Daniel;Costa;89;10/07/2018;Curitiba;R$ 3.400,00;;;;
HL7348; SmartWatch ;5;Raphael;Mattos;49;01/02/2018;Salvador;R$ 1.400,00;;;;
HL1918; iPhone ;1;Mayara;Soares;58;5/31/2018;São Paulo;R$ 5.300,00;;;;
HL1918; iPhone ;5;Eric;Carvalho;80;12/26/2018;Belo Horizonte;R$ 5.300,00;;;;
HL2714; Tablet ;5;Adrielle;Vieira;70;3/16/2018;Salvador;R$ 1.600,00;;;;
HL4379; Televisão ;3;Allan;Guedes;28;11/02/2018;Fortaleza;R$ 2.500,00;;;;
HL7348; SmartWatch ;2;Camilla;Cardeman;45;07/08/2018;Rio de Janeiro;R$ 1.400,00;;;;
HL1918; iPhone ;3;Philipe;Morete;84;10/15/2018;São Paulo;R$ 5.300,00;;;;
HL7348; SmartWatch ;5;Lázaro;Nascimento;34;3/22/2018;Salvador;R$ 1.400,00;;;;
HL1148; Câmera ;1;João;Castilho;84;7/23/2018;Fortaleza;R$ 2.100,00;;;;
HL1918; iPhone ;3;Luiz;Almeida;89;3/20/2018;Salvador;R$ 5.300,00;;;;
HL1918; iPhone ;5;Amanda;Procaci;27;8/28/2018;Belo Horizonte;R$ 5.300,00;;;;
HL1918; iPhone ;4;Isabela;Resende;64;9/29/2018;Curitiba;R$ 5.300,00;;;;
HL9962; Android ;5;Matheus;Gomes;25;02/09/2018;Recife;R$ 3.400,00;;;;
HL8851; Notebook ;2;Amanda;Machado;68;8/16/2018;Belo Horizonte;R$ 3.500,00;;;;
HL2714; Tablet ;1;João;Abraçado;28;4/20/2018;Fortaleza;R$ 1.600,00;;;;
HL1918; iPhone ;2;Pedro;Lyra;25;12/06/2018;São Paulo;R$ 5.300,00;;;;
HL2714; Tablet ;2;Wen;Santos;24;04/12/2018;Curitiba;R$ 1.600,00;;;;
HL1918; iPhone ;3;Ruan;Gonçalves;67;6/13/2018;Porto Alegre;R$ 5.300,00;;;;
HL1918; iPhone ;4;Anderson;Martins;42;1/29/2018;São Paulo;R$ 5.300,00;;;;
HL4379; Televisão ;1;Izabel;Miura;26;6/14/2018;São Paulo;R$ 2.500,00;;;;
HL7348; SmartWatch ;4;Joao;Pereira;48;08/02/2018;Fortaleza;R$ 1.400,00;;;;
HL1918; iPhone ;2;Adriane;Chagas;36;11/27/2018;Fortaleza;R$ 5.300,00;;;;
HL1918; iPhone ;3;Eduardo;Ferreira;49;10/15/2018;Fortaleza;R$ 5.300,00;;;;
HL9962; Android ;3;Daniel;Terra;76;12/29/2018;São Paulo;R$ 3.400,00;;;;
HL1918; iPhone ;1;Jéssica;Resinente;37;02/04/2018;Goiânia;R$ 5.300,00;;;;
HL1918; iPhone ;5;Bruna;Silva;65;03/02/2018;Salvador;R$ 5.300,00;;;;
HL1918; iPhone ;4;Marcelo;Pereira;49;05/11/2018;São Paulo;R$ 5.300,00;;;;
HL1918; iPhone ;3;João;Júnior;78;6/27/2018;Porto Alegre;R$ 5.300,00;;;;
HL1918; iPhone ;3;Bruno;Mota;30;11/16/2018;São Paulo;R$ 5.300,00;;;;
HL1918; iPhone ;1;Lucas;Junior;75;3/29/2018;São Paulo;R$ 5.300,00;;;;
HL9962; Android ;1;Bruna;Franco;82;9/30/2018;Belo Horizonte;R$ 3.400,00;;;;
HL2714; Tablet ;2;Wellington;Duarte;62;4/26/2018;Recife;R$ 1.600,00;;;;
HL1918; iPhone ;5;Aline;Andrade;20;10/04/2018;Goiânia;R$ 5.300,00;;;;
HL2714; Tablet ;3;Rachel;Restum;55;12/19/2018;Goiânia;R$ 1.600,00;;;;
HL1918; iPhone ;3;José;Jesus;24;08/06/2018;Fortaleza;R$ 5.300,00;;;;
HL1148; Câmera ;2;Luíza;Melo;89;10/04/2018;Belo Horizonte;R$ 2.100,00;;;;
HL2714; Tablet ;4;Lucas;Baptista;83;07/04/2018;Fortaleza;R$ 1.600,00;;;;
HL1918; iPhone ;1;Thayna;Martins;33;5/13/2018;Salvador;R$ 5.300,00;;;;
HL8851; Notebook ;4;Audir;Franco;67;11/28/2018;São Paulo;R$ 3.500,00;;;;
HL8851; Notebook ;2;Thomáz;Bôas;23;9/29/2018;Fortaleza;R$ 3.500,00;;;;
HL4379; Televisão ;5;Pedro;Oliveira;87;05/10/2018;Rio de Janeiro;R$ 2.500,00;;;;
HL1918; iPhone ;2;Luiz;Limp;87;3/19/2018;São Paulo;R$ 5.300,00;;;;
HL4379; Televisão ;4;Thayna;Martins;29;11/30/2018;São Paulo;R$ 2.500,00;;;;
HL1918; iPhone ;2;João;Araujo;25;5/16/2018;Salvador;R$ 5.300,00;;;;
HL9962; Android ;5;João;Pedrazza;74;10/12/2018;São Paulo;R$ 3.400,00;;;;
HL1918; iPhone ;1;Bárbara;Lima;89;10/30/2018;São Paulo;R$ 5.300,00;;;;
HL1918; iPhone ;5;Giulia;Pessanha;41;03/10/2018;Salvador;R$ 5.300,00;;;;
HL1148; Câmera ;4;João;Araujo;52;11/03/2018;Goiânia;R$ 2.100,00;;;;
HL8851; Notebook ;4;Thayna;Martins;53;6/19/2018;Goiânia;R$ 3.500,00;;;;
HL9962; Android ;3;Milena;Alcoforado;71;5/23/2018;Goiânia;R$ 3.400,00;;;;
HL8851; Notebook ;2;Mariana;Freire;36;08/04/2018;Curitiba;R$ 3.500,00;;;;
HL4379; Televisão ;2;Luiza;Farias;63;04/02/2018;Belo Horizonte;R$ 2.500,00;;;;
HL4379; Televisão ;3;Dandara;Reis;85;12/02/2018;São Paulo;R$ 2.500,00;;;;
HL2714; Tablet ;3;Roberto;Mattos;48;8/20/2018;São Paulo;R$ 1.600,00;;;;
HL1148; Câmera ;5;Roberta;Pimenta;51;9/26/2018;São Paulo;R$ 2.100,00;;;;
HL9962; Android ;4;Lázaro;Nascimento;62;2/28/2018;Porto Alegre;R$ 3.400,00;;;;
HL9962; Android ;4;Célio;Xavier;43;3/18/2018;Salvador;R$ 3.400,00;;;;
HL2714; Tablet ;3;Raphael;Guedes;59;3/16/2018;Porto Alegre;R$ 1.600,00;;;;
HL2714; Tablet ;1;Bárbara;Lima;67;04/12/2018;Curitiba;R$ 1.600,00;;;;
HL4379; Televisão ;3;Luiz;Almeida;44;6/17/2018;Fortaleza;R$ 2.500,00;;;;
HL4379; Televisão ;4;William;Mendonça;30;12/30/2018;Recife;R$ 2.500,00;;;;
HL1918; iPhone ;3;Amanda;Braga;20;8/14/2018;São Paulo;R$ 5.300,00;;;;
HL1918; iPhone ;1;Michelle;Pereira;66;12/24/2018;Salvador;R$ 5.300,00;;;;
HL2714; Tablet ;1;Priscila;Vogel;42;08/12/2018;Fortaleza;R$ 1.600,00;;;;
HL7348; SmartWatch ;3;Fernanda;Figueiredo;55;4/23/2018;Rio de Janeiro;R$ 1.400,00;;;;
HL7348; SmartWatch ;4;Beatriz;Nogueira;60;3/24/2018;Curitiba;R$ 1.400,00;;;;
HL1148; Câmera ;3;Pedro;Conceição;56;11/28/2018;Rio de Janeiro;R$ 2.100,00;;;;
HL1918; iPhone ;1;Ives;Pinheiro;57;8/22/2018;Salvador;R$ 5.300,00;;;;
HL1918; iPhone ;3;Ramon;Araujo;84;2/14/2018;Rio de Janeiro;R$ 5.300,00;;;;
HL4379; Televisão ;5;Pedro;Martins;74;7/17/2018;Porto Alegre;R$ 2.500,00;;;;
HL1918; iPhone ;4;Jônatas;Soares;44;4/16/2018;Goiânia;R$ 5.300,00;;;;
HL1918; iPhone ;3;Helena;Chafin;26;2/23/2018;Curitiba;R$ 5.300,00;;;;
HL7348; SmartWatch ;1;Alvaro;Kranz;61;11/30/2018;Fortaleza;R$ 1.400,00;;;;
HL4379; Televisão ;4;Beatriz;Silva;56;8/15/2018;Fortaleza;R$ 2.500,00;;;;
HL4379; Televisão ;3;Pedro;Bitencourt;47;9/17/2018;Recife;R$ 2.500,00;;;;
HL1918; iPhone ;2;Nina;Magalhães;61;10/14/2018;Rio de Janeiro;R$ 5.300,00;;;;
HL4379; Televisão ;3;Fernanda;Junior;57;6/29/2018;Curitiba;R$ 2.500,00;;;;
HL4379; Televisão ;2;Victor;Magalhães;80;10/09/2018;Recife;R$ 2.500,00;;;;
HL1148; Câmera ;1;Luiz;Freire;57;03/12/2018;Curitiba;R$ 2.100,00;;;;
HL9962; Android ;2;Izabel;Lopes;73;01/06/2018;Salvador;R$ 3.400,00;;;;
HL1918; iPhone ;5;Lucas;Machado;24;11/19/2018;Fortaleza;R$ 5.300,00;;;;
HL2714; Tablet ;1;Sarah;Souza;69;3/16/2018;Rio de Janeiro;R$ 1.600,00;;;;
HL1918; iPhone ;2;Daniel;Sousa;66;11/05/2018;Goiânia;R$ 5.300,00;;;;
HL1918; iPhone ;5;Nina;Magalhães;20;9/19/2018;Goiânia;R$ 5.300,00;;;;
HL1148; Câmera ;2;Barbara;Procaci;65;06/06/2018;Porto Alegre;R$ 2.100,00;;;;
HL4379; Televisão ;4;Lucas;Chagas;33;7/23/2018;São Paulo;R$ 2.500,00;;;;
HL7348; SmartWatch ;2;Juliana;Correa;89;12/16/2018;São Paulo;R$ 1.400,00;;;;
HL4379; Televisão ;5;Joyce;Souza;20;11/30/2018;Recife;R$ 2.500,00;;;;
HL1918; iPhone ;4;Isabel;Mesquita;40;07/05/2018;Curitiba;R$ 5.300,00;;;;
HL8851; Notebook ;1;Amanda;Gontijo;23;5/26/2018;Curitiba;R$ 3.500,00;;;;
HL1918; iPhone ;5;Eduardo;Vargas;48;4/25/2018;Fortaleza;R$ 5.300,00;;;;
HL1918; iPhone ;4;Leticia;Mesquita;68;01/02/2018;Goiânia;R$ 5.300,00;;;;
HL1918; iPhone ;1;Anderson;Barreto;86;8/27/2018;São Paulo;R$ 5.300,00;;;;
HL2714; Tablet ;5;Igor;Lima;87;1/29/2018;Fortaleza;R$ 1.600,00;;;;
HL4379; Televisão ;5;Pedro;Dalforne;46;1/28/2018;Goiânia;R$ 2.500,00;;;;
HL4379; Televisão ;4;Bruna;Rosa;82;04/09/2018;São Paulo;R$ 2.500,00;;;;
HL1918; iPhone ;1;Gabriel;Pereira;48;2/23/2018;Belo Horizonte;R$ 5.300,00;;;;
HL2714; Tablet ;5;João;Aires;57;12/07/2018;São Paulo;R$ 1.600,00;;;;
HL4379; Televisão ;2;Arthur;Portela;40;12/10/2018;Porto Alegre;R$ 2.500,00;;;;
HL9962; Android ;2;Anderson;Cavalcanti;27;11/19/2018;Goiânia;R$ 3.400,00;;;;
HL4379; Televisão ;1;Luiza;Cavalcanti;73;4/26/2018;Recife;R$ 2.500,00;;;;
HL8851; Notebook ;5;Juliana;Guimarães;45;2/18/2018;Rio de Janeiro;R$ 3.500,00;;;;
HL4379; Televisão ;2;Raphael;Kurtz;37;3/30/2018;Rio de Janeiro;R$ 2.500,00;;;;
HL1918; iPhone ;3;João;Silva;20;12/20/2018;Salvador;R$ 5.300,00;;;;
HL4379; Televisão ;5;Miguel;Carneiro;44;01/08/2018;Goiânia;R$ 2.500,00;;;;
HL4379; Televisão ;5;Bruna;Gomes;51;07/11/2018;Fortaleza;R$ 2.500,00;;;;
HL1918; iPhone ;3;Matheus;Afonso;69;5/15/2018;Salvador;R$ 5.300,00;;;;
HL2714; Tablet ;4;Bruna;Londero;59;10/12/2018;Porto Alegre;R$ 1.600,00;;;;
HL7348; SmartWatch ;1;Joyce;Medina;40;05/05/2018;Recife;R$ 1.400,00;;;;
HL8851; Notebook ;2;Rubens;Netto;31;10/30/2018;São Paulo;R$ 3.500,00;;;;
HL1918; iPhone ;4;Rogério;Pereira;22;10/21/2018;Fortaleza;R$ 5.300,00;;;;
HL9962; Android ;1;Henrique;Lencastre;31;4/16/2018;Goiânia;R$ 3.400,00;;;;
HL4379; Televisão ;1;Gabrielle;Porto;55;12/12/2018;Fortaleza;R$ 2.500,00;;;;
HL1918; iPhone ;3;Morgana;Correa;56;2/24/2018;Porto Alegre;R$ 5.300,00;;;;
HL2714; Tablet ;2;Yasmim;Bittencourt;51;02/06/2018;Salvador;R$ 1.600,00;;;;
HL1148; Câmera ;5;Luiza;Cavalcanti;38;12/10/2018;Porto Alegre;R$ 2.100,00;;;;
HL7348; SmartWatch ;4;Guilherme;Lima;86;6/13/2018;São Paulo;R$ 1.400,00;;;;
HL1148; Câmera ;3;Milena;Pereira;52;7/16/2018;Rio de Janeiro;R$ 2.100,00;;;;
HL8851; Notebook ;4;Raul;Junqueira;21;11/20/2018;Curitiba;R$ 3.500,00;;;;
HL4379; Televisão ;4;Luíza;Garcia;23;9/16/2018;Salvador;R$ 2.500,00;;;;
HL9962; Android ;4;Anna;Maia;24;1/28/2018;São Paulo;R$ 3.400,00;;;;
HL1148; Câmera ;2;Glenda;Santos;47;04/03/2018;Belo Horizonte;R$ 2.100,00;;;;
HL1918; iPhone ;5;Morgana;Correa;68;4/23/2018;Fortaleza;R$ 5.300,00;;;;
HL4379; Televisão ;2;Beatriz;Perdomo;27;2/13/2018;Rio de Janeiro;R$ 2.500,00;;;;
HL1918; iPhone ;2;Juan;Fernandes;51;9/18/2018;São Paulo;R$ 5.300,00;;;;
HL4379; Televisão ;3;Lais;Candido;31;7/30/2018;Recife;R$ 2.500,00;;;;
HL1918; iPhone ;5;Raphael;Machado;40;05/11/2018;Rio de Janeiro;R$ 5.300,00;;;;
HL1148; Câmera ;2;Marcelo;Magalhães;22;8/25/2018;São Paulo;R$ 2.100,00;;;;
HL1918; iPhone ;5;Andreza;Ramos;68;4/15/2018;São Paulo;R$ 5.300,00;;;;
HL4379; Televisão ;5;Felipe;Cavalcanti;27;04/11/2018;Salvador;R$ 2.500,00;;;;
HL1918; iPhone ;1;Luis;Garcia;69;7/15/2018;São Paulo;R$ 5.300,00;;;;
HL4379; Televisão ;2;Daniel;Cardoso;50;10/02/2018;Curitiba;R$ 2.500,00;;;;
HL1148; Câmera ;5;Beatriz;Almeida;83;11/18/2018;Salvador;R$ 2.100,00;;;;
HL1918; iPhone ;4;Mariane;Ferreira;41;2/19/2018;Curitiba;R$ 5.300,00;;;;
HL1918; iPhone ;3;Manuela;Merege;42;7/29/2018;Fortaleza;R$ 5.300,00;;;;
HL8851; Notebook ;2;Juliana;Souza;38;6/14/2018;Rio de Janeiro;R$ 3.500,00;;;;
HL1918; iPhone ;3;Bruna;Gomes;58;9/22/2018;Salvador;R$ 5.300,00;;;;
HL1148; Câmera ;5;Mateus;Franco;79;4/14/2018;Recife;R$ 2.100,00;;;;
HL4379; Televisão ;2;Raissa;Pinheiro;49;11/19/2018;Fortaleza;R$ 2.500,00;;;;
HL1918; iPhone ;2;Wen;Braga;87;09/02/2018;Porto Alegre;R$ 5.300,00;;;;
HL1918; iPhone ;3;Raphael;Mattos;77;9/21/2018;Belo Horizonte;R$ 5.300,00;;;;
HL1148; Câmera ;3;Luiza;Johnson;36;09/08/2018;Porto Alegre;R$ 2.100,00;;;;
HL7348; SmartWatch ;1;Ives;Barbosa;63;3/18/2018;Curitiba;R$ 1.400,00;;;;
HL1148; Câmera ;3;Rafael;Guimarães;68;1/22/2018;Fortaleza;R$ 2.100,00;;;;
HL1148; Câmera ;4;Luiz;Almeida;51;5/15/2018;Salvador;R$ 2.100,00;;;;
HL7348; SmartWatch ;4;Lucas;Freire;79;9/29/2018;Fortaleza;R$ 1.400,00;;;;
HL8851; Notebook ;4;Pedro;Ferrari;48;4/24/2018;Salvador;R$ 3.500,00;;;;
HL7348; SmartWatch ;2;Matheus;Gomes;80;12/20/2018;Fortaleza;R$ 1.400,00;;;;
HL1918; iPhone ;5;Gabriel;Rubim;53;06/09/2018;Rio de Janeiro;R$ 5.300,00;;;;
HL1918; iPhone ;2;Paula;Calbucci;87;07/06/2018;Curitiba;R$ 5.300,00;;;;
HL7348; SmartWatch ;2;Roberto;Tiradentes;66;04/08/2018;Curitiba;R$ 1.400,00;;;;
HL1148; Câmera ;4;Helena;Chafin;28;11/18/2018;Belo Horizonte;R$ 2.100,00;;;;
HL1918; iPhone ;3;Vivianne;Rodrigues;65;10/13/2018;Rio de Janeiro;R$ 5.300,00;;;;
HL8851; Notebook ;5;Lucas;Freire;86;11/16/2018;Fortaleza;R$ 3.500,00;;;;
HL4379; Televisão ;4;Yasmim;Bittencourt;26;11/11/2018;Fortaleza;R$ 2.500,00;;;;
HL1918; iPhone ;3;Rodrigo;Feijo;73;10/07/2018;Curitiba;R$ 5.300,00;;;;
HL9962; Android ;4;José;Jesus;42;07/09/2018;Salvador;R$ 3.400,00;;;;
HL2714; Tablet ;4;Pedro;Bitencourt;57;11/18/2018;Rio de Janeiro;R$ 1.600,00;;;;
HL1148; Câmera ;3;Rafaela;Gonçalves;68;12/26/2018;Rio de Janeiro;R$ 2.100,00;;;;
HL1148; Câmera ;3;Luíza;Garcia;45;10/15/2018;Goiânia;R$ 2.100,00;;;;
HL1918; iPhone ;1;Victor;Magalhães;37;6/17/2018;Porto Alegre;R$ 5.300,00;;;;
HL7348; SmartWatch ;5;Gabriel;Assis;25;12/28/2018;Curitiba;R$ 1.400,00;;;;
HL2714; Tablet ;1;Letícia;Rodrigues;67;11/08/2018;Rio de Janeiro;R$ 1.600,00;;;;
HL8851; Notebook ;4;Bernardo;Botelho;23;7/23/2018;Curitiba;R$ 3.500,00;;;;
HL9962; Android ;1;Carlos;Assis;80;09/07/2018;São Paulo;R$ 3.400,00;;;;
HL8851; Notebook ;4;Wen;Braga;29;01/03/2018;São Paulo;R$ 3.500,00;;;;
HL1918; iPhone ;3;Adriana;Carneiro;32;11/24/2018;Rio de Janeiro;R$ 5.300,00;;;;
HL1148; Câmera ;5;Fernanda;Bhering;77;1/16/2018;São Paulo;R$ 2.100,00;;;;
HL8851; Notebook ;4;Thayane;Resende;77;1/21/2018;Rio de Janeiro;R$ 3.500,00;;;;
HL1918; iPhone ;3;Nicolas;Monteiro;45;3/27/2018;Salvador;R$ 5.300,00;;;;
HL4379; Televisão ;3;João;Araujo;44;9/20/2018;Fortaleza;R$ 2.500,00;;;;
HL9962; Android ;5;Wendela;Mariz;71;12/12/2018;Belo Horizonte;R$ 3.400,00;;;;
HL8851; Notebook ;1;Camille;Silva;39;4/17/2018;Salvador;R$ 3.500,00;;;;
HL1918; iPhone ;3;Michelle;Figueiredo;58;12/27/2018;Fortaleza;R$ 5.300,00;;;;
HL1918; iPhone ;2;Luiz;Almeida;85;6/13/2018;Porto Alegre;R$ 5.300,00;;;;
HL4379; Televisão ;5;Luíza;Garcia;67;8/31/2018;Rio de Janeiro;R$ 2.500,00;;;;
HL9962; Android ;3;Thiago;Costa;71;5/17/2018;Rio de Janeiro;R$ 3.400,00;;;;
HL1918; iPhone ;3;Rilson;Guedes;80;07/01/2018;Rio de Janeiro;R$ 5.300,00;;;;
HL2714; Tablet ;1;Sylvio;Bernhardt;66;8/20/2018;São Paulo;R$ 1.600,00;;;;
HL1148; Câmera ;2;Hiaiune;Valim;45;06/02/2018;São Paulo;R$ 2.100,00;;;;
HL1148; Câmera ;5;Sthefeson;Barroso;73;7/15/2018;Recife;R$ 2.100,00;;;;
HL1918; iPhone ;1;Felipe;Cavalcanti;77;04/04/2018;São Paulo;R$ 5.300,00;;;;
HL1918; iPhone ;5;Rafael;Ramos;51;12/24/2018;Salvador;R$ 5.300,00;;;;
HL1918; iPhone ;5;Laís;Oliveira;70;5/13/2018;São Paulo;R$ 5.300,00;;;;
HL4379; Televisão ;4;Marcelo;Magalhães;62;07/05/2018;Salvador;R$ 2.500,00;;;;
HL7348; SmartWatch ;1;Daniela;Rosa;29;6/17/2018;Salvador;R$ 1.400,00;;;;
HL4379; Televisão ;3;Thiago;Costa;45;1/25/2018;Salvador;R$ 2.500,00;;;;
HL1918; iPhone ;4;Luíza;Goulart;90;2/14/2018;Goiânia;R$ 5.300,00;;;;
HL1918; iPhone ;3;Anízio;Carvalho;26;12/06/2018;Rio de Janeiro;R$ 5.300,00;;;;
HL1918; iPhone ;5;Morgana;Correa;70;11/03/2018;Belo Horizonte;R$ 5.300,00;;;;
HL1918; iPhone ;1;João;Costa;81;10/24/2018;São Paulo;R$ 5.300,00;;;;
HL9962; Android ;3;Bruna;Brandao;58;6/27/2018;São Paulo;R$ 3.400,00;;;;
HL4379; Televisão ;2;Tadeu;Sousa;62;8/19/2018;Fortaleza;R$ 2.500,00;;;;
HL4379; Televisão ;2;Lívia;Tanaka;23;3/27/2018;Rio de Janeiro;R$ 2.500,00;;;;
HL1918; iPhone ;5;Lívia;Marques;43;12/27/2018;Fortaleza;R$ 5.300,00;;;;
HL1918; iPhone ;4;Andre;Sampaio;22;04/11/2018;Fortaleza;R$ 5.300,00;;;;
HL2714; Tablet ;2;Wilson;Vianna;69;08/06/2018;São Paulo;R$ 1.600,00;;;;
HL1918; iPhone ;3;Rafaela;Gomes;32;6/20/2018;Goiânia;R$ 5.300,00;;;;
HL7348; SmartWatch ;1;João;Capitulo;66;2/23/2018;São Paulo;R$ 1.400,00;;;;
HL2714; Tablet ;4;Felipe;Júnior;18;2/24/2018;Rio de Janeiro;R$ 1.600,00;;;;
HL2714; Tablet ;3;Bruno;Freitas;54;12/17/2018;Porto Alegre;R$ 1.600,00;;;;
HL1918; iPhone ;4;Luiza;Cabral;82;1/19/2018;São Paulo;R$ 5.300,00;;;;
HL1918; iPhone ;1;Carlos;Galvão;19;9/26/2018;Porto Alegre;R$ 5.300,00;;;;
HL8851; Notebook ;4;Barbara;Procaci;38;4/19/2018;São Paulo;R$ 3.500,00;;;;
HL4379; Televisão ;4;Manuela;Ferreira;40;03/07/2018;Recife;R$ 2.500,00;;;;
HL8851; Notebook ;2;Felipe;Paulo;60;2/22/2018;Curitiba;R$ 3.500,00;;;;
HL4379; Televisão ;3;Izabel;Miura;86;10/31/2018;Fortaleza;R$ 2.500,00;;;;
HL8851; Notebook ;4;Tadeu;Nakayama;78;12/11/2018;São Paulo;R$ 3.500,00;;;;
HL1918; iPhone ;4;Camille;Silva;89;10/01/2018;São Paulo;R$ 5.300,00;;;;
HL1148; Câmera ;3;Lucas;Lima;43;4/15/2018;São Paulo;R$ 2.100,00;;;;
HL1918; iPhone ;3;Paloma;Sperandei;83;1/26/2018;São Paulo;R$ 5.300,00;;;;
HL8851; Notebook ;5;Luis;Silva;63;4/29/2018;São Paulo;R$ 3.500,00;;;;
HL9962; Android ;3;Allan;Guedes;58;11/03/2018;São Paulo;R$ 3.400,00;;;;
HL8851; Notebook ;4;Gabrielle;Porto;86;12/29/2018;Belo Horizonte;R$ 3.500,00;;;;
HL4379; Televisão ;3;Thaís;Ribeiro;44;08/04/2018;Rio de Janeiro;R$ 2.500,00;;;;
HL1918; iPhone ;3;Bianca;Allevato;59;8/22/2018;Goiânia;R$ 5.300,00;;;;
HL7348; SmartWatch ;3;Felipe;Cavalcanti;40;3/31/2018;Rio de Janeiro;R$ 1.400,00;;;;
HL2714; Tablet ;3;Gabriel;Pereira;74;08/05/2018;Rio de Janeiro;R$ 1.600,00;;;;
HL1148; Câmera ;5;Lucas;Lacerda;61;08/09/2018;Rio de Janeiro;R$ 2.100,00;;;;
HL8851; Notebook ;5;Bianca;Piero;83;3/13/2018;Fortaleza;R$ 3.500,00;;;;
HL8851; Notebook ;3;Caio;Caldas;79;1/13/2018;Rio de Janeiro;R$ 3.500,00;;;;
HL1148; Câmera ;1;Morgana;Correa;44;8/25/2018;Fortaleza;R$ 2.100,00;;;;
HL8851; Notebook ;3;Iuri;Neto;52;07/07/2018;São Paulo;R$ 3.500,00;;;;
HL4379; Televisão ;5;Ana;Gonzaga;73;1/21/2018;São Paulo;R$ 2.500,00;;;;
HL9962; Android ;2;Desirée;Heimlich;70;2/17/2018;São Paulo;R$ 3.400,00;;;;
HL1148; Câmera ;3;Ana;Michetti;25;6/13/2018;Goiânia;R$ 2.100,00;;;;
HL1918; iPhone ;2;Daniel;Ortiz;53;06/06/2018;Rio de Janeiro;R$ 5.300,00;;;;
HL4379; Televisão ;3;Mateus;Franco;61;3/30/2018;São Paulo;R$ 2.500,00;;;;
HL1148; Câmera ;3;Luiz;Almeida;41;8/17/2018;Porto Alegre;R$ 2.100,00;;;;
HL1918; iPhone ;4;Audir;Franco;61;11/16/2018;Belo Horizonte;R$ 5.300,00;;;;
HL1918; iPhone ;2;Bruna;Gomes;86;4/28/2018;Salvador;R$ 5.300,00;;;;
HL9962; Android ;2;Michelle;Pereira;80;05/09/2018;São Paulo;R$ 3.400,00;;;;
HL1918; iPhone ;2;Marcelo;Borges;37;8/30/2018;Rio de Janeiro;R$ 5.300,00;;;;
HL8851; Notebook ;4;Bianca;Piero;26;1/28/2018;Fortaleza;R$ 3.500,00;;;;
HL1918; iPhone ;2;José;Seixas;52;10/25/2018;Salvador;R$ 5.300,00;;;;
HL1918; iPhone ;1;Raissa;Sales;80;09/01/2018;Porto Alegre;R$ 5.300,00;;;;
HL8851; Notebook ;5;Ana;Monte;34;3/21/2018;Salvador;R$ 3.500,00;;;;
HL2714; Tablet ;4;Caroline;Cavalcanti;85;4/23/2018;São Paulo;R$ 1.600,00;;;;
HL1148; Câmera ;3;Paula;Cavalcanti;23;07/02/2018;Rio de Janeiro;R$ 2.100,00;;;;
HL1148; Câmera ;5;Luana;Santana;70;12/24/2018;Salvador;R$ 2.100,00;;;;
HL1918; iPhone ;3;Beatriz;Santos;27;11/07/2018;São Paulo;R$ 5.300,00;;;;
HL8851; Notebook ;3;Livia;Corrêa;87;01/10/2018;São Paulo;R$ 3.500,00;;;;
HL2714; Tablet ;1;Patrícia;Ferreira;49;5/24/2018;Belo Horizonte;R$ 1.600,00;;;;
HL4379; Televisão ;1;Maria;Junior;21;7/30/2018;Salvador;R$ 2.500,00;;;;
HL8851; Notebook ;1;Caio;Moraes;55;6/20/2018;Fortaleza;R$ 3.500,00;;;;
HL4379; Televisão ;3;Stephanie;Gonçalves;36;3/26/2018;Salvador;R$ 2.500,00;;;;
HL1918; iPhone ;3;Raíssa;Oros;62;06/02/2018;São Paulo;R$ 5.300,00;;;;
HL2714; Tablet ;5;Beatriz;Santos;83;9/29/2018;São Paulo;R$ 1.600,00;;;;
HL1918; iPhone ;4;Ana;Felippe;76;9/21/2018;Curitiba;R$ 5.300,00;;;;
HL7348; SmartWatch ;3;Gabriella;Lopes;61;10/30/2018;Belo Horizonte;R$ 1.400,00;;;;
HL1918; iPhone ;5;Gabriella;Sagrillo;71;04/03/2018;Goiânia;R$ 5.300,00;;;;
HL1918; iPhone ;4;Lucas;Baptista;41;04/06/2018;Rio de Janeiro;R$ 5.300,00;;;;
HL4379; Televisão ;2;Ana;Soledade;24;11/23/2018;Rio de Janeiro;R$ 2.500,00;;;;
HL4379; Televisão ;2;Silvio;Fahrnholz;51;05/06/2018;Belo Horizonte;R$ 2.500,00;;;;
HL1148; Câmera ;2;Rebeca;Manhães;82;7/16/2018;Salvador;R$ 2.100,00;;;;
HL7348; SmartWatch ;2;Vitor;Arruda;81;6/21/2018;Porto Alegre;R$ 1.400,00;;;;
HL4379; Televisão ;5;Breno;Caputo;41;6/26/2018;Belo Horizonte;R$ 2.500,00;;;;
HL1918; iPhone ;2;Allan;Guedes;80;9/20/2018;Recife;R$ 5.300,00;;;;
HL1918; iPhone ;3;Victor;Magalhães;74;4/25/2018;São Paulo;R$ 5.300,00;;;;
HL2714; Tablet ;5;Beatriz;Cavalcanti;52;5/21/2018;Belo Horizonte;R$ 1.600,00;;;;
HL9962; Android ;2;Larissa;Florim;41;05/05/2018;São Paulo;R$ 3.400,00;;;;
HL7348; SmartWatch ;5;Wilson;Vianna;87;5/30/2018;São Paulo;R$ 1.400,00;;;;
HL1918; iPhone ;2;Diego;Marchesi;84;3/24/2018;Curitiba;R$ 5.300,00;;;;
HL2714; Tablet ;2;Yasser;Calbucci;65;11/11/2018;Fortaleza;R$ 1.600,00;;;;
HL1148; Câmera ;2;Julia;Silva;38;07/01/2018;São Paulo;R$ 2.100,00;;;;
HL4379; Televisão ;3;Gabriel;Silva;29;10/21/2018;Porto Alegre;R$ 2.500,00;;;;
HL1918; iPhone ;2;Jonatas;Passos;55;05/04/2018;Rio de Janeiro;R$ 5.300,00;;;;
HL1148; Câmera ;3;Ana;Campos;22;3/19/2018;Rio de Janeiro;R$ 2.100,00;;;;
HL1918; iPhone ;5;Vitor;Arruda;53;08/06/2018;Rio de Janeiro;R$ 5.300,00;;;;
HL4379; Televisão ;5;Bruna;Ramos;77;02/10/2018;Belo Horizonte;R$ 2.500,00;;;;
HL2714; Tablet ;5;Ana;Gomes;31;03/05/2018;Salvador;R$ 1.600,00;;;;
HL4379; Televisão ;4;Lara;Moreira;58;02/09/2018;Goiânia;R$ 2.500,00;;;;
HL2714; Tablet ;2;Rafaela;Gomes;59;4/16/2018;São Paulo;R$ 1.600,00;;;;
HL7348; SmartWatch ;3;João;Alves;86;09/11/2018;Belo Horizonte;R$ 1.400,00;;;;
HL7348; SmartWatch ;1;Lucas;Coelho;41;7/16/2018;São Paulo;R$ 1.400,00;;;;
HL1918; iPhone ;5;Carolina;Rocha;55;7/28/2018;São Paulo;R$ 5.300,00;;;;
HL1148; Câmera ;2;Guilherme;Monteiro;29;5/28/2018;Rio de Janeiro;R$ 2.100,00;;;;
HL7348; SmartWatch ;1;Beatriz;Almeida;31;10/23/2018;Goiânia;R$ 1.400,00;;;;
HL1918; iPhone ;4;Andressa;Chou;64;01/01/2018;São Paulo;R$ 5.300,00;;;;
HL1918; iPhone ;1;Luis;Villanova;53;02/10/2018;Fortaleza;R$ 5.300,00;;;;
HL1918; iPhone ;5;Felipe;Freitas;81;12/20/2018;Salvador;R$ 5.300,00;;;;
HL7348; SmartWatch ;2;Gabriela;Cavalcanti;76;06/08/2018;Goiânia;R$ 1.400,00;;;;
HL9962; Android ;3;Beatriz;Santos;85;10/11/2018;Salvador;R$ 3.400,00;;;;
HL4379; Televisão ;1;Bianca;Piero;44;05/07/2018;Porto Alegre;R$ 2.500,00;;;;
HL8851; Notebook ;5;Bárbara;Cavalcante;19;1/31/2018;Recife;R$ 3.500,00;;;;
HL1148; Câmera ;3;Roberta;Pimenta;28;9/17/2018;Salvador;R$ 2.100,00;;;;
HL1918; iPhone ;4;Sthefeson;Pereira;28;09/02/2018;São Paulo;R$ 5.300,00;;;;
HL1148; Câmera ;1;Paloma;Sperandei;73;10/11/2018;São Paulo;R$ 2.100,00;;;;
HL7348; SmartWatch ;1;Wilson;Vianna;33;03/11/2018;São Paulo;R$ 1.400,00;;;;
HL1148; Câmera ;2;Thales;Andrade;83;10/20/2018;Fortaleza;R$ 2.100,00;;;;
HL1148; Câmera ;3;Camilla;Cardeman;40;3/27/2018;Goiânia;R$ 2.100,00;;;;
HL1148; Câmera ;4;Guilherme;Lima;51;4/29/2018;Rio de Janeiro;R$ 2.100,00;;;;
HL7348; SmartWatch ;4;Luã;Sá;80;12/29/2018;Goiânia;R$ 1.400,00;;;;
HL1918; iPhone ;4;Bruna;Soares;27;05/04/2018;Belo Horizonte;R$ 5.300,00;;;;
HL4379; Televisão ;2;Sthefeson;Pereira;39;01/05/2018;Goiânia;R$ 2.500,00;;;;
HL1918; iPhone ;4;Rubens;Valente;73;1/18/2018;São Paulo;R$ 5.300,00;;;;
HL1148; Câmera ;4;Lais;Candido;59;4/22/2018;Goiânia;R$ 2.100,00;;;;
HL1918; iPhone ;3;Juliana;Barreira;67;05/04/2018;Fortaleza;R$ 5.300,00;;;;
HL4379; Televisão ;2;Clara;Silveira;86;09/09/2018;Curitiba;R$ 2.500,00;;;;
HL9962; Android ;4;Renan;Nucci;83;7/14/2018;Salvador;R$ 3.400,00;;;;
HL8851; Notebook ;3;Jorge;Fonseca;27;07/05/2018;Fortaleza;R$ 3.500,00;;;;
HL1918; iPhone ;1;Wendela;Mariz;34;5/14/2018;Porto Alegre;R$ 5.300,00;;;;
HL9962; Android ;2;Marcelo;Borges;37;2/15/2018;Salvador;R$ 3.400,00;;;;
HL9962; Android ;3;Daniel;Felippe;85;8/19/2018;Fortaleza;R$ 3.400,00;;;;
HL2714; Tablet ;1;Marcelo;Pereira;55;6/21/2018;Rio de Janeiro;R$ 1.600,00;;;;
HL2714; Tablet ;2;Daniel;Felippe;57;09/09/2018;Porto Alegre;R$ 1.600,00;;;;
HL1918; iPhone ;1;Bernardo;Ribeiro;66;01/02/2018;Rio de Janeiro;R$ 5.300,00;;;;
HL4379; Televisão ;3;Thaís;Pereira;83;7/15/2018;Rio de Janeiro;R$ 2.500,00;;;;
HL4379; Televisão ;2;Rafaela;Ferreira;54;12/07/2018;São Paulo;R$ 2.500,00;;;;
HL1918; iPhone ;4;Andre;Nóbrega;28;11/23/2018;Fortaleza;R$ 5.300,00;;;;
HL4379; Televisão ;1;Lucas;Chagas;40;2/14/2018;Curitiba;R$ 2.500,00;;;;
HL1148; Câmera ;2;Bernardo;Soares;25;8/17/2018;Fortaleza;R$ 2.100,00;;;;
HL1918; iPhone ;2;Pedro;Sena;21;03/04/2018;Salvador;R$ 5.300,00;;;;
HL2714; Tablet ;4;Barbara;Procaci;44;11/14/2018;Porto Alegre;R$ 1.600,00;;;;
HL4379; Televisão ;3;Paola;Abreu;54;03/11/2018;Fortaleza;R$ 2.500,00;;;;
HL9962; Android ;5;Diego;Rodrigues;88;05/09/2018;Belo Horizonte;R$ 3.400,00;;;;
HL7348; SmartWatch ;3;Rilson;Dias;21;12/28/2018;Goiânia;R$ 1.400,00;;;;
HL2714; Tablet ;2;Gabriel;Almeida;80;07/09/2018;Salvador;R$ 1.600,00;;;;
HL1918; iPhone ;1;Lucas;Lacerda;45;07/12/2018;Rio de Janeiro;R$ 5.300,00;;;;
HL2714; Tablet ;1;Bruno;Barcessat;88;10/05/2018;Recife;R$ 1.600,00;;;;
HL8851; Notebook ;1;Mayara;Soares;32;11/12/2018;Belo Horizonte;R$ 3.500,00;;;;
HL8851; Notebook ;5;Luiza;Procaci;61;5/19/2018;Goiânia;R$ 3.500,00;;;;
HL8851; Notebook ;3;Andre;Sampaio;39;7/18/2018;Belo Horizonte;R$ 3.500,00;;;;
HL1918; iPhone ;2;Bruno;Silva;68;11/18/2018;Salvador;R$ 5.300,00;;;;
HL8851; Notebook ;2;Rachel;Silva;33;12/13/2018;Fortaleza;R$ 3.500,00;;;;
HL1918; iPhone ;3;Eduardo;Ferreira;62;12/02/2018;Salvador;R$ 5.300,00;;;;
HL7348; SmartWatch ;5;Luiza;Cabral;88;07/08/2018;Rio de Janeiro;R$ 1.400,00;;;;
HL2714; Tablet ;1;José;Fonseca;69;4/23/2018;Porto Alegre;R$ 1.600,00;;;;
HL9962; Android ;1;Kim;Ferreira;68;02/03/2018;São Paulo;R$ 3.400,00;;;;
HL4379; Televisão ;3;Rodrigo;Bruno;89;10/05/2018;São Paulo;R$ 2.500,00;;;;
HL1918; iPhone ;1;Jéssica;Stefanelli;73;02/07/2018;Curitiba;R$ 5.300,00;;;;
HL8851; Notebook ;2;Luíza;Garcia;68;4/27/2018;Fortaleza;R$ 3.500,00;;;;
HL8851; Notebook ;5;Sandy;Figueiredo;84;09/06/2018;Goiânia;R$ 3.500,00;;;;
HL8851; Notebook ;3;Luana;Santana;31;5/17/2018;Rio de Janeiro;R$ 3.500,00;;;;
HL2714; Tablet ;2;Luiza;Ribeiro;19;09/08/2018;Rio de Janeiro;R$ 1.600,00;;;;
HL1918; iPhone ;4;Juliana;Huon;59;1/24/2018;Rio de Janeiro;R$ 5.300,00;;;;
HL1918; iPhone ;2;Vitor;Boccaletti;46;11/28/2018;Porto Alegre;R$ 5.300,00;;;;
HL1918; iPhone ;1;Daniel;Monteiro;40;8/19/2018;São Paulo;R$ 5.300,00;;;;
HL7348; SmartWatch ;1;Letícia;Rodrigues;77;4/23/2018;Salvador;R$ 1.400,00;;;;
HL8851; Notebook ;5;João;Abraçado;44;10/13/2018;São Paulo;R$ 3.500,00;;;;
HL2714; Tablet ;5;Guilherme;Jordao;80;09/08/2018;São Paulo;R$ 1.600,00;;;;
HL1918; iPhone ;5;Cláudio;Aragão;37;9/16/2018;Porto Alegre;R$ 5.300,00;;;;
HL4379; Televisão ;4;Wilson;Vianna;36;01/12/2018;Recife;R$ 2.500,00;;;;
HL1918; iPhone ;1;Ana;Gomes;49;02/08/2018;Fortaleza;R$ 5.300,00;;;;
HL1918; iPhone ;4;Danilo;Alves;71;12/22/2018;Recife;R$ 5.300,00;;;;
HL9962; Android ;2;Isabella;Santos;35;11/28/2018;Belo Horizonte;R$ 3.400,00;;;;
HL9962; Android ;3;Igor;Lima;22;9/14/2018;Fortaleza;R$ 3.400,00;;;;
HL8851; Notebook ;5;Bruno;Temporal;46;01/03/2018;Fortaleza;R$ 3.500,00;;;;
HL4379; Televisão ;3;Ives;Pinheiro;49;2/23/2018;Porto Alegre;R$ 2.500,00;;;;
HL9962; Android ;3;Felipe;Paulo;69;04/10/2018;Salvador;R$ 3.400,00;;;;
HL8851; Notebook ;1;Pedro;Delgado;88;4/22/2018;São Paulo;R$ 3.500,00;;;;
HL7348; SmartWatch ;3;Joyce;Souza;56;11/24/2018;Rio de Janeiro;R$ 1.400,00;;;;
HL4379; Televisão ;1;Beatriz;Nogueira;45;9/28/2018;Goiânia;R$ 2.500,00;;;;
HL1148; Câmera ;1;Vivianne;Rodrigues;82;1/28/2018;Salvador;R$ 2.100,00;;;;
HL1918; iPhone ;2;Cícero;Lima;74;11/10/2018;Salvador;R$ 5.300,00;;;;
HL1918; iPhone ;5;Myllena;Corrêa;83;09/08/2018;Fortaleza;R$ 5.300,00;;;;
HL2714; Tablet ;1;Sandy;Figueiredo;51;6/19/2018;Fortaleza;R$ 1.600,00;;;;
HL2714; Tablet ;2;Antonio;Manhães;77;10/28/2018;Rio de Janeiro;R$ 1.600,00;;;;
HL4379; Televisão ;4;João;Junior;67;9/22/2018;Salvador;R$ 2.500,00;;;;
HL1918; iPhone ;1;Lucas;Machado;90;09/06/2018;Belo Horizonte;R$ 5.300,00;;;;
HL2714; Tablet ;4;Gabriel;Azevedo;74;09/03/2018;Rio de Janeiro;R$ 1.600,00;;;;
HL1918; iPhone ;5;Daniel;Ortiz;39;6/15/2018;Rio de Janeiro;R$ 5.300,00;;;;
HL9962; Android ;5;Daniel;Terra;19;1/27/2018;Curitiba;R$ 3.400,00;;;;
HL9962; Android ;4;Lázaro;Nascimento;77;01/09/2018;Porto Alegre;R$ 3.400,00;;;;
HL1918; iPhone ;5;Isabel;Leite;79;05/02/2018;Recife;R$ 5.300,00;;;;
HL7348; SmartWatch ;4;Isabella;Rodrigues;78;2/27/2018;São Paulo;R$ 1.400,00;;;;
HL4379; Televisão ;2;Matheus;Silva;55;07/07/2018;Porto Alegre;R$ 2.500,00;;;;
HL1918; iPhone ;1;Bianca;Procaci;35;05/10/2018;Salvador;R$ 5.300,00;;;;
HL1148; Câmera ;1;Thiago;Veiga;80;1/31/2018;Porto Alegre;R$ 2.100,00;;;;
HL1918; iPhone ;1;Beatriz;Silva;38;3/16/2018;Rio de Janeiro;R$ 5.300,00;;;;
HL9962; Android ;1;Raísa;Rodrigues;58;8/30/2018;Fortaleza;R$ 3.400,00;;;;
HL8851; Notebook ;5;Ylana;Teraoka;38;2/16/2018;São Paulo;R$ 3.500,00;;;;
HL2714; Tablet ;1;Larissa;Vasconcellos;58;4/18/2018;Porto Alegre;R$ 1.600,00;;;;
HL1918; iPhone ;2;Caio;Ferreira;83;11/23/2018;São Paulo;R$ 5.300,00;;;;
HL8851; Notebook ;2;Juliana;Huon;86;8/16/2018;São Paulo;R$ 3.500,00;;;;
HL1148; Câmera ;2;Daniel;Alcoforado;35;06/09/2018;Porto Alegre;R$ 2.100,00;;;;
HL1148; Câmera ;5;Raphael;Mattos;60;6/15/2018;São Paulo;R$ 2.100,00;;;;
HL1918; iPhone ;3;Guilherme;Merotto;31;3/23/2018;Rio de Janeiro;R$ 5.300,00;;;;
HL4379; Televisão ;1;Jéssica;Stefanelli;49;2/14/2018;Fortaleza;R$ 2.500,00;;;;
HL1918; iPhone ;3;João;Araujo;66;12/13/2018;Rio de Janeiro;R$ 5.300,00;;;;
HL7348; SmartWatch ;1;Carolina;Bernardes;49;11/04/2018;Belo Horizonte;R$ 1.400,00;;;;
HL8851; Notebook ;1;Débora;Lopes;26;12/22/2018;Rio de Janeiro;R$ 3.500,00;;;;
HL4379; Televisão ;2;Gabrielle;Costa;85;12/10/2018;São Paulo;R$ 2.500,00;;;;
HL4379; Televisão ;2;Thomáz;Bôas;43;05/07/2018;São Paulo;R$ 2.500,00;;;;
HL1918; iPhone ;2;Thales;Andrade;57;09/06/2018;Rio de Janeiro;R$ 5.300,00;;;;
HL1918; iPhone ;1;Luana;Santana;39;2/14/2018;Recife;R$ 5.300,00;;;;
HL7348; SmartWatch ;4;Beatriz;Rocha;80;5/18/2018;Rio de Janeiro;R$ 1.400,00;;;;
HL8851; Notebook ;3;Ana;Silva;44;11/07/2018;Fortaleza;R$ 3.500,00;;;;
HL1918; iPhone ;3;Amanda;Roberto;70;7/16/2018;Fortaleza;R$ 5.300,00;;;;
HL8851; Notebook ;1;Danilo;Alves;59;3/29/2018;Rio de Janeiro;R$ 3.500,00;;;;
HL1918; iPhone ;3;Lucas;Rocha;32;08/10/2018;São Paulo;R$ 5.300,00;;;;
HL9962; Android ;1;Tiago;Pereira;50;7/26/2018;Recife;R$ 3.400,00;;;;
HL8851; Notebook ;1;Stefan;Nunes;43;03/11/2018;Recife;R$ 3.500,00;;;;
HL1148; Câmera ;2;Rebeca;Manhães;84;6/24/2018;Rio de Janeiro;R$ 2.100,00;;;;
HL2714; Tablet ;4;Guilherme;Assis;45;07/10/2018;Porto Alegre;R$ 1.600,00;;;;
HL1918; iPhone ;3;Livia;Cozendey;73;5/13/2018;Curitiba;R$ 5.300,00;;;;
HL2714; Tablet ;5;Bruna;Rangel;37;01/12/2018;Rio de Janeiro;R$ 1.600,00;;;;
HL4379; Televisão ;3;Bruno;Oliveira;61;09/01/2018;Salvador;R$ 2.500,00;;;;
HL2714; Tablet ;3;Lorena;Kohn;57;7/27/2018;Rio de Janeiro;R$ 1.600,00;;;;
HL8851; Notebook ;5;Eduardo;Peluzo;37;5/25/2018;Salvador;R$ 3.500,00;;;;
HL1918; iPhone ;5;Isabella;Santos;69;12/29/2018;São Paulo;R$ 5.300,00;;;;
HL1918; iPhone ;3;João;Ribeiro;45;08/08/2018;Rio de Janeiro;R$ 5.300,00;;;;
HL1918; iPhone ;4;Raissa;Pinheiro;70;11/14/2018;Rio de Janeiro;R$ 5.300,00;;;;
HL9962; Android ;4;Ulisses;Arruda;22;09/05/2018;Porto Alegre;R$ 3.400,00;;;;
HL8851; Notebook ;3;Thomáz;Rodriguez;65;06/06/2018;Rio de Janeiro;R$ 3.500,00;;;;
HL9962; Android ;5;Eduardo;Vargas;85;7/17/2018;Salvador;R$ 3.400,00;;;;
HL1148; Câmera ;4;José;Marques;84;10/06/2018;Curitiba;R$ 2.100,00;;;;
HL4379; Televisão ;1;Ana;Silva;62;8/23/2018;Recife;R$ 2.500,00;;;;
HL8851; Notebook ;2;Jéssica;Netto;27;07/07/2018;São Paulo;R$ 3.500,00;;;;
HL1148; Câmera ;5;Bruna;Londero;52;07/07/2018;Porto Alegre;R$ 2.100,00;;;;
HL9962; Android ;4;Hiaiune;Valim;52;10/03/2018;Fortaleza;R$ 3.400,00;;;;
HL1918; iPhone ;5;Luísa;Fonseca;18;06/03/2018;Fortaleza;R$ 5.300,00;;;;
HL4379; Televisão ;1;Silvio;Fahrnholz;77;6/14/2018;Recife;R$ 2.500,00;;;;
HL2714; Tablet ;2;Maria;Assumpção;86;9/30/2018;São Paulo;R$ 1.600,00;;;;
HL4379; Televisão ;2;Marina;Gama;25;08/10/2018;São Paulo;R$ 2.500,00;;;;
HL4379; Televisão ;3;Ylana;Teraoka;34;6/17/2018;Recife;R$ 2.500,00;;;;
HL8851; Notebook ;2;Gabrielle;Silva;68;8/16/2018;Rio de Janeiro;R$ 3.500,00;;;;
HL4379; Televisão ;2;Gabriel;Rubim;54;7/26/2018;Rio de Janeiro;R$ 2.500,00;;;;
HL4379; Televisão ;3;Danilo;Alves;33;7/30/2018;Fortaleza;R$ 2.500,00;;;;
HL1918; iPhone ;4;Jônatas;Castro;65;12/17/2018;Curitiba;R$ 5.300,00;;;;
HL4379; Televisão ;3;Mariane;Ferreira;22;06/04/2018;Fortaleza;R$ 2.500,00;;;;
HL1918; iPhone ;1;Eric;Júnior;24;2/23/2018;Fortaleza;R$ 5.300,00;;;;
HL9962; Android ;3;Allan;Candido;44;03/04/2018;Belo Horizonte;R$ 3.400,00;;;;
HL9962; Android ;1;Lucas;Reis;89;10/31/2018;Belo Horizonte;R$ 3.400,00;;;;
HL1918; iPhone ;2;Julia;Figueiredo;61;4/15/2018;Salvador;R$ 5.300,00;;;;
HL2714; Tablet ;1;Wilson;Meirelles;62;03/04/2018;Recife;R$ 1.600,00;;;;
HL4379; Televisão ;5;Raphael;Filho;30;03/11/2018;Fortaleza;R$ 2.500,00;;;;
HL4379; Televisão ;1;Wellington;Duarte;36;12/30/2018;São Paulo;R$ 2.500,00;;;;
HL7348; SmartWatch ;3;Mariana;Sousa;51;01/06/2018;Belo Horizonte;R$ 1.400,00;;;;
HL1918; iPhone ;1;Guilherme;Santos;65;11/08/2018;São Paulo;R$ 5.300,00;;;;
HL7348; SmartWatch ;3;Gabriel;Rubim;35;2/15/2018;Curitiba;R$ 1.400,00;;;;
HL8851; Notebook ;2;Vanessa;Neves;30;1/26/2018;São Paulo;R$ 3.500,00;;;;
HL2714; Tablet ;3;Gustavo;Azevedo;80;1/17/2018;Fortaleza;R$ 1.600,00;;;;
HL4379; Televisão ;2;Thomáz;Bôas;54;07/04/2018;Fortaleza;R$ 2.500,00;;;;
HL9962; Android ;4;Eduardo;Ferreira;58;10/19/2018;Salvador;R$ 3.400,00;;;;
HL9962; Android ;4;Vanessa;Neves;81;11/14/2018;São Paulo;R$ 3.400,00;;;;
HL4379; Televisão ;5;Letícia;Araujo;56;3/19/2018;São Paulo;R$ 2.500,00;;;;
HL1148; Câmera ;2;Breno;Varella;73;6/14/2018;Goiânia;R$ 2.100,00;;;;
HL1918; iPhone ;3;Marina;Cormack;32;7/28/2018;Rio de Janeiro;R$ 5.300,00;;;;
HL9962; Android ;1;Stephanie;Oliveira;63;6/22/2018;São Paulo;R$ 3.400,00;;;;
HL9962; Android ;3;Guilherme;Merotto;85;09/03/2018;Salvador;R$ 3.400,00;;;;
HL1918; iPhone ;3;Victor;Lira;58;1/22/2018;Fortaleza;R$ 5.300,00;;;;
HL4379; Televisão ;5;Luiz;Limp;63;12/19/2018;São Paulo;R$ 2.500,00;;;;
HL8851; Notebook ;3;Cícero;Ramos;27;11/22/2018;Porto Alegre;R$ 3.500,00;;;;
HL9962; Android ;4;Luã;Sá;36;7/31/2018;São Paulo;R$ 3.400,00;;;;
HL9962; Android ;5;Renan;Firmino;65;5/15/2018;Rio de Janeiro;R$ 3.400,00;;;;
HL1918; iPhone ;2;Michelle;Pereira;42;06/06/2018;Salvador;R$ 5.300,00;;;;
HL1148; Câmera ;2;Lucas;Aragão;49;3/17/2018;Belo Horizonte;R$ 2.100,00;;;;
HL7348; SmartWatch ;3;Rebeca;Taylor;76;7/28/2018;São Paulo;R$ 1.400,00;;;;
HL4379; Televisão ;3;Caio;Ferreira;71;8/21/2018;Rio de Janeiro;R$ 2.500,00;;;;
HL8851; Notebook ;2;Matheus;Delgado;42;2/28/2018;Rio de Janeiro;R$ 3.500,00;;;;
HL1918; iPhone ;3;Bruno;Souza;60;10/26/2018;São Paulo;R$ 5.300,00;;;;
HL1918; iPhone ;2;Cícero;Ramos;77;7/24/2018;Curitiba;R$ 5.300,00;;;;
HL8851; Notebook ;1;Raíza;Lopes;83;11/30/2018;Fortaleza;R$ 3.500,00;;;;
HL8851; Notebook ;5;Bernardo;Botelho;83;4/19/2018;Porto Alegre;R$ 3.500,00;;;;
HL1918; iPhone ;5;Rubens;Valente;66;03/10/2018;Curitiba;R$ 5.300,00;;;;
HL9962; Android ;1;Willian;Albino;62;7/30/2018;Salvador;R$ 3.400,00;;;;
HL7348; SmartWatch ;1;Gustavo;Aragão;23;04/05/2018;Curitiba;R$ 1.400,00;;;;
HL2714; Tablet ;4;Lucas;Rocha;33;02/10/2018;Curitiba;R$ 1.600,00;;;;
HL1148; Câmera ;2;Bruno;Oliveira;65;6/21/2018;Porto Alegre;R$ 2.100,00;;;;
HL7348; SmartWatch ;1;Isaac;Santos;28;8/13/2018;Belo Horizonte;R$ 1.400,00;;;;
HL1918; iPhone ;3;Pedro;Dalforne;42;03/01/2018;São Paulo;R$ 5.300,00;;;;
HL1918; iPhone ;4;João;Alves;88;12/29/2018;Recife;R$ 5.300,00;;;;
HL1148; Câmera ;2;Rodrigo;Mendes;64;02/06/2018;São Paulo;R$ 2.100,00;;;;
HL1918; iPhone ;2;Camila;Sobral;58;12/30/2018;São Paulo;R$ 5.300,00;;;;
HL4379; Televisão ;2;Lorena;Kohn;66;5/26/2018;Salvador;R$ 2.500,00;;;;
HL1148; Câmera ;4;Marcelo;Pereira;43;4/25/2018;Fortaleza;R$ 2.100,00;;;;
HL4379; Televisão ;5;Luiz;Almeida;60;3/23/2018;Curitiba;R$ 2.500,00;;;;
HL9962; Android ;4;Giovana;Vilela;87;05/10/2018;Fortaleza;R$ 3.400,00;;;;
HL8851; Notebook ;5;Matheus;Ramos;30;12/04/2018;São Paulo;R$ 3.500,00;;;;
HL1918; iPhone ;1;Mariana;Rotava;34;04/02/2018;Rio de Janeiro;R$ 5.300,00;;;;
HL9962; Android ;4;Carolina;Costa;36;06/04/2018;Salvador;R$ 3.400,00;;;;
HL4379; Televisão ;2;Alberto;Silveira;76;4/20/2018;Rio de Janeiro;R$ 2.500,00;;;;
HL1918; iPhone ;3;Juliana;Guimarães;76;09/05/2018;São Paulo;R$ 5.300,00;;;;
HL9962; Android ;1;Lucas;Rocha;66;04/06/2018;Fortaleza;R$ 3.400,00;;;;
HL7348; SmartWatch ;1;Priscila;Garcia;71;09/11/2018;Salvador;R$ 1.400,00;;;;
HL8851; Notebook ;3;Priscila;Carvalho;45;6/24/2018;Salvador;R$ 3.500,00;;;;
HL8851; Notebook ;5;Caio;Silva;38;12/01/2018;Salvador;R$ 3.500,00;;;;
HL8851; Notebook ;3;Julia;Penteado;74;05/08/2018;Porto Alegre;R$ 3.500,00;;;;
HL1148; Câmera ;2;Roberto;Nogueira;63;06/06/2018;Recife;R$ 2.100,00;;;;
HL1918; iPhone ;2;Luiz;Almeida;84;01/01/2018;Fortaleza;R$ 5.300,00;;;;
HL1148; Câmera ;1;Myllena;Corrêa;85;1/24/2018;Goiânia;R$ 2.100,00;;;;
HL4379; Televisão ;2;Renan;Cunha;69;11/12/2018;Salvador;R$ 2.500,00;;;;
HL1918; iPhone ;1;Lucas;Freitas;31;06/10/2018;Salvador;R$ 5.300,00;;;;
HL2714; Tablet ;2;Adriana;Passos;33;05/09/2018;Rio de Janeiro;R$ 1.600,00;;;;
HL8851; Notebook ;5;Raul;Silveira;46;12/28/2018;Recife;R$ 3.500,00;;;;
HL1918; iPhone ;5;Eduardo;Veiga;24;11/05/2018;Porto Alegre;R$ 5.300,00;;;;
HL2714; Tablet ;2;Vinícius;Antunes;64;12/10/2018;Recife;R$ 1.600,00;;;;
HL9962; Android ;2;Mateus;Polastri;51;10/16/2018;Porto Alegre;R$ 3.400,00;;;;
HL8851; Notebook ;1;Camille;Silva;51;4/24/2018;São Paulo;R$ 3.500,00;;;;
HL1918; iPhone ;3;João;Ribeiro;53;11/29/2018;Recife;R$ 5.300,00;;;;
HL8851; Notebook ;2;Carlos;Barbosa;53;4/23/2018;Salvador;R$ 3.500,00;;;;
HL1148; Câmera ;3;Lucas;Chagas;49;10/23/2018;São Paulo;R$ 2.100,00;;;;
HL9962; Android ;5;Arthur;Fernandes;82;11/11/2018;São Paulo;R$ 3.400,00;;;;
HL1918; iPhone ;1;Khaio;Mesquita;74;1/15/2018;São Paulo;R$ 5.300,00;;;;
HL1918; iPhone ;3;Fernanda;Coutinho;24;9/19/2018;Porto Alegre;R$ 5.300,00;;;;
HL1918; iPhone ;2;Larissa;Florim;69;4/24/2018;São Paulo;R$ 5.300,00;;;;
HL1918; iPhone ;4;Kim;Ferreira;37;02/05/2018;São Paulo;R$ 5.300,00;;;;
HL1918; iPhone ;1;Pedro;Dalforne;63;11/19/2018;Recife;R$ 5.300,00;;;;
HL9962; Android ;5;Breno;Godoy;32;8/15/2018;Rio de Janeiro;R$ 3.400,00;;;;
HL7348; SmartWatch ;3;Juliana;Silva;61;11/30/2018;São Paulo;R$ 1.400,00;;;;
HL1918; iPhone ;2;Caroline;Delgado;36;02/05/2018;São Paulo;R$ 5.300,00;;;;
HL4379; Televisão ;2;Raissa;Negrelli;26;08/09/2018;Recife;R$ 2.500,00;;;;
HL1918; iPhone ;1;Luísa;Fonseca;52;5/15/2018;Rio de Janeiro;R$ 5.300,00;;;;
HL1918; iPhone ;2;Thayna;Martins;41;7/27/2018;São Paulo;R$ 5.300,00;;;;
HL1148; Câmera ;5;Daniel;Valente;42;5/26/2018;Belo Horizonte;R$ 2.100,00;;;;
HL2714; Tablet ;1;Cláudio;Aragão;58;10/15/2018;Fortaleza;R$ 1.600,00;;;;
HL7348; SmartWatch ;1;Myllena;Corrêa;21;08/02/2018;Recife;R$ 1.400,00;;;;
HL1918; iPhone ;2;Carlos;Mesquita;67;7/15/2018;Fortaleza;R$ 5.300,00;;;;
HL2714; Tablet ;4;Amanda;Delgado;79;12/18/2018;Fortaleza;R$ 1.600,00;;;;
HL8851; Notebook ;3;Leandro;Rodrigues;47;7/19/2018;Rio de Janeiro;R$ 3.500,00;;;;
HL1148; Câmera ;4;Jéssica;Netto;71;10/22/2018;Recife;R$ 2.100,00;;;;
HL7348; SmartWatch ;3;Gabrielle;Porto;74;10/26/2018;São Paulo;R$ 1.400,00;;;;
HL1148; Câmera ;5;Daniela;Pereira;86;3/16/2018;São Paulo;R$ 2.100,00;;;;
HL1918; iPhone ;2;Victor;Lira;18;6/29/2018;Fortaleza;R$ 5.300,00;;;;
HL2714; Tablet ;4;Luiza;Farias;89;8/13/2018;Salvador;R$ 1.600,00;;;;
HL7348; SmartWatch ;5;Marina;Gama;84;03/12/2018;Fortaleza;R$ 1.400,00;;;;
HL9962; Android ;2;Bernardo;Borges;84;6/28/2018;São Paulo;R$ 3.400,00;;;;
HL4379; Televisão ;2;Raissa;Maia;70;6/13/2018;Fortaleza;R$ 2.500,00;;;;
HL9962; Android ;5;Deysiane;Medronho;74;1/30/2018;Fortaleza;R$ 3.400,00;;;;
HL1918; iPhone ;1;João;Peçanha;57;8/14/2018;São Paulo;R$ 5.300,00;;;;
HL9962; Android ;1;Renan;Firmino;48;09/05/2018;Recife;R$ 3.400,00;;;;
HL4379; Televisão ;3;Rachel;Restum;37;02/09/2018;Curitiba;R$ 2.500,00;;;;
HL4379; Televisão ;4;Itai;Puntel;61;5/17/2018;Recife;R$ 2.500,00;;;;
HL1918; iPhone ;1;Daniel;Felippe;55;6/19/2018;Fortaleza;R$ 5.300,00;;;;
HL2714; Tablet ;4;Carolina;Siqueira;68;7/22/2018;Recife;R$ 1.600,00;;;;
HL1918; iPhone ;5;Carlos;Cardoso;60;2/21/2018;São Paulo;R$ 5.300,00;;;;
HL4379; Televisão ;2;Gabriel;Puntel;66;07/04/2018;Goiânia;R$ 2.500,00;;;;
HL9962; Android ;4;Ulisses;Filho;22;1/13/2018;São Paulo;R$ 3.400,00;;;;
HL1918; iPhone ;3;Samara;Pinto;50;11/12/2018;São Paulo;R$ 5.300,00;;;;
HL9962; Android ;5;Isabela;Resende;19;3/25/2018;Salvador;R$ 3.400,00;;;;
HL1148; Câmera ;3;Carolina;Motta;35;3/28/2018;São Paulo;R$ 2.100,00;;;;
HL9962; Android ;2;Breno;Costa;24;10/26/2018;São Paulo;R$ 3.400,00;;;;
HL1918; iPhone ;2;Pedro;Cardoso;31;01/10/2018;Salvador;R$ 5.300,00;;;;
HL1918; iPhone ;2;Marina;Marins;87;05/09/2018;São Paulo;R$ 5.300,00;;;;
HL9962; Android ;1;Arthur;Souza;88;08/03/2018;Porto Alegre;R$ 3.400,00;;;;
HL1918; iPhone ;2;Gabriel;Rocha;33;01/09/2018;Recife;R$ 5.300,00;;;;
HL1918; iPhone ;5;Raphael;Kurtz;20;7/16/2018;Recife;R$ 5.300,00;;;;
HL1918; iPhone ;4;Thales;Fanara;30;9/19/2018;São Paulo;R$ 5.300,00;;;;
HL8851; Notebook ;3;Juliana;Guimarães;55;09/06/2018;Rio de Janeiro;R$ 3.500,00;;;;
HL9962; Android ;5;Ana;Michetti;69;12/01/2018;Fortaleza;R$ 3.400,00;;;;
HL9962; Android ;3;Letícia;Leal;23;12/18/2018;Porto Alegre;R$ 3.400,00;;;;
HL9962; Android ;3;João;Capitulo;86;02/05/2018;São Paulo;R$ 3.400,00;;;;
HL4379; Televisão ;5;Matheus;Santos;79;2/25/2018;Rio de Janeiro;R$ 2.500,00;;;;
HL8851; Notebook ;3;Beatriz;Perdomo;86;06/02/2018;Belo Horizonte;R$ 3.500,00;;;;
HL1918; iPhone ;4;Gabriel;Puntel;29;8/20/2018;São Paulo;R$ 5.300,00;;;;
HL4379; Televisão ;2;Beatriz;Almeida;57;03/03/2018;Fortaleza;R$ 2.500,00;;;;
HL8851; Notebook ;4;Wilson;Farias;43;04/12/2018;Goiânia;R$ 3.500,00;;;;
HL1918; iPhone ;5;Miguel;Carneiro;67;2/21/2018;Salvador;R$ 5.300,00;;;;
HL4379; Televisão ;1;Carolina;Bernardes;41;6/19/2018;São Paulo;R$ 2.500,00;;;;
HL1918; iPhone ;1;Victor;Gomes;36;11/04/2018;Fortaleza;R$ 5.300,00;;;;
HL9962; Android ;4;Sandy;Ribeiro;39;3/21/2018;São Paulo;R$ 3.400,00;;;;
HL1918; iPhone ;4;Anna;Figueiredo;29;9/19/2018;Rio de Janeiro;R$ 5.300,00;;;;
HL2714; Tablet ;1;Daniel;Monteiro;53;5/29/2018;São Paulo;R$ 1.600,00;;;;
HL4379; Televisão ;5;Henrique;Lencastre;74;11/26/2018;Rio de Janeiro;R$ 2.500,00;;;;
HL1918; iPhone ;1;João;Júnior;35;05/10/2018;São Paulo;R$ 5.300,00;;;;
HL2714; Tablet ;5;Elena;Barreto;19;03/08/2018;Belo Horizonte;R$ 1.600,00;;;;
HL8851; Notebook ;3;Júlia;Almeida;24;1/16/2018;Salvador;R$ 3.500,00;;;;
HL4379; Televisão ;2;Amanda;Gontijo;80;10/25/2018;Porto Alegre;R$ 2.500,00;;;;
HL7348; SmartWatch ;1;Ruan;Gonçalves;22;12/21/2018;Fortaleza;R$ 1.400,00;;;;
HL7348; SmartWatch ;1;Igor;Lima;48;8/22/2018;Fortaleza;R$ 1.400,00;;;;
HL1918; iPhone ;2;Camila;Bastazini;80;12/28/2018;Rio de Janeiro;R$ 5.300,00;;;;
HL1148; Câmera ;3;Mariana;Freire;36;04/05/2018;Rio de Janeiro;R$ 2.100,00;;;;
HL4379; Televisão ;1;Victor;Gomes;83;7/20/2018;Salvador;R$ 2.500,00;;;;
HL1918; iPhone ;1;Mariana;Sousa;46;6/20/2018;São Paulo;R$ 5.300,00;;;;
HL8851; Notebook ;2;Thales;Santos;44;08/02/2018;Fortaleza;R$ 3.500,00;;;;
HL9962; Android ;4;Marcelo;Guadagnino;19;05/06/2018;Goiânia;R$ 3.400,00;;;;
HL1148; Câmera ;3;João;Peçanha;43;11/02/2018;São Paulo;R$ 2.100,00;;;;
HL7348; SmartWatch ;5;Adrielle;Forte;31;1/27/2018;São Paulo;R$ 1.400,00;;;;
HL1918; iPhone ;4;Nina;Magalhães;66;6/17/2018;Porto Alegre;R$ 5.300,00;;;;
HL7348; SmartWatch ;1;Pedro;Ronfini;68;05/05/2018;Salvador;R$ 1.400,00;;;;
HL1918; iPhone ;3;Marcela;Gasperi;28;10/22/2018;Salvador;R$ 5.300,00;;;;
HL9962; Android ;4;Vinícius;Antunes;41;6/16/2018;São Paulo;R$ 3.400,00;;;;
HL1918; iPhone ;2;Daniel;Cardoso;33;10/15/2018;Rio de Janeiro;R$ 5.300,00;;;;
HL4379; Televisão ;5;Antônio;Soares;18;10/07/2018;Recife;R$ 2.500,00;;;;
HL2714; Tablet ;3;Guilherme;Jordao;50;5/25/2018;Belo Horizonte;R$ 1.600,00;;;;
HL8851; Notebook ;2;Morgana;Correa;22;9/22/2018;Belo Horizonte;R$ 3.500,00;;;;
HL4379; Televisão ;3;Jessica;Ferreira;22;4/24/2018;Recife;R$ 2.500,00;;;;
HL7348; SmartWatch ;5;Douglas;Rodrigues;69;12/04/2018;Fortaleza;R$ 1.400,00;;;;
HL9962; Android ;1;Carlos;Barbosa;78;2/15/2018;Porto Alegre;R$ 3.400,00;;;;
HL1918; iPhone ;5;Glenda;Santos;51;6/16/2018;Belo Horizonte;R$ 5.300,00;;;;
HL4379; Televisão ;3;Beatriz;Silva;48;08/04/2018;Fortaleza;R$ 2.500,00;;;;
HL4379; Televisão ;5;Luã;Sá;59;01/03/2018;São Paulo;R$ 2.500,00;;;;
HL8851; Notebook ;5;Roger;Rosa;87;8/15/2018;Porto Alegre;R$ 3.500,00;;;;
HL7348; SmartWatch ;1;Rodrigo;Alves;21;5/21/2018;Salvador;R$ 1.400,00;;;;
HL1918; iPhone ;3;Mariane;Ferreira;30;12/01/2018;Fortaleza;R$ 5.300,00;;;;
HL4379; Televisão ;4;Maurício;Dias;56;12/30/2018;Recife;R$ 2.500,00;;;;
HL8851; Notebook ;3;Rodrigo;Silva;20;08/05/2018;Recife;R$ 3.500,00;;;;
HL2714; Tablet ;4;Bruno;Mota;30;2/16/2018;Rio de Janeiro;R$ 1.600,00;;;;
HL1918; iPhone ;5;Helvio;Pedrosa;35;8/19/2018;São Paulo;R$ 5.300,00;;;;
HL1918; iPhone ;1;Bruno;Silva;58;04/09/2018;Salvador;R$ 5.300,00;;;;
HL1148; Câmera ;1;Michelle;Miura;31;10/12/2018;Goiânia;R$ 2.100,00;;;;
HL8851; Notebook ;2;Giulia;Pessanha;87;5/24/2018;Fortaleza;R$ 3.500,00;;;;
HL1918; iPhone ;2;Luiza;Johnson;18;4/23/2018;Curitiba;R$ 5.300,00;;;;
HL8851; Notebook ;4;Henrique;Villanova;78;7/15/2018;Fortaleza;R$ 3.500,00;;;;
HL1148; Câmera ;1;Cícero;Ramos;24;07/03/2018;Salvador;R$ 2.100,00;;;;
HL8851; Notebook ;4;Amanda;Braga;20;11/07/2018;São Paulo;R$ 3.500,00;;;;
HL9962; Android ;4;Matheus;Afonso;54;4/25/2018;Rio de Janeiro;R$ 3.400,00;;;;
HL4379; Televisão ;2;Daniela;Andrada;49;12/30/2018;Porto Alegre;R$ 2.500,00;;;;
HL8851; Notebook ;2;Renan;Cunha;68;1/19/2018;São Paulo;R$ 3.500,00;;;;
HL1918; iPhone ;4;Gustavo;Thome;62;6/13/2018;Goiânia;R$ 5.300,00;;;;
HL4379; Televisão ;1;Eduardo;Ferreira;83;04/06/2018;São Paulo;R$ 2.500,00;;;;
HL1918; iPhone ;2;Carlos;Mesquita;28;10/23/2018;Porto Alegre;R$ 5.300,00;;;;
HL9962; Android ;1;Débora;Lopes;72;5/18/2018;Porto Alegre;R$ 3.400,00;;;;
HL7348; SmartWatch ;3;Luiz;Limp;46;10/13/2018;Fortaleza;R$ 1.400,00;;;;
HL1918; iPhone ;3;Henrique;Lencastre;64;3/17/2018;Rio de Janeiro;R$ 5.300,00;;;;
HL1148; Câmera ;5;Rebeca;Taylor;38;12/18/2018;Recife;R$ 2.100,00;;;;
HL1148; Câmera ;1;Kim;Ferreira;30;7/23/2018;Fortaleza;R$ 2.100,00;;;;
HL2714; Tablet ;4;Leandro;Ferreira;74;06/06/2018;Porto Alegre;R$ 1.600,00;;;;
HL7348; SmartWatch ;3;Juliana;Goes;77;03/10/2018;Porto Alegre;R$ 1.400,00;;;;
HL1918; iPhone ;2;Julia;Penteado;70;9/14/2018;Salvador;R$ 5.300,00;;;;
HL1918; iPhone ;2;Gabrielle;Wanderley;28;07/03/2018;Curitiba;R$ 5.300,00;;;;
HL1918; iPhone ;3;Milena;Alcoforado;37;5/27/2018;Curitiba;R$ 5.300,00;;;;
HL1918; iPhone ;1;Elena;Barreto;42;12/26/2018;Salvador;R$ 5.300,00;;;;
HL7348; SmartWatch ;1;Roberta;Teixeira;81;08/06/2018;Goiânia;R$ 1.400,00;;;;
HL8851; Notebook ;5;Lara;Moreira;35;4/17/2018;São Paulo;R$ 3.500,00;;;;
HL1918; iPhone ;4;Paola;Abreu;19;11/21/2018;São Paulo;R$ 5.300,00;;;;
HL1918; iPhone ;2;Viviane;Cunha;44;12/08/2018;Rio de Janeiro;R$ 5.300,00;;;;
HL2714; Tablet ;1;Lucas;Araújo;70;05/06/2018;Salvador;R$ 1.600,00;;;;
HL1918; iPhone ;5;Larissa;Florim;18;5/31/2018;São Paulo;R$ 5.300,00;;;;
HL1918; iPhone ;2;Raphael;Kurtz;42;1/20/2018;Recife;R$ 5.300,00;;;;
HL9962; Android ;1;Chan;Santos;60;02/01/2018;Salvador;R$ 3.400,00;;;;
HL9962; Android ;1;Victor;Soares;66;12/19/2018;Curitiba;R$ 3.400,00;;;;
HL1918; iPhone ;5;Caroline;Pinto;68;9/17/2018;Curitiba;R$ 5.300,00;;;;
HL4379; Televisão ;3;Gabriel;Rubim;44;10/08/2018;Fortaleza;R$ 2.500,00;;;;
HL8851; Notebook ;3;Rodrigo;Silva;25;08/05/2018;Salvador;R$ 3.500,00;;;;
HL4379; Televisão ;3;Aline;Morais;77;3/20/2018;São Paulo;R$ 2.500,00;;;;
HL4379; Televisão ;4;Bruno;Souza;63;03/05/2018;Salvador;R$ 2.500,00;;;;
HL4379; Televisão ;4;Silvio;Provenzano;20;03/04/2018;Curitiba;R$ 2.500,00;;;;
HL4379; Televisão ;3;Maria;Gasperi;25;06/05/2018;Salvador;R$ 2.500,00;;;;
HL4379; Televisão ;3;Jackson;Derossi;68;12/21/2018;São Paulo;R$ 2.500,00;;;;
HL1918; iPhone ;4;Fabio;Ramos;34;7/28/2018;Salvador;R$ 5.300,00;;;;
HL1148; Câmera ;3;João;Junior;42;04/10/2018;Curitiba;R$ 2.100,00;;;;
HL8851; Notebook ;1;Marcelo;Pereira;69;06/09/2018;Goiânia;R$ 3.500,00;;;;
HL8851; Notebook ;1;Carolina;Alfradique;66;01/06/2018;Curitiba;R$ 3.500,00;;;;
HL8851; Notebook ;5;Thomáz;Rodriguez;45;7/15/2018;Fortaleza;R$ 3.500,00;;;;
HL1918; iPhone ;2;João;Castilho;78;12/22/2018;São Paulo;R$ 5.300,00;;;;
HL1918; iPhone ;5;Giulia;Lopes;78;10/31/2018;Rio de Janeiro;R$ 5.300,00;;;;
HL1918; iPhone ;5;Juliana;Correa;55;3/23/2018;São Paulo;R$ 5.300,00;;;;
HL1148; Câmera ;5;Bruno;Barcessat;27;9/28/2018;Curitiba;R$ 2.100,00;;;;
HL1918; iPhone ;1;Carlos;Assis;75;06/08/2018;Belo Horizonte;R$ 5.300,00;;;;
HL4379; Televisão ;1;Rubens;Valente;39;4/28/2018;Porto Alegre;R$ 2.500,00;;;;
HL9962; Android ;2;Rafaela;Feio;29;08/03/2018;Fortaleza;R$ 3.400,00;;;;
HL4379; Televisão ;4;Hygor;Essaber;79;7/19/2018;Rio de Janeiro;R$ 2.500,00;;;;
HL7348; SmartWatch ;4;Fillipe;Almeida;73;5/20/2018;São Paulo;R$ 1.400,00;;;;
HL9962; Android ;3;Arthur;Rocha;36;3/21/2018;Goiânia;R$ 3.400,00;;;;
HL4379; Televisão ;4;Rilson;Guedes;31;5/17/2018;Salvador;R$ 2.500,00;;;;
HL1918; iPhone ;4;Marcelo;Pereira;49;1/23/2018;São Paulo;R$ 5.300,00;;;;
HL1148; Câmera ;2;Ana;Michetti;50;4/16/2018;São Paulo;R$ 2.100,00;;;;
HL8851; Notebook ;2;Daniel;Monteiro;80;9/29/2018;Rio de Janeiro;R$ 3.500,00;;;;
HL1918; iPhone ;5;Ananda;Dias;35;8/27/2018;Salvador;R$ 5.300,00;;;;
HL1148; Câmera ;5;Beatriz;Almeida;61;01/03/2018;Goiânia;R$ 2.100,00;;;;
HL1148; Câmera ;2;Tadeu;Nakayama;61;10/28/2018;Curitiba;R$ 2.100,00;;;;
HL1148; Câmera ;3;Hércules;Júnior;75;3/17/2018;São Paulo;R$ 2.100,00;;;;
HL7348; SmartWatch ;2;Pedro;Ronfini;19;08/11/2018;São Paulo;R$ 1.400,00;;;;
HL1918; iPhone ;3;Rafael;Guimarães;29;09/02/2018;Belo Horizonte;R$ 5.300,00;;;;
HL4379; Televisão ;5;João;Pedrazza;46;1/19/2018;São Paulo;R$ 2.500,00;;;;
HL1918; iPhone ;4;Philipe;Morete;25;12/26/2018;Fortaleza;R$ 5.300,00;;;;
HL1148; Câmera ;5;Vivianne;Rodrigues;67;12/07/2018;Porto Alegre;R$ 2.100,00;;;;
HL9962; Android ;2;Thomáz;Bôas;31;5/18/2018;Fortaleza;R$ 3.400,00;;;;
HL4379; Televisão ;3;Victor;Firmino;22;11/09/2018;Porto Alegre;R$ 2.500,00;;;;
HL7348; SmartWatch ;2;Felipe;Mendonça;83;11/11/2018;Salvador;R$ 1.400,00;;;;
HL2714; Tablet ;5;Antonio;Manhães;33;06/05/2018;Recife;R$ 1.600,00;;;;
HL1918; iPhone ;4;Luíza;Goulart;69;6/19/2018;São Paulo;R$ 5.300,00;;;;
HL1918; iPhone ;4;Fernanda;Bhering;84;4/16/2018;Salvador;R$ 5.300,00;;;;
HL4379; Televisão ;2;Bruna;Brandao;62;12/18/2018;São Paulo;R$ 2.500,00;;;;
HL8851; Notebook ;1;Gustavo;Guimarães;54;8/13/2018;Salvador;R$ 3.500,00;;;;
HL7348; SmartWatch ;1;Joao;Silva;20;11/19/2018;Fortaleza;R$ 1.400,00;;;;
HL9962; Android ;1;Carlos;Cardoso;69;07/09/2018;Belo Horizonte;R$ 3.400,00;;;;
HL1148; Câmera ;4;Matheus;Delgado;27;11/29/2018;Rio de Janeiro;R$ 2.100,00;;;;
HL4379; Televisão ;5;Caroline;Delgado;35;1/25/2018;Rio de Janeiro;R$ 2.500,00;;;;
HL1918; iPhone ;1;Paula;Isbelle;72;9/25/2018;Recife;R$ 5.300,00;;;;
HL8851; Notebook ;4;Alvaro;Kranz;41;10/11/2018;Rio de Janeiro;R$ 3.500,00;;;;
HL4379; Televisão ;2;Marianna;Pestana;25;6/30/2018;Belo Horizonte;R$ 2.500,00;;;;
HL1148; Câmera ;4;Lucas;Rodrigues;63;9/27/2018;Porto Alegre;R$ 2.100,00;;;;
HL1148; Câmera ;4;Marcela;Medeiros;68;08/02/2018;Salvador;R$ 2.100,00;;;;
HL1148; Câmera ;5;Amanda;Amaral;48;5/24/2018;Recife;R$ 2.100,00;;;;
HL1918; iPhone ;3;Marina;Delgado;55;9/21/2018;Salvador;R$ 5.300,00;;;;
HL1918; iPhone ;5;Pedro;Macckione;21;12/23/2018;Fortaleza;R$ 5.300,00;;;;
HL9962; Android ;2;Renan;Cunha;63;7/20/2018;Rio de Janeiro;R$ 3.400,00;;;;
HL8851; Notebook ;2;Fernanda;Junior;89;11/05/2018;Curitiba;R$ 3.500,00;;;;
HL8851; Notebook ;1;Jeferson;Sone;50;10/29/2018;Rio de Janeiro;R$ 3.500,00;;;;
HL1918; iPhone ;5;Carolina;Abrahão;87;10/29/2018;Goiânia;R$ 5.300,00;;;;
HL1918; iPhone ;1;Lucas;Wanderley;67;12/22/2018;São Paulo;R$ 5.300,00;;;;
HL8851; Notebook ;4;Lucas;Coelho;18;10/01/2018;Belo Horizonte;R$ 3.500,00;;;;
HL1918; iPhone ;5;Wilson;Miranda;89;11/12/2018;São Paulo;R$ 5.300,00;;;;
HL1918; iPhone ;3;Andre;Nóbrega;50;5/18/2018;Fortaleza;R$ 5.300,00;;;;
HL1918; iPhone ;1;João;Fonseca;62;3/23/2018;Belo Horizonte;R$ 5.300,00;;;;
HL9962; Android ;5;Raissa;Pinheiro;69;06/05/2018;Recife;R$ 3.400,00;;;;
HL8851; Notebook ;2;Lucas;Reis;79;6/21/2018;Salvador;R$ 3.500,00;;;;
HL4379; Televisão ;4;Eduardo;Soares;24;05/07/2018;Curitiba;R$ 2.500,00;;;;
HL1148; Câmera ;5;Raíza;Lopes;67;07/04/2018;Salvador;R$ 2.100,00;;;;
HL9962; Android ;4;Elaine;Santos;52;11/21/2018;Fortaleza;R$ 3.400,00;;;;
HL1148; Câmera ;3;Paulo;Campos;54;02/05/2018;Rio de Janeiro;R$ 2.100,00;;;;
HL4379; Televisão ;5;Joyce;Medina;85;08/09/2018;Curitiba;R$ 2.500,00;;;;
HL1148; Câmera ;5;Rodrigo;Feijo;28;11/22/2018;Recife;R$ 2.100,00;;;;
HL9962; Android ;5;Jessica;Cordovil;37;11/21/2018;Rio de Janeiro;R$ 3.400,00;;;;
HL9962; Android ;3;Luis;Garcia;48;5/25/2018;São Paulo;R$ 3.400,00;;;;
HL2714; Tablet ;3;Júlia;Almeida;80;11/04/2018;Porto Alegre;R$ 1.600,00;;;;
HL1918; iPhone ;3;Adriana;Carneiro;81;06/07/2018;Curitiba;R$ 5.300,00;;;;
HL8851; Notebook ;4;Jeferson;Costa;19;6/14/2018;Belo Horizonte;R$ 3.500,00;;;;
HL1918; iPhone ;1;Luiz;Limp;27;4/15/2018;São Paulo;R$ 5.300,00;;;;
HL4379; Televisão ;5;David;Campelo;75;04/04/2018;Salvador;R$ 2.500,00;;;;
HL4379; Televisão ;4;Caroll;Johnson;18;1/16/2018;Goiânia;R$ 2.500,00;;;;
HL2714; Tablet ;1;Ives;Pinheiro;40;10/29/2018;Rio de Janeiro;R$ 1.600,00;;;;
HL4379; Televisão ;3;Juliana;Silva;76;8/20/2018;São Paulo;R$ 2.500,00;;;;
HL4379; Televisão ;2;Pedro;Pereira;25;8/23/2018;Porto Alegre;R$ 2.500,00;;;;
HL2714; Tablet ;2;Gabrielle;Silva;20;9/19/2018;Rio de Janeiro;R$ 1.600,00;;;;
HL1918; iPhone ;1;Carlos;Galvão;23;09/05/2018;São Paulo;R$ 5.300,00;;;;
HL7348; SmartWatch ;5;André;Alves;29;9/21/2018;São Paulo;R$ 1.400,00;;;;
HL1918; iPhone ;2;Lucas;Chagas;83;1/28/2018;Rio de Janeiro;R$ 5.300,00;;;;
HL1918; iPhone ;1;Bruna;Franco;48;11/22/2018;São Paulo;R$ 5.300,00;;;;
HL1918; iPhone ;4;Raissa;Maia;63;6/23/2018;Recife;R$ 5.300,00;;;;
HL7348; SmartWatch ;4;Samara;Pinto;26;11/17/2018;Fortaleza;R$ 1.400,00;;;;
HL4379; Televisão ;1;Milena;Almeida;47;10/21/2018;Belo Horizonte;R$ 2.500,00;;;;
HL1918; iPhone ;2;Raphael;Kurtz;44;8/21/2018;Salvador;R$ 5.300,00;;;;
HL4379; Televisão ;4;Gustavo;Azevedo;40;3/18/2018;Rio de Janeiro;R$ 2.500,00;;;;
HL2714; Tablet ;5;Carolina;Carneiro;24;6/13/2018;Salvador;R$ 1.600,00;;;;
HL4379; Televisão ;4;Thais;Rodrigues;21;3/30/2018;Porto Alegre;R$ 2.500,00;;;;
HL9962; Android ;5;Camila;Bastazini;87;3/29/2018;Salvador;R$ 3.400,00;;;;
HL8851; Notebook ;4;Juliana;Souza;40;12/11/2018;São Paulo;R$ 3.500,00;;;;
HL1918; iPhone ;4;Carlos;Mesquita;23;10/21/2018;Fortaleza;R$ 5.300,00;;;;
HL1918; iPhone ;1;Cézar;Santos;55;12/26/2018;Belo Horizonte;R$ 5.300,00;;;;
HL1918; iPhone ;1;Raphael;Coelho;35;07/12/2018;Curitiba;R$ 5.300,00;;;;
HL1918; iPhone ;4;Wendela;Mariz;72;11/22/2018;Curitiba;R$ 5.300,00;;;;
HL7348; SmartWatch ;5;Norman;Jimbo;76;10/05/2018;São Paulo;R$ 1.400,00;;;;
HL9962; Android ;2;Maria;Costa;32;12/09/2018;Salvador;R$ 3.400,00;;;;
HL1148; Câmera ;1;Guilherme;Santos;59;12/14/2018;São Paulo;R$ 2.100,00;;;;
HL8851; Notebook ;3;Thales;Gouvêa;44;8/17/2018;São Paulo;R$ 3.500,00;;;;
HL4379; Televisão ;2;Lenon;Fernandes;36;09/03/2018;Salvador;R$ 2.500,00;;;;
HL1148; Câmera ;1;André;Alves;86;4/20/2018;São Paulo;R$ 2.100,00;;;;
HL4379; Televisão ;5;Beatriz;Santos;67;01/06/2018;Belo Horizonte;R$ 2.500,00;;;;
HL9962; Android ;2;Leticia;Mesquita;79;05/12/2018;São Paulo;R$ 3.400,00;;;;
HL1918; iPhone ;1;Breno;Farias;79;6/20/2018;Porto Alegre;R$ 5.300,00;;;;
HL1918; iPhone ;4;Thales;Gouvêa;34;05/11/2018;Goiânia;R$ 5.300,00;;;;
HL8851; Notebook ;3;Mônica;Rotolo;84;2/23/2018;Curitiba;R$ 3.500,00;;;;
HL9962; Android ;4;Breno;Britto;66;12/27/2018;Rio de Janeiro;R$ 3.400,00;;;;
HL1918; iPhone ;1;Larissa;Jesus;70;02/03/2018;Rio de Janeiro;R$ 5.300,00;;;;
HL1918; iPhone ;2;Felipe;Mendonça;72;1/18/2018;Fortaleza;R$ 5.300,00;;;;
HL1148; Câmera ;1;Rogério;Pereira;45;10/19/2018;Recife;R$ 2.100,00;;;;
HL9962; Android ;3;Bruna;Rangel;51;4/18/2018;São Paulo;R$ 3.400,00;;;;
HL4379; Televisão ;1;Bruno;Silva;39;11/19/2018;Porto Alegre;R$ 2.500,00;;;;
HL4379; Televisão ;3;Lucas;Junior;53;07/01/2018;Salvador;R$ 2.500,00;;;;
HL4379; Televisão ;1;Carlos;Barbosa;85;04/06/2018;São Paulo;R$ 2.500,00;;;;
HL2714; Tablet ;5;Isabelle;Gonçalves;54;6/18/2018;Rio de Janeiro;R$ 1.600,00;;;;
HL7348; SmartWatch ;5;Bruna;Londero;38;12/18/2018;Rio de Janeiro;R$ 1.400,00;;;;
HL9962; Android ;1;Daniela;Rosa;86;06/03/2018;Curitiba;R$ 3.400,00;;;;
HL2714; Tablet ;4;Anderson;Barreto;90;4/14/2018;Porto Alegre;R$ 1.600,00;;;;
HL1918; iPhone ;2;Pedro;Macckione;57;6/30/2018;Porto Alegre;R$ 5.300,00;;;;
HL8851; Notebook ;2;Bruno;Freitas;22;1/17/2018;São Paulo;R$ 3.500,00;;;;
HL4379; Televisão ;1;David;Campelo;50;06/01/2018;São Paulo;R$ 2.500,00;;;;
HL7348; SmartWatch ;2;Lucas;Neto;44;5/17/2018;São Paulo;R$ 1.400,00;;;;
HL1918; iPhone ;3;João;Júnior;26;12/19/2018;Goiânia;R$ 5.300,00;;;;
HL7348; SmartWatch ;3;Mariane;Racy;33;7/31/2018;Rio de Janeiro;R$ 1.400,00;;;;
HL9962; Android ;2;Arthur;Pereira;71;10/08/2018;Recife;R$ 3.400,00;;;;
HL1918; iPhone ;1;Daniela;Pereira;33;4/20/2018;Curitiba;R$ 5.300,00;;;;
HL4379; Televisão ;3;Igor;Lima;24;02/02/2018;Recife;R$ 2.500,00;;;;
HL1918; iPhone ;4;Lucas;Machado;57;07/03/2018;Curitiba;R$ 5.300,00;;;;
HL1918; iPhone ;4;Manuela;Merege;49;01/06/2018;Porto Alegre;R$ 5.300,00;;;;
HL1148; Câmera ;2;Platini;Heimlich;39;04/03/2018;Salvador;R$ 2.100,00;;;;
HL1918; iPhone ;3;Carla;Zakhm;43;6/27/2018;Salvador;R$ 5.300,00;;;;
HL1918; iPhone ;1;Beatriz;Almeida;79;01/09/2018;Porto Alegre;R$ 5.300,00;;;;
HL9962; Android ;5;Eduardo;Soares;51;03/07/2018;São Paulo;R$ 3.400,00;;;;
HL7348; SmartWatch ;4;João;Peçanha;28;02/03/2018;Salvador;R$ 1.400,00;;;;
HL1918; iPhone ;2;Diego;Marchesi;39;03/01/2018;Goiânia;R$ 5.300,00;;;;
HL1148; Câmera ;3;Fernanda;Bhering;31;07/12/2018;Curitiba;R$ 2.100,00;;;;
HL2714; Tablet ;5;Thales;Gouvêa;63;4/17/2018;São Paulo;R$ 1.600,00;;;;
HL2714; Tablet ;1;Lívia;Tanaka;72;9/27/2018;Fortaleza;R$ 1.600,00;;;;
HL7348; SmartWatch ;2;Jonatas;Essaber;88;03/01/2018;Fortaleza;R$ 1.400,00;;;;
HL7348; SmartWatch ;3;Allan;Guedes;84;01/07/2018;Salvador;R$ 1.400,00;;;;
HL1918; iPhone ;4;Caio;Fernandes;54;9/30/2018;São Paulo;R$ 5.300,00;;;;
HL9962; Android ;4;Joyce;Medina;74;09/07/2018;São Paulo;R$ 3.400,00;;;;
HL9962; Android ;4;Ives;Barbosa;82;1/31/2018;São Paulo;R$ 3.400,00;;;;
HL8851; Notebook ;5;Cassio;Faria;88;3/21/2018;Salvador;R$ 3.500,00;;;;
HL1918; iPhone ;4;Bruno;Silva;43;10/02/2018;São Paulo;R$ 5.300,00;;;;
HL4379; Televisão ;1;Marcelo;Pereira;43;1/13/2018;Belo Horizonte;R$ 2.500,00;;;;
HL9962; Android ;2;Isabela;Chagas;55;7/27/2018;Fortaleza;R$ 3.400,00;;;;
HL1918; iPhone ;2;Pedro;Santana;90;7/29/2018;Recife;R$ 5.300,00;;;;
HL1918; iPhone ;5;Maria;Gasperi;31;5/30/2018;Curitiba;R$ 5.300,00;;;;
HL4379; Televisão ;4;Guilherme;Seixas;77;04/12/2018;São Paulo;R$ 2.500,00;;;;
HL1918; iPhone ;2;Pedro;Macckione;42;06/06/2018;Belo Horizonte;R$ 5.300,00;;;;
HL9962; Android ;4;Rachel;Restum;60;07/06/2018;São Paulo;R$ 3.400,00;;;;
HL1918; iPhone ;2;Desirée;Heimlich;58;06/04/2018;Rio de Janeiro;R$ 5.300,00;;;;
HL4379; Televisão ;1;Jessica;Ferreira;79;09/08/2018;Fortaleza;R$ 2.500,00;;;;
HL1918; iPhone ;3;Pedro;Xavier;28;8/18/2018;Rio de Janeiro;R$ 5.300,00;;;;
HL1918; iPhone ;1;Gabriel;Assis;76;11/08/2018;São Paulo;R$ 5.300,00;;;;
HL1148; Câmera ;5;Sylvio;Bernhardt;72;2/22/2018;Fortaleza;R$ 2.100,00;;;;
HL7348; SmartWatch ;1;João;Pedrazza;33;2/26/2018;Rio de Janeiro;R$ 1.400,00;;;;
HL4379; Televisão ;2;Raul;Junqueira;63;12/23/2018;Goiânia;R$ 2.500,00;;;;
HL1918; iPhone ;1;Victoria;Mazza;85;10/30/2018;Salvador;R$ 5.300,00;;;;
HL8851; Notebook ;5;Iuri;Neto;77;5/21/2018;São Paulo;R$ 3.500,00;;;;
HL7348; SmartWatch ;2;Stephanie;Gonçalves;78;1/28/2018;São Paulo;R$ 1.400,00;;;;
HL4379; Televisão ;2;Jônatas;Soares;74;5/22/2018;Goiânia;R$ 2.500,00;;;;
HL4379; Televisão ;3;Renan;Firmino;82;3/30/2018;São Paulo;R$ 2.500,00;;;;
HL1918; iPhone ;2;Lucas;Reis;87;5/16/2018;São Paulo;R$ 5.300,00;;;;
HL4379; Televisão ;3;Giovana;Vilela;76;4/16/2018;Recife;R$ 2.500,00;;;;
HL7348; SmartWatch ;2;Carlos;Azevedo;45;6/18/2018;Rio de Janeiro;R$ 1.400,00;;;;
HL9962; Android ;4;Pedro;Pereira;85;06/08/2018;Belo Horizonte;R$ 3.400,00;;;;
HL4379; Televisão ;4;Jéssica;Teixeira;54;2/16/2018;São Paulo;R$ 2.500,00;;;;
HL1918; iPhone ;4;Karina;Camara;26;03/11/2018;São Paulo;R$ 5.300,00;;;;
HL1918; iPhone ;4;Thales;Andrade;36;02/09/2018;São Paulo;R$ 5.300,00;;;;
HL2714; Tablet ;1;Carolina;Vasconcelos;68;11/10/2018;Fortaleza;R$ 1.600,00;;;;
HL9962; Android ;3;Ana;Miura;30;06/01/2018;Fortaleza;R$ 3.400,00;;;;
HL2714; Tablet ;4;Thaís;Moura;71;06/10/2018;Rio de Janeiro;R$ 1.600,00;;;;
HL8851; Notebook ;3;Bruno;Silva;56;03/11/2018;Salvador;R$ 3.500,00;;;;
HL1148; Câmera ;1;Priscila;Carvalho;53;05/05/2018;Rio de Janeiro;R$ 2.100,00;;;;
HL1918; iPhone ;2;Bruna;Gomes;32;9/27/2018;Fortaleza;R$ 5.300,00;;;;
HL1918; iPhone ;2;Marina;Cormack;51;11/05/2018;Rio de Janeiro;R$ 5.300,00;;;;
HL4379; Televisão ;2;Aline;Morais;20;7/24/2018;São Paulo;R$ 2.500,00;;;;
HL9962; Android ;3;Beatriz;Rocha;52;12/18/2018;Fortaleza;R$ 3.400,00;;;;
HL1918; iPhone ;4;Thiago;Veloso;65;5/28/2018;São Paulo;R$ 5.300,00;;;;
HL1148; Câmera ;1;João;Menezes;28;1/31/2018;Goiânia;R$ 2.100,00;;;;
HL1918; iPhone ;2;Daniel;Terra;90;2/19/2018;São Paulo;R$ 5.300,00;;;;
HL1148; Câmera ;2;Luiza;Cabral;87;06/09/2018;Fortaleza;R$ 2.100,00;;;;
HL1918; iPhone ;5;Tadeu;Nakayama;54;7/23/2018;Salvador;R$ 5.300,00;;;;
HL2714; Tablet ;4;Lucas;Assunção;29;10/22/2018;Salvador;R$ 1.600,00;;;;
HL2714; Tablet ;5;Anderson;Cavalcanti;76;04/08/2018;Goiânia;R$ 1.600,00;;;;
HL1918; iPhone ;4;Carla;Zakhm;48;4/26/2018;Curitiba;R$ 5.300,00;;;;
HL1918; iPhone ;5;Caio;Fernandes;54;1/17/2018;Salvador;R$ 5.300,00;;;;
HL1918; iPhone ;1;Isabela;Teixeira;82;08/06/2018;Recife;R$ 5.300,00;;;;
HL4379; Televisão ;5;Diego;Barros;37;3/25/2018;Porto Alegre;R$ 2.500,00;;;;
HL1918; iPhone ;5;Rafael;Wajnsztok;48;07/07/2018;Salvador;R$ 5.300,00;;;;
HL8851; Notebook ;2;Diego;Barros;73;6/25/2018;São Paulo;R$ 3.500,00;;;;
HL1918; iPhone ;2;Wellington;Duarte;76;07/11/2018;São Paulo;R$ 5.300,00;;;;
HL1918; iPhone ;3;Sthefeson;Pereira;83;11/14/2018;São Paulo;R$ 5.300,00;;;;
HL8851; Notebook ;2;Katharina;Barros;87;5/26/2018;Rio de Janeiro;R$ 3.500,00;;;;
HL9962; Android ;3;Thaís;Pereira;24;2/23/2018;Rio de Janeiro;R$ 3.400,00;;;;
HL1918; iPhone ;3;Luiz;Mendonça;53;09/12/2018;São Paulo;R$ 5.300,00;;;;
HL1148; Câmera ;3;Stephanie;Oliveira;47;6/19/2018;São Paulo;R$ 2.100,00;;;;
HL1918; iPhone ;3;Gabriel;Assis;44;02/11/2018;Salvador;R$ 5.300,00;;;;
HL4379; Televisão ;3;Hygor;Essaber;34;4/13/2018;São Paulo;R$ 2.500,00;;;;
HL1918; iPhone ;5;Thiago;Lima;36;9/16/2018;Goiânia;R$ 5.300,00;;;;
HL1918; iPhone ;1;Filipe;Barros;38;8/28/2018;São Paulo;R$ 5.300,00;;;;
HL9962; Android ;3;Raul;Silveira;24;3/22/2018;Rio de Janeiro;R$ 3.400,00;;;;
HL1918; iPhone ;4;Daniel;Sousa;86;12/24/2018;Salvador;R$ 5.300,00;;;;
HL1918; iPhone ;5;Carolina;Rocha;20;4/20/2018;Rio de Janeiro;R$ 5.300,00;;;;
HL2714; Tablet ;1;Leandro;Melo;23;10/04/2018;São Paulo;R$ 1.600,00;;;;
HL7348; SmartWatch ;2;Bruna;Brandao;47;03/10/2018;Rio de Janeiro;R$ 1.400,00;;;;
HL1918; iPhone ;2;Lázaro;Villanova;58;6/23/2018;Rio de Janeiro;R$ 5.300,00;;;;
HL9962; Android ;4;Antonio;Bernhardt;82;9/27/2018;Curitiba;R$ 3.400,00;;;;
HL9962; Android ;3;Laura;Araujo;67;11/08/2018;Belo Horizonte;R$ 3.400,00;;;;
HL9962; Android ;3;Raul;Silveira;47;02/07/2018;Rio de Janeiro;R$ 3.400,00;;;;
HL7348; SmartWatch ;1;Júlio;Freire;83;3/26/2018;Salvador;R$ 1.400,00;;;;
HL9962; Android ;5;Rebeca;Manhães;84;12/23/2018;Recife;R$ 3.400,00;;;;
HL1148; Câmera ;4;Lucas;Destri;63;11/15/2018;Porto Alegre;R$ 2.100,00;;;;
HL1918; iPhone ;5;Julia;Leig;48;2/27/2018;Salvador;R$ 5.300,00;;;;
HL4379; Televisão ;2;Ana;Felippe;51;4/24/2018;Curitiba;R$ 2.500,00;;;;
HL8851; Notebook ;5;Lucas;Almeida;73;1/27/2018;Porto Alegre;R$ 3.500,00;;;;
HL1918; iPhone ;3;Aline;Mello;57;08/08/2018;Recife;R$ 5.300,00;;;;
HL4379; Televisão ;1;Beatriz;Silva;69;4/14/2018;Goiânia;R$ 2.500,00;;;;
HL4379; Televisão ;5;Julia;Aliani;41;1/21/2018;São Paulo;R$ 2.500,00;;;;
HL8851; Notebook ;1;Mariane;Ferreira;18;6/26/2018;Rio de Janeiro;R$ 3.500,00;;;;
HL8851; Notebook ;1;Laís;Oliveira;60;08/04/2018;Recife;R$ 3.500,00;;;;
HL9962; Android ;3;Priscila;Garcia;68;06/12/2018;Fortaleza;R$ 3.400,00;;;;
HL4379; Televisão ;1;João;Monteiro;55;11/07/2018;Salvador;R$ 2.500,00;;;;
HL4379; Televisão ;3;Ulisses;Filho;82;10/18/2018;Recife;R$ 2.500,00;;;;
HL9962; Android ;2;Michelle;Miura;24;7/27/2018;São Paulo;R$ 3.400,00;;;;
HL1148; Câmera ;5;Breno;Caputo;36;08/08/2018;Recife;R$ 2.100,00;;;;
HL9962; Android ;3;David;Campelo;68;6/16/2018;Recife;R$ 3.400,00;;;;
HL1918; iPhone ;1;Aline;Andrade;68;08/08/2018;São Paulo;R$ 5.300,00;;;;
HL4379; Televisão ;5;Mariana;Miranda;66;2/24/2018;Salvador;R$ 2.500,00;;;;
HL9962; Android ;1;Thales;Fanara;27;8/24/2018;Fortaleza;R$ 3.400,00;;;;
HL4379; Televisão ;2;Sthefeson;Kohn;66;9/28/2018;São Paulo;R$ 2.500,00;;;;
HL2714; Tablet ;1;Lucas;Costa;74;09/07/2018;Porto Alegre;R$ 1.600,00;;;;
HL4379; Televisão ;3;Camilla;Guimarães;78;03/04/2018;Fortaleza;R$ 2.500,00;;;;
HL4379; Televisão ;5;Rodrigo;Ramos;35;7/21/2018;São Paulo;R$ 2.500,00;;;;
HL1148; Câmera ;5;Pedro;Oliveira;28;07/06/2018;Fortaleza;R$ 2.100,00;;;;
HL1918; iPhone ;5;Adrielle;Gabriel;22;2/17/2018;Salvador;R$ 5.300,00;;;;
HL2714; Tablet ;5;Joyce;Souza;63;1/19/2018;São Paulo;R$ 1.600,00;;;;
HL1918; iPhone ;2;Giuseppe;Borges;33;10/28/2018;Salvador;R$ 5.300,00;;;;
HL1918; iPhone ;1;Rafael;Guimarães;67;4/23/2018;Rio de Janeiro;R$ 5.300,00;;;;
HL9962; Android ;3;Daniel;Araujo;67;12/29/2018;Porto Alegre;R$ 3.400,00;;;;
HL4379; Televisão ;1;João;Júnior;61;9/18/2018;Fortaleza;R$ 2.500,00;;;;
HL9962; Android ;1;Wendela;Mariz;36;10/30/2018;Salvador;R$ 3.400,00;;;;
HL1918; iPhone ;2;Isabela;Rodrigues;27;09/08/2018;Goiânia;R$ 5.300,00;;;;
HL4379; Televisão ;1;Paula;Carneiro;28;6/16/2018;Belo Horizonte;R$ 2.500,00;;;;
HL7348; SmartWatch ;3;Raul;Junqueira;65;5/13/2018;Recife;R$ 1.400,00;;;;
HL1918; iPhone ;3;Vitor;Arruda;60;7/20/2018;Fortaleza;R$ 5.300,00;;;;
HL1918; iPhone ;4;Maria;Motta;27;6/27/2018;São Paulo;R$ 5.300,00;;;;
HL4379; Televisão ;4;Jônatas;Tanaka;51;7/14/2018;São Paulo;R$ 2.500,00;;;;
HL7348; SmartWatch ;2;Pedro;Oliveira;84;06/03/2018;Rio de Janeiro;R$ 1.400,00;;;;
HL1148; Câmera ;5;Khaio;Mesquita;61;03/05/2018;Salvador;R$ 2.100,00;;;;
HL9962; Android ;3;Breno;Costa;43;08/04/2018;Salvador;R$ 3.400,00;;;;
HL2714; Tablet ;5;Ulisses;Arruda;71;1/14/2018;Belo Horizonte;R$ 1.600,00;;;;
HL1148; Câmera ;2;Ana;Felippe;60;5/15/2018;Salvador;R$ 2.100,00;;;;
HL7348; SmartWatch ;4;Fernanda;Silva;66;7/17/2018;Recife;R$ 1.400,00;;;;
HL1148; Câmera ;1;Marcela;Gasperi;75;6/17/2018;Recife;R$ 2.100,00;;;;
HL9962; Android ;1;Jonatas;Essaber;61;06/05/2018;Fortaleza;R$ 3.400,00;;;;
HL1918; iPhone ;5;Alon;Pestana;45;03/09/2018;Salvador;R$ 5.300,00;;;;
HL4379; Televisão ;1;Felipe;Freitas;35;12/11/2018;Rio de Janeiro;R$ 2.500,00;;;;
HL1918; iPhone ;5;Paulo;Campos;84;12/29/2018;São Paulo;R$ 5.300,00;;;;
HL1918; iPhone ;4;Mônica;Rotolo;63;1/15/2018;Goiânia;R$ 5.300,00;;;;
HL4379; Televisão ;5;Isabela;Rodrigues;62;3/27/2018;Fortaleza;R$ 2.500,00;;;;
HL7348; SmartWatch ;2;João;Ribeiro;54;4/13/2018;Fortaleza;R$ 1.400,00;;;;
HL1918; iPhone ;2;Thiago;Lima;47;11/18/2018;Rio de Janeiro;R$ 5.300,00;;;;
HL9962; Android ;5;Matheus;Gomes;43;7/17/2018;Salvador;R$ 3.400,00;;;;
HL8851; Notebook ;1;Fabio;Sepúlveda;90;5/25/2018;Salvador;R$ 3.500,00;;;;
HL8851; Notebook ;1;Juliana;Pacheco;45;11/05/2018;São Paulo;R$ 3.500,00;;;;
HL9962; Android ;5;Sthefeson;Pereira;62;9/15/2018;Belo Horizonte;R$ 3.400,00;;;;
HL2714; Tablet ;5;Lucas;Machado;73;4/18/2018;Recife;R$ 1.600,00;;;;
HL8851; Notebook ;4;Mariane;Ferreira;47;12/18/2018;São Paulo;R$ 3.500,00;;;;
HL4379; Televisão ;5;Lucas;Reis;73;07/06/2018;Rio de Janeiro;R$ 2.500,00;;;;
HL4379; Televisão ;4;Monique;Vasconcelos;75;6/30/2018;São Paulo;R$ 2.500,00;;;;
HL4379; Televisão ;2;Juliana;Hollander;47;03/09/2018;Rio de Janeiro;R$ 2.500,00;;;;
HL4379; Televisão ;5;Mariana;Rotava;32;01/12/2018;Porto Alegre;R$ 2.500,00;;;;
HL1918; iPhone ;1;Wilson;Farias;34;5/23/2018;São Paulo;R$ 5.300,00;;;;
HL1918; iPhone ;3;Lívia;Marques;76;1/15/2018;Salvador;R$ 5.300,00;;;;
HL7348; SmartWatch ;4;Deysiane;Bach;86;2/13/2018;Rio de Janeiro;R$ 1.400,00;;;;
HL2714; Tablet ;1;Gabriel;Soares;30;01/09/2018;São Paulo;R$ 1.600,00;;;;
HL8851; Notebook ;4;Gabriela;Cavalcanti;63;6/23/2018;Curitiba;R$ 3.500,00;;;;
HL9962; Android ;2;Rafael;Ramos;23;7/24/2018;Belo Horizonte;R$ 3.400,00;;;;
HL9962; Android ;4;Victor;Ferreira;52;05/11/2018;Salvador;R$ 3.400,00;;;;
HL9962; Android ;3;Adrielle;Forte;25;1/31/2018;Belo Horizonte;R$ 3.400,00;;;;
HL7348; SmartWatch ;3;João;Castilho;59;11/14/2018;São Paulo;R$ 1.400,00;;;;
HL7348; SmartWatch ;5;Jeferson;Costa;30;3/20/2018;Goiânia;R$ 1.400,00;;;;
HL4379; Televisão ;2;Ana;Monte;55;3/18/2018;Fortaleza;R$ 2.500,00;;;;
HL1148; Câmera ;5;Renan;Nascimento;18;2/15/2018;Rio de Janeiro;R$ 2.100,00;;;;
HL1918; iPhone ;1;Matheus;Gomes;30;2/27/2018;Porto Alegre;R$ 5.300,00;;;;
HL1918; iPhone ;4;João;Oliveira;34;7/31/2018;Recife;R$ 5.300,00;;;;
HL9962; Android ;3;Victor;Magalhães;87;7/21/2018;Rio de Janeiro;R$ 3.400,00;;;;
HL9962; Android ;5;Raphael;Machado;49;03/08/2018;Rio de Janeiro;R$ 3.400,00;;;;
HL4379; Televisão ;1;Mateus;Franco;38;10/14/2018;Belo Horizonte;R$ 2.500,00;;;;
HL7348; SmartWatch ;4;Gabriel;Silva;52;5/24/2018;Porto Alegre;R$ 1.400,00;;;;
HL1918; iPhone ;5;Pedro;Ferrari;84;6/23/2018;Fortaleza;R$ 5.300,00;;;;
HL4379; Televisão ;5;Eric;Júnior;66;9/16/2018;Curitiba;R$ 2.500,00;;;;
HL7348; SmartWatch ;3;Lunna;Vannier;24;07/03/2018;Porto Alegre;R$ 1.400,00;;;;
HL4379; Televisão ;3;Antonio;Manhães;28;2/23/2018;Fortaleza;R$ 2.500,00;;;;
HL7348; SmartWatch ;5;Gabriel;Silva;42;11/01/2018;São Paulo;R$ 1.400,00;;;;
HL8851; Notebook ;2;Eduardo;Silva;30;04/04/2018;São Paulo;R$ 3.500,00;;;;
HL2714; Tablet ;3;Julie;Ferreira;71;06/07/2018;Belo Horizonte;R$ 1.600,00;;;;
HL8851; Notebook ;1;Thomáz;Bôas;41;1/21/2018;Salvador;R$ 3.500,00;;;;
HL1918; iPhone ;1;Luis;Silva;71;9/14/2018;São Paulo;R$ 5.300,00;;;;
HL8851; Notebook ;5;Yasmim;Bittencourt;66;10/07/2018;Fortaleza;R$ 3.500,00;;;;
HL1148; Câmera ;2;Raíza;Lopes;51;3/17/2018;Salvador;R$ 2.100,00;;;;
HL9962; Android ;5;Maike;Pereira;35;7/20/2018;Curitiba;R$ 3.400,00;;;;
HL7348; SmartWatch ;3;Wilson;Vianna;34;09/08/2018;São Paulo;R$ 1.400,00;;;;
HL4379; Televisão ;5;Amanda;Machado;24;08/07/2018;Salvador;R$ 2.500,00;;;;
HL8851; Notebook ;4;Gabriel;Ribeiro;35;09/02/2018;São Paulo;R$ 3.500,00;;;;
HL9962; Android ;2;João;Menezes;55;4/14/2018;São Paulo;R$ 3.400,00;;;;
HL8851; Notebook ;5;Raul;Junqueira;76;9/15/2018;São Paulo;R$ 3.500,00;;;;
HL7348; SmartWatch ;4;Ana;Felippe;34;04/12/2018;Porto Alegre;R$ 1.400,00;;;;
HL1918; iPhone ;4;Rafael;Portela;84;10/20/2018;Salvador;R$ 5.300,00;;;;
HL7348; SmartWatch ;1;Michelle;Figueiredo;28;07/02/2018;Salvador;R$ 1.400,00;;;;
HL4379; Televisão ;3;Daniel;Terra;61;01/07/2018;Recife;R$ 2.500,00;;;;
HL8851; Notebook ;2;Daniel;Alcoforado;53;7/29/2018;Curitiba;R$ 3.500,00;;;;
HL1918; iPhone ;2;Ana;Miura;21;11/29/2018;Rio de Janeiro;R$ 5.300,00;;;;
HL1918; iPhone ;4;Lucas;Villanova;48;3/27/2018;Goiânia;R$ 5.300,00;;;;
HL4379; Televisão ;5;Lucas;Monte;61;08/11/2018;Goiânia;R$ 2.500,00;;;;
HL8851; Notebook ;5;Alexandre;Rodriguez;89;01/09/2018;São Paulo;R$ 3.500,00;;;;
HL4379; Televisão ;1;Lucas;Aragão;27;12/04/2018;Porto Alegre;R$ 2.500,00;;;;
HL1918; iPhone ;3;Raíssa;Nimer;34;5/17/2018;Rio de Janeiro;R$ 5.300,00;;;;
HL9962; Android ;2;Pedro;Macckione;42;2/15/2018;Recife;R$ 3.400,00;;;;
HL9962; Android ;4;João;Guadagnino;69;1/16/2018;São Paulo;R$ 3.400,00;;;;
HL4379; Televisão ;4;Jéssica;Stefanelli;77;7/17/2018;São Paulo;R$ 2.500,00;;;;
HL7348; SmartWatch ;1;Cézar;Santos;25;4/14/2018;Porto Alegre;R$ 1.400,00;;;;
HL9962; Android ;2;Ruan;Lopes;29;10/17/2018;São Paulo;R$ 3.400,00;;;;
HL9962; Android ;1;Ana;Silva;80;10/05/2018;Goiânia;R$ 3.400,00;;;;
HL4379; Televisão ;5;Fernanda;Rubim;68;3/18/2018;Recife;R$ 2.500,00;;;;
HL7348; SmartWatch ;1;Luiz;Mendonça;85;5/31/2018;São Paulo;R$ 1.400,00;;;;
HL2714; Tablet ;1;Thales;Santos;23;12/15/2018;São Paulo;R$ 1.600,00;;;;
HL1148; Câmera ;1;Bianca;Procaci;72;3/29/2018;Rio de Janeiro;R$ 2.100,00;;;;
HL8851; Notebook ;5;Rilson;Guedes;87;04/02/2018;Fortaleza;R$ 3.500,00;;;;
HL8851; Notebook ;2;Milena;Pereira;38;10/16/2018;Rio de Janeiro;R$ 3.500,00;;;;
HL4379; Televisão ;5;Rafael;Wajnsztok;73;04/09/2018;Fortaleza;R$ 2.500,00;;;;
HL2714; Tablet ;2;Carolina;Brum;88;8/30/2018;Rio de Janeiro;R$ 1.600,00;;;;
HL7348; SmartWatch ;5;Adriane;Chagas;75;07/01/2018;Curitiba;R$ 1.400,00;;;;
HL1148; Câmera ;4;Julia;Silva;20;01/01/2018;Belo Horizonte;R$ 2.100,00;;;;
HL4379; Televisão ;1;Lívia;Tanaka;61;06/12/2018;Goiânia;R$ 2.500,00;;;;
HL8851; Notebook ;4;Wilson;Farias;31;12/12/2018;São Paulo;R$ 3.500,00;;;;
HL1148; Câmera ;2;Beatriz;Silva;90;04/03/2018;São Paulo;R$ 2.100,00;;;;
HL4379; Televisão ;2;Norman;Jimbo;58;2/13/2018;Rio de Janeiro;R$ 2.500,00;;;;
HL2714; Tablet ;3;Guilherme;Assis;33;11/13/2018;São Paulo;R$ 1.600,00;;;;
HL8851; Notebook ;3;Joyce;Souza;85;9/17/2018;Curitiba;R$ 3.500,00;;;;
HL8851; Notebook ;2;Camila;Bastazini;49;11/06/2018;São Paulo;R$ 3.500,00;;;;
HL4379; Televisão ;3;Lucas;Freitas;39;6/30/2018;Goiânia;R$ 2.500,00;;;;
HL1918; iPhone ;2;Julie;Ferreira;42;6/26/2018;Belo Horizonte;R$ 5.300,00;;;;
HL9962; Android ;1;Thainá;Binello;26;7/17/2018;Rio de Janeiro;R$ 3.400,00;;;;
HL1918; iPhone ;2;Luiza;Procaci;47;1/13/2018;São Paulo;R$ 5.300,00;;;;
HL1918; iPhone ;4;Thiago;Nóbrega;80;10/03/2018;São Paulo;R$ 5.300,00;;;;
HL1918; iPhone ;1;Catarina;Teixeira;51;4/19/2018;Porto Alegre;R$ 5.300,00;;;;
HL4379; Televisão ;1;Lucas;Machado;74;5/16/2018;Rio de Janeiro;R$ 2.500,00;;;;
HL4379; Televisão ;3;Maria;Cardoso;61;09/03/2018;Curitiba;R$ 2.500,00;;;;
HL1148; Câmera ;1;Thomáz;Vannier;50;02/07/2018;Salvador;R$ 2.100,00;;;;
HL4379; Televisão ;5;Natália;Appel;47;10/19/2018;Belo Horizonte;R$ 2.500,00;;;;
HL1918; iPhone ;4;Maria;Correa;26;11/14/2018;Salvador;R$ 5.300,00;;;;
HL1918; iPhone ;5;Ana;Felippe;67;06/10/2018;Rio de Janeiro;R$ 5.300,00;;;;
HL2714; Tablet ;1;Kimberly;Sad;60;02/09/2018;Salvador;R$ 1.600,00;;;;
HL1918; iPhone ;5;Thayna;Martins;81;7/28/2018;Fortaleza;R$ 5.300,00;;;;
HL1918; iPhone ;4;Raissa;Sales;88;03/03/2018;Belo Horizonte;R$ 5.300,00;;;;
HL1918; iPhone ;1;Guilherme;Merotto;52;5/14/2018;Belo Horizonte;R$ 5.300,00;;;;
HL4379; Televisão ;3;Eric;Júnior;29;10/17/2018;São Paulo;R$ 2.500,00;;;;
HL4379; Televisão ;3;Diego;Marchesi;57;3/29/2018;Rio de Janeiro;R$ 2.500,00;;;;
HL8851; Notebook ;4;Caio;Vianna;73;5/21/2018;Curitiba;R$ 3.500,00;;;;
HL1918; iPhone ;1;Rafael;Portela;39;1/23/2018;Porto Alegre;R$ 5.300,00;;;;
HL2714; Tablet ;4;Igor;Azevedo;62;04/07/2018;Rio de Janeiro;R$ 1.600,00;;;;
HL7348; SmartWatch ;1;Bruna;Rosa;86;2/22/2018;Rio de Janeiro;R$ 1.400,00;;;;
HL1918; iPhone ;2;Paulo;Campos;85;10/11/2018;Belo Horizonte;R$ 5.300,00;;;;
HL4379; Televisão ;5;Luis;Oliveira;78;07/09/2018;São Paulo;R$ 2.500,00;;;;
HL4379; Televisão ;4;Pedro;Conceição;60;5/14/2018;Goiânia;R$ 2.500,00;;;;
HL1918; iPhone ;3;José;Carvalho;23;11/03/2018;Rio de Janeiro;R$ 5.300,00;;;;
HL8851; Notebook ;5;Mariana;Rotava;21;1/29/2018;São Paulo;R$ 3.500,00;;;;
HL4379; Televisão ;4;Hércules;Júnior;47;07/04/2018;Porto Alegre;R$ 2.500,00;;;;
HL1918; iPhone ;2;Caio;Ferreira;64;6/14/2018;Rio de Janeiro;R$ 5.300,00;;;;
HL1918; iPhone ;2;Tainah;Nogueira;44;01/11/2018;Curitiba;R$ 5.300,00;;;;
HL1918; iPhone ;2;Wilson;Vianna;34;05/05/2018;Rio de Janeiro;R$ 5.300,00;;;;
HL8851; Notebook ;1;Miguel;Carneiro;74;12/04/2018;Rio de Janeiro;R$ 3.500,00;;;;
HL1918; iPhone ;5;Ana;Fioretti;42;01/01/2018;Rio de Janeiro;R$ 5.300,00;;;;
HL7348; SmartWatch ;5;Gabriel;Almeida;30;4/19/2018;São Paulo;R$ 1.400,00;;;;
HL7348; SmartWatch ;5;Debora;Silva;69;06/12/2018;Goiânia;R$ 1.400,00;;;;
HL4379; Televisão ;2;Mariana;Rotava;66;02/05/2018;Porto Alegre;R$ 2.500,00;;;;
HL4379; Televisão ;1;David;Campelo;41;05/03/2018;Recife;R$ 2.500,00;;;;
HL1918; iPhone ;2;Danilo;Alves;62;06/07/2018;São Paulo;R$ 5.300,00;;;;
HL1918; iPhone ;3;Thais;Rodrigues;64;09/02/2018;Curitiba;R$ 5.300,00;;;;
HL1148; Câmera ;4;Rodrigo;Mendes;78;7/20/2018;Goiânia;R$ 2.100,00;;;;
HL7348; SmartWatch ;4;Roger;Rosa;60;10/17/2018;São Paulo;R$ 1.400,00;;;;
HL8851; Notebook ;1;Lázaro;Villanova;52;10/12/2018;São Paulo;R$ 3.500,00;;;;
HL4379; Televisão ;1;Hiaiune;Valim;65;05/10/2018;Salvador;R$ 2.500,00;;;;
HL8851; Notebook ;3;Victor;Magalhães;40;3/30/2018;Rio de Janeiro;R$ 3.500,00;;;;
HL4379; Televisão ;1;Bruna;Ramos;89;11/12/2018;Belo Horizonte;R$ 2.500,00;;;;
HL2714; Tablet ;5;Leandro;Ferreira;59;2/25/2018;Salvador;R$ 1.600,00;;;;
HL4379; Televisão ;5;Lucas;Neto;30;07/03/2018;Curitiba;R$ 2.500,00;;;;
HL1918; iPhone ;4;Guilherme;Merotto;60;07/01/2018;São Paulo;R$ 5.300,00;;;;
HL8851; Notebook ;5;Eduardo;Ferreira;53;04/05/2018;Curitiba;R$ 3.500,00;;;;
HL1918; iPhone ;2;Julia;Teixeira;69;04/09/2018;São Paulo;R$ 5.300,00;;;;
HL2714; Tablet ;3;Carla;Zakhm;56;4/26/2018;Fortaleza;R$ 1.600,00;;;;
HL1148; Câmera ;5;Mateus;Maia;63;1/17/2018;Fortaleza;R$ 2.100,00;;;;
HL4379; Televisão ;4;Danilo;Mendonça;85;08/04/2018;São Paulo;R$ 2.500,00;;;;
HL4379; Televisão ;1;Giulia;Pessanha;19;06/08/2018;Fortaleza;R$ 2.500,00;;;;
HL1918; iPhone ;5;David;Assumpção;72;10/05/2018;Fortaleza;R$ 5.300,00;;;;
HL8851; Notebook ;4;Marcelo;Pereira;26;10/20/2018;São Paulo;R$ 3.500,00;;;;
HL1918; iPhone ;3;Daniela;Andrada;28;4/20/2018;São Paulo;R$ 5.300,00;;;;
HL1918; iPhone ;2;Mariana;Baptista;73;9/22/2018;Rio de Janeiro;R$ 5.300,00;;;;
HL9962; Android ;2;Lucas;Machado;66;03/03/2018;São Paulo;R$ 3.400,00;;;;
HL8851; Notebook ;4;Isaac;Santos;71;08/03/2018;Rio de Janeiro;R$ 3.500,00;;;;
HL2714; Tablet ;4;Beatriz;Nogueira;80;10/08/2018;Salvador;R$ 1.600,00;;;;
HL8851; Notebook ;5;Wellington;Duarte;30;01/10/2018;Curitiba;R$ 3.500,00;;;;
HL1148; Câmera ;1;Felipe;Jorge;40;9/20/2018;Rio de Janeiro;R$ 2.100,00;;;;
HL4379; Televisão ;1;Mariana;Miranda;32;8/13/2018;Fortaleza;R$ 2.500,00;;;;
HL9962; Android ;5;Stefan;Nunes;44;11/12/2018;Goiânia;R$ 3.400,00;;;;
HL9962; Android ;5;Lenon;Fernandes;87;05/11/2018;Porto Alegre;R$ 3.400,00;;;;
HL7348; SmartWatch ;2;Roberto;Mattos;87;02/02/2018;São Paulo;R$ 1.400,00;;;;
HL1918; iPhone ;1;Maria;Junior;59;06/01/2018;Rio de Janeiro;R$ 5.300,00;;;;
HL4379; Televisão ;1;Daniela;Rosa;44;1/13/2018;Goiânia;R$ 2.500,00;;;;
HL8851; Notebook ;4;Lucas;Lemos;18;9/24/2018;Recife;R$ 3.500,00;;;;
HL7348; SmartWatch ;2;Gustavo;Azevedo;30;5/18/2018;Salvador;R$ 1.400,00;;;;
HL4379; Televisão ;4;Breno;Costa;52;03/03/2018;Goiânia;R$ 2.500,00;;;;
HL1148; Câmera ;2;Maria;Moita;70;9/25/2018;Rio de Janeiro;R$ 2.100,00;;;;
HL1148; Câmera ;4;Ana;Campos;49;5/14/2018;São Paulo;R$ 2.100,00;;;;
HL1148; Câmera ;3;Maria;Mello;53;01/12/2018;Curitiba;R$ 2.100,00;;;;
HL9962; Android ;2;Rodrigo;Feijo;85;12/01/2018;Belo Horizonte;R$ 3.400,00;;;;
HL2714; Tablet ;1;Thiago;Nóbrega;24;11/05/2018;Goiânia;R$ 1.600,00;;;;
HL2714; Tablet ;3;Victor;Soares;23;07/06/2018;São Paulo;R$ 1.600,00;;;;
HL1148; Câmera ;3;Carlos;Araujo;53;6/24/2018;Belo Horizonte;R$ 2.100,00;;;;
HL7348; SmartWatch ;4;Isabella;Rodrigues;65;10/18/2018;Fortaleza;R$ 1.400,00;;;;
HL1918; iPhone ;4;Breno;Varella;53;6/22/2018;Rio de Janeiro;R$ 5.300,00;;;;
HL4379; Televisão ;1;Wellington;Duarte;73;11/29/2018;Salvador;R$ 2.500,00;;;;
HL1918; iPhone ;1;Rafael;Ramos;38;6/23/2018;São Paulo;R$ 5.300,00;;;;
HL8851; Notebook ;4;Lucas;Freitas;37;10/21/2018;Fortaleza;R$ 3.500,00;;;;
HL1148; Câmera ;4;Rodrigo;Bruno;79;6/21/2018;São Paulo;R$ 2.100,00;;;;
HL8851; Notebook ;1;Rodrigo;Mendes;39;06/05/2018;Recife;R$ 3.500,00;;;;
HL9962; Android ;2;Thiago;Veloso;21;1/28/2018;Porto Alegre;R$ 3.400,00;;;;
HL1918; iPhone ;5;Maria;Assumpção;79;8/17/2018;Salvador;R$ 5.300,00;;;;
HL1918; iPhone ;1;David;Vasconcelos;81;7/19/2018;Salvador;R$ 5.300,00;;;;
HL1148; Câmera ;1;João;Menezes;78;6/25/2018;Recife;R$ 2.100,00;;;;
HL2714; Tablet ;2;Gabriel;Soares;48;11/20/2018;Porto Alegre;R$ 1.600,00;;;;
HL1148; Câmera ;3;Ulisses;Filho;20;03/08/2018;Curitiba;R$ 2.100,00;;;;
HL4379; Televisão ;5;Julia;Silva;31;10/09/2018;Porto Alegre;R$ 2.500,00;;;;
HL1918; iPhone ;1;Ana;Almeida;60;3/28/2018;Salvador;R$ 5.300,00;;;;
HL4379; Televisão ;4;Bernardo;Botelho;72;12/05/2018;Fortaleza;R$ 2.500,00;;;;
HL1918; iPhone ;4;Bernard;Pedrosa;54;10/07/2018;Curitiba;R$ 5.300,00;;;;
HL8851; Notebook ;3;Maria;Gasperi;25;09/11/2018;Rio de Janeiro;R$ 3.500,00;;;;
HL1148; Câmera ;4;Eduardo;Vargas;43;7/17/2018;Salvador;R$ 2.100,00;;;;
HL1918; iPhone ;2;Ana;Felippe;50;9/19/2018;Rio de Janeiro;R$ 5.300,00;;;;
HL4379; Televisão ;5;Henrique;Lencastre;88;05/07/2018;Goiânia;R$ 2.500,00;;;;
HL4379; Televisão ;1;Bernardo;Soares;23;2/15/2018;Porto Alegre;R$ 2.500,00;;;;
HL4379; Televisão ;3;Alexandre;Dantas;60;09/10/2018;Rio de Janeiro;R$ 2.500,00;;;;
HL4379; Televisão ;1;Jônatas;Tanaka;45;8/23/2018;Goiânia;R$ 2.500,00;;;;
HL1148; Câmera ;5;Karina;Camara;27;7/14/2018;Porto Alegre;R$ 2.100,00;;;;
HL8851; Notebook ;3;Kimberly;Sad;72;8/17/2018;Rio de Janeiro;R$ 3.500,00;;;;
HL4379; Televisão ;5;Jorge;Fonseca;18;11/16/2018;São Paulo;R$ 2.500,00;;;;
HL9962; Android ;3;Ana;Gomes;88;12/25/2018;Rio de Janeiro;R$ 3.400,00;;;;
HL4379; Televisão ;2;Joao;Silva;42;07/02/2018;Belo Horizonte;R$ 2.500,00;;;;
HL4379; Televisão ;3;Wilson;Meirelles;44;10/20/2018;São Paulo;R$ 2.500,00;;;;
HL4379; Televisão ;1;Luiza;Johnson;53;3/19/2018;São Paulo;R$ 2.500,00;;;;
HL2714; Tablet ;3;Luis;Souza;45;9/21/2018;São Paulo;R$ 1.600,00;;;;
HL4379; Televisão ;4;Pedro;Pereira;63;10/28/2018;Curitiba;R$ 2.500,00;;;;
HL8851; Notebook ;2;Raíza;Lopes;65;8/26/2018;Curitiba;R$ 3.500,00;;;;
HL4379; Televisão ;3;Larissa;Jesus;64;01/10/2018;São Paulo;R$ 2.500,00;;;;
HL7348; SmartWatch ;3;Rilson;Guedes;83;06/01/2018;Curitiba;R$ 1.400,00;;;;
HL1918; iPhone ;5;Gabriel;Thoni;84;12/25/2018;Fortaleza;R$ 5.300,00;;;;
HL4379; Televisão ;4;Paula;Cavalcanti;33;2/18/2018;Belo Horizonte;R$ 2.500,00;;;;
HL1148; Câmera ;1;Brenno;Santos;26;8/31/2018;São Paulo;R$ 2.100,00;;;;
HL1918; iPhone ;4;Rafaela;Feio;31;11/23/2018;Fortaleza;R$ 5.300,00;;;;
HL1918; iPhone ;4;Eduardo;Quindeler;18;1/19/2018;Recife;R$ 5.300,00;;;;
HL2714; Tablet ;1;Gabriela;Mello;71;04/03/2018;Rio de Janeiro;R$ 1.600,00;;;;
HL4379; Televisão ;5;Thayane;Resende;28;4/23/2018;Goiânia;R$ 2.500,00;;;;
HL1148; Câmera ;1;Juliana;Mesquita;72;07/12/2018;Porto Alegre;R$ 2.100,00;;;;
HL1918; iPhone ;3;Pedro;Pereira;57;04/09/2018;Fortaleza;R$ 5.300,00;;;;
HL9962; Android ;4;Kimberly;Sad;49;7/30/2018;São Paulo;R$ 3.400,00;;;;
HL4379; Televisão ;2;Thiago;Veiga;83;6/16/2018;Rio de Janeiro;R$ 2.500,00;;;;
HL1918; iPhone ;5;Glenda;Santos;69;12/08/2018;Belo Horizonte;R$ 5.300,00;;;;
HL7348; SmartWatch ;3;Luiz;Freire;81;6/21/2018;Salvador;R$ 1.400,00;;;;
HL4379; Televisão ;4;Patrícia;Fernandes;31;9/25/2018;Porto Alegre;R$ 2.500,00;;;;
HL7348; SmartWatch ;3;Allan;Candido;33;12/28/2018;São Paulo;R$ 1.400,00;;;;
HL1918; iPhone ;1;Juliana;Guimarães;73;7/27/2018;São Paulo;R$ 5.300,00;;;;
HL2714; Tablet ;2;Beatriz;Perdomo;55;5/29/2018;Porto Alegre;R$ 1.600,00;;;;
HL1918; iPhone ;4;Lucas;Valim;58;09/04/2018;Fortaleza;R$ 5.300,00;;;;
HL4379; Televisão ;5;Pedro;Ferrari;25;02/06/2018;São Paulo;R$ 2.500,00;;;;
HL2714; Tablet ;2;Myllena;Corrêa;41;8/27/2018;Goiânia;R$ 1.600,00;;;;
HL4379; Televisão ;2;Carlos;Barbosa;24;12/22/2018;Rio de Janeiro;R$ 2.500,00;;;;
HL4379; Televisão ;4;Sandy;Figueiredo;19;04/07/2018;Fortaleza;R$ 2.500,00;;;;
HL1918; iPhone ;2;Daniel;Ortiz;88;9/27/2018;Belo Horizonte;R$ 5.300,00;;;;
HL1918; iPhone ;3;Vitor;Arruda;57;11/27/2018;Salvador;R$ 5.300,00;;;;
HL2714; Tablet ;4;Adriane;Gomes;75;04/12/2018;Salvador;R$ 1.600,00;;;;
HL9962; Android ;1;Isabela;Resende;85;12/31/2018;Recife;R$ 3.400,00;;;;
HL4379; Televisão ;4;Gabriella;Sagrillo;59;08/10/2018;São Paulo;R$ 2.500,00;;;;
HL2714; Tablet ;1;Sthefeson;Kohn;76;6/13/2018;Belo Horizonte;R$ 1.600,00;;;;
HL1918; iPhone ;4;Leandro;Melo;87;11/13/2018;Salvador;R$ 5.300,00;;;;
HL4379; Televisão ;4;Pedro;Santos;43;7/30/2018;Recife;R$ 2.500,00;;;;
HL8851; Notebook ;4;Felipe;Paulo;57;08/03/2018;Fortaleza;R$ 3.500,00;;;;
HL4379; Televisão ;5;Roberta;Pimenta;82;04/08/2018;São Paulo;R$ 2.500,00;;;;
HL9962; Android ;4;Letícia;Leal;68;8/16/2018;São Paulo;R$ 3.400,00;;;;
HL7348; SmartWatch ;5;Natalia;Guedes;52;06/10/2018;São Paulo;R$ 1.400,00;;;;
HL1918; iPhone ;4;Amanda;Felippe;18;12/18/2018;Salvador;R$ 5.300,00;;;;
HL4379; Televisão ;1;Gabrielle;Costa;74;6/19/2018;Rio de Janeiro;R$ 2.500,00;;;;
HL4379; Televisão ;1;Carolina;Santos;21;8/30/2018;Rio de Janeiro;R$ 2.500,00;;;;
HL1918; iPhone ;4;Thaís;Ribeiro;47;8/29/2018;Goiânia;R$ 5.300,00;;;;
HL2714; Tablet ;3;Sandy;Figueiredo;27;4/13/2018;Fortaleza;R$ 1.600,00;;;;
HL9962; Android ;3;Marina;Aragão;59;9/30/2018;Goiânia;R$ 3.400,00;;;;
HL1918; iPhone ;5;Luiza;Marques;84;5/31/2018;São Paulo;R$ 5.300,00;;;;
HL1918; iPhone ;2;Carlos;Cardoso;62;6/17/2018;Salvador;R$ 5.300,00;;;;
HL1918; iPhone ;4;Isabelle;Gonçalves;47;2/16/2018;Rio de Janeiro;R$ 5.300,00;;;;
HL7348; SmartWatch ;4;Mayara;Soares;26;12/04/2018;Fortaleza;R$ 1.400,00;;;;
HL1148; Câmera ;3;Pedro;Bitencourt;35;12/03/2018;São Paulo;R$ 2.100,00;;;;
HL1918; iPhone ;4;Hiaiune;Valim;61;06/02/2018;Salvador;R$ 5.300,00;;;;
HL9962; Android ;3;Gabrielle;Wanderley;64;05/09/2018;Rio de Janeiro;R$ 3.400,00;;;;
HL7348; SmartWatch ;1;Arthur;Fernandes;33;06/09/2018;Fortaleza;R$ 1.400,00;;;;
HL1148; Câmera ;2;Rodrigo;Silva;38;06/02/2018;Rio de Janeiro;R$ 2.100,00;;;;
HL4379; Televisão ;2;Julia;Leite;54;3/22/2018;Porto Alegre;R$ 2.500,00;;;;
HL4379; Televisão ;2;Michelle;Miura;34;8/14/2018;Goiânia;R$ 2.500,00;;;;
HL1918; iPhone ;4;Felipe;Freitas;56;10/16/2018;Rio de Janeiro;R$ 5.300,00;;;;
HL2714; Tablet ;2;Isabel;Lacerda;65;9/23/2018;São Paulo;R$ 1.600,00;;;;
HL1918; iPhone ;1;Daniel;Sousa;47;11/04/2018;Fortaleza;R$ 5.300,00;;;;
HL2714; Tablet ;4;Eric;Carvalho;79;06/02/2018;Goiânia;R$ 1.600,00;;;;
HL8851; Notebook ;2;Livia;Codeceira;21;6/16/2018;Fortaleza;R$ 3.500,00;;;;
HL4379; Televisão ;3;Carolina;Brum;49;2/26/2018;Curitiba;R$ 2.500,00;;;;
HL1918; iPhone ;2;Gustavo;Erthal;50;12/22/2018;São Paulo;R$ 5.300,00;;;;
HL2714; Tablet ;1;Antônio;Oliveira;55;12/03/2018;Fortaleza;R$ 1.600,00;;;;
HL1918; iPhone ;5;Marcos;Nucci;45;10/10/2018;Fortaleza;R$ 5.300,00;;;;
HL1918; iPhone ;4;Deysiane;Medronho;36;2/20/2018;Rio de Janeiro;R$ 5.300,00;;;;
HL9962; Android ;4;João;Guadagnino;44;8/22/2018;São Paulo;R$ 3.400,00;;;;
HL2714; Tablet ;3;Adriane;Chagas;20;5/15/2018;Salvador;R$ 1.600,00;;;;
HL1148; Câmera ;5;Lucas;Machado;29;5/21/2018;São Paulo;R$ 2.100,00;;;;
HL1918; iPhone ;1;Caroline;Pinto;63;12/04/2018;Rio de Janeiro;R$ 5.300,00;;;;
HL4379; Televisão ;4;Luiza;Procaci;36;12/23/2018;Fortaleza;R$ 2.500,00;;;;
HL1148; Câmera ;1;Stephanie;Novak;79;7/29/2018;Salvador;R$ 2.100,00;;;;
HL1918; iPhone ;5;Stephanie;Novak;46;07/04/2018;Rio de Janeiro;R$ 5.300,00;;;;
HL1918; iPhone ;1;Victor;Franco;52;06/09/2018;São Paulo;R$ 5.300,00;;;;
HL8851; Notebook ;4;Guilherme;Jordao;37;01/06/2018;Goiânia;R$ 3.500,00;;;;
HL1918; iPhone ;1;Fernanda;Rubim;29;03/01/2018;Curitiba;R$ 5.300,00;;;;
HL1918; iPhone ;5;Henrique;Oliveira;71;10/11/2018;São Paulo;R$ 5.300,00;;;;
HL1918; iPhone ;1;Ravena;Bhering;77;06/02/2018;Curitiba;R$ 5.300,00;;;;
HL1918; iPhone ;1;Marcos;Nucci;88;6/27/2018;Rio de Janeiro;R$ 5.300,00;;;;
HL4379; Televisão ;4;Luis;Villanova;52;06/08/2018;Salvador;R$ 2.500,00;;;;
HL4379; Televisão ;5;Isabela;Rodrigues;33;10/25/2018;Goiânia;R$ 2.500,00;;;;
HL1148; Câmera ;5;Thiago;Nóbrega;34;03/03/2018;São Paulo;R$ 2.100,00;;;;
HL4379; Televisão ;1;Bruna;Londero;41;07/12/2018;Fortaleza;R$ 2.500,00;;;;
HL1918; iPhone ;3;Maria;Gasperi;77;8/15/2018;Fortaleza;R$ 5.300,00;;;;
HL9962; Android ;5;Pedro;Santos;21;07/06/2018;Porto Alegre;R$ 3.400,00;;;;
HL2714; Tablet ;3;Audir;Franco;18;4/21/2018;São Paulo;R$ 1.600,00;;;;
HL4379; Televisão ;4;Ives;Pinheiro;39;6/28/2018;Fortaleza;R$ 2.500,00;;;;
HL4379; Televisão ;2;Marina;Gama;21;04/03/2018;São Paulo;R$ 2.500,00;;;;
HL4379; Televisão ;2;Camilla;Cardeman;61;10/03/2018;Belo Horizonte;R$ 2.500,00;;;;
HL1918; iPhone ;1;Raísa;Berto;65;2/13/2018;São Paulo;R$ 5.300,00;;;;
HL1918; iPhone ;1;Ananda;Dias;50;10/25/2018;Porto Alegre;R$ 5.300,00;;;;
HL4379; Televisão ;5;Ives;Teixeira;39;10/23/2018;Goiânia;R$ 2.500,00;;;;
HL7348; SmartWatch ;3;Anderson;Martins;59;12/09/2018;Porto Alegre;R$ 1.400,00;;;;
HL1918; iPhone ;3;Paloma;Sperandei;84;3/23/2018;Rio de Janeiro;R$ 5.300,00;;;;
HL2714; Tablet ;5;Caio;Fernandes;36;07/03/2018;Porto Alegre;R$ 1.600,00;;;;
HL4379; Televisão ;5;Ana;Monte;32;1/30/2018;São Paulo;R$ 2.500,00;;;;
HL1148; Câmera ;4;Daniel;Terra;19;7/30/2018;Belo Horizonte;R$ 2.100,00;;;;
HL4379; Televisão ;2;Andressa;Rotsztejn;21;01/07/2018;Curitiba;R$ 2.500,00;;;;
HL9962; Android ;3;Tadeu;Nakayama;26;12/13/2018;Salvador;R$ 3.400,00;;;;
HL9962; Android ;5;Thomáz;Bôas;20;05/02/2018;São Paulo;R$ 3.400,00;;;;
HL9962; Android ;5;Gabriel;Almeida;31;05/02/2018;Salvador;R$ 3.400,00;;;;
HL1918; iPhone ;5;Giuseppe;Borges;35;09/01/2018;Belo Horizonte;R$ 5.300,00;;;;
HL4379; Televisão ;1;Beatriz;Silva;34;12/22/2018;Salvador;R$ 2.500,00;;;;
HL4379; Televisão ;2;Caroline;Delgado;40;03/09/2018;Rio de Janeiro;R$ 2.500,00;;;;
HL9962; Android ;3;Thayna;Martins;67;11/23/2018;Fortaleza;R$ 3.400,00;;;;
HL1918; iPhone ;4;Victor;Franco;50;03/10/2018;Fortaleza;R$ 5.300,00;;;;
HL2714; Tablet ;1;Stephanie;Oliveira;21;11/18/2018;Fortaleza;R$ 1.600,00;;;;
HL1918; iPhone ;2;Carolina;Santos;77;5/17/2018;Curitiba;R$ 5.300,00;;;;
HL1918; iPhone ;5;Thomáz;Bôas;63;07/02/2018;Salvador;R$ 5.300,00;;;;
HL1148; Câmera ;2;Roberto;Nogueira;31;1/22/2018;Porto Alegre;R$ 2.100,00;;;;
HL1918; iPhone ;4;Amanda;Amaral;90;7/18/2018;São Paulo;R$ 5.300,00;;;;
HL7348; SmartWatch ;5;Gabriela;Aliani;70;8/15/2018;Goiânia;R$ 1.400,00;;;;
HL7348; SmartWatch ;5;Gabriel;Almeida;29;3/28/2018;Fortaleza;R$ 1.400,00;;;;
HL8851; Notebook ;5;Luiza;Cabral;23;06/01/2018;Fortaleza;R$ 3.500,00;;;;
HL4379; Televisão ;1;João;Costa;79;1/29/2018;Salvador;R$ 2.500,00;;;;
HL1918; iPhone ;1;Luis;Souza;42;02/01/2018;Salvador;R$ 5.300,00;;;;
HL1918; iPhone ;5;Pedro;Lyra;33;3/31/2018;Rio de Janeiro;R$ 5.300,00;;;;
HL4379; Televisão ;2;Patrícia;Amaral;68;06/05/2018;Porto Alegre;R$ 2.500,00;;;;
HL1918; iPhone ;3;Matheus;Miranda;27;09/08/2018;Rio de Janeiro;R$ 5.300,00;;;;
HL7348; SmartWatch ;5;Antônio;Soares;41;1/26/2018;Recife;R$ 1.400,00;;;;
HL1918; iPhone ;3;Lucas;Wanderley;20;2/16/2018;Fortaleza;R$ 5.300,00;;;;
HL9962; Android ;2;Isabela;Rodrigues;76;11/13/2018;Goiânia;R$ 3.400,00;;;;
HL7348; SmartWatch ;1;Lucas;Fontoura;64;5/23/2018;Fortaleza;R$ 1.400,00;;;;
HL1918; iPhone ;2;Julia;Leig;65;1/21/2018;São Paulo;R$ 5.300,00;;;;
HL8851; Notebook ;2;Luíza;Melo;74;4/19/2018;Fortaleza;R$ 3.500,00;;;;
HL1148; Câmera ;5;Bruno;Barcessat;22;6/27/2018;Rio de Janeiro;R$ 2.100,00;;;;
HL1918; iPhone ;3;Eric;Neves;70;7/13/2018;São Paulo;R$ 5.300,00;;;;
HL1918; iPhone ;1;Jéssica;Netto;71;2/21/2018;Rio de Janeiro;R$ 5.300,00;;;;
HL4379; Televisão ;1;Lucas;Destri;34;7/17/2018;Belo Horizonte;R$ 2.500,00;;;;
HL8851; Notebook ;1;Priscila;Vogel;28;11/18/2018;São Paulo;R$ 3.500,00;;;;
HL4379; Televisão ;4;Gabriela;Mello;57;12/26/2018;Goiânia;R$ 2.500,00;;;;
HL1918; iPhone ;3;João;Ribeiro;67;1/22/2018;Rio de Janeiro;R$ 5.300,00;;;;
HL1918; iPhone ;4;Thales;Portillo;28;11/07/2018;Goiânia;R$ 5.300,00;;;;
HL8851; Notebook ;5;Caio;Moraes;72;6/19/2018;Salvador;R$ 3.500,00;;;;
HL7348; SmartWatch ;1;Amanda;Roberto;89;10/17/2018;Fortaleza;R$ 1.400,00;;;;
HL1918; iPhone ;4;Marcelo;Guadagnino;69;01/11/2018;Belo Horizonte;R$ 5.300,00;;;;
HL9962; Android ;4;Wen;Santos;85;2/28/2018;Fortaleza;R$ 3.400,00;;;;
HL4379; Televisão ;4;Karine;Barros;31;8/30/2018;Salvador;R$ 2.500,00;;;;
HL8851; Notebook ;4;Beatriz;Santos;73;11/02/2018;Fortaleza;R$ 3.500,00;;;;
HL1148; Câmera ;1;Guilherme;Merotto;63;11/18/2018;Porto Alegre;R$ 2.100,00;;;;
HL7348; SmartWatch ;4;Guilherme;Castilho;61;06/08/2018;Fortaleza;R$ 1.400,00;;;;
HL1918; iPhone ;3;Tiago;Pereira;30;7/26/2018;Fortaleza;R$ 5.300,00;;;;
HL1918; iPhone ;5;Camila;Bastazini;31;04/10/2018;São Paulo;R$ 5.300,00;;;;
HL8851; Notebook ;5;Juliana;Barreira;74;06/03/2018;São Paulo;R$ 3.500,00;;;;
HL1918; iPhone ;5;Isabela;Teixeira;36;12/20/2018;Fortaleza;R$ 5.300,00;;;;
HL4379; Televisão ;3;Allan;Candido;66;5/15/2018;Fortaleza;R$ 2.500,00;;;;
HL1918; iPhone ;2;Juan;Barbosa;52;6/28/2018;São Paulo;R$ 5.300,00;;;;
HL1918; iPhone ;2;Ana;Soledade;68;1/23/2018;Porto Alegre;R$ 5.300,00;;;;
HL4379; Televisão ;3;Silvio;Provenzano;25;11/13/2018;Salvador;R$ 2.500,00;;;;
HL8851; Notebook ;5;Wen;Santos;70;02/08/2018;Rio de Janeiro;R$ 3.500,00;;;;
HL1918; iPhone ;1;Marina;Perdomo;43;5/16/2018;São Paulo;R$ 5.300,00;;;;
HL9962; Android ;2;Maria;Gasperi;61;08/03/2018;Rio de Janeiro;R$ 3.400,00;;;;
HL1918; iPhone ;1;Victor;Gomes;48;09/05/2018;Rio de Janeiro;R$ 5.300,00;;;;
HL4379; Televisão ;5;Adriana;Carneiro;43;5/24/2018;Fortaleza;R$ 2.500,00;;;;
HL9962; Android ;1;Matheus;Miranda;69;10/17/2018;São Paulo;R$ 3.400,00;;;;
HL1148; Câmera ;5;Bruna;Silveira;85;1/23/2018;Curitiba;R$ 2.100,00;;;;
HL1148; Câmera ;3;Breno;Costa;69;05/08/2018;Fortaleza;R$ 2.100,00;;;;
HL8851; Notebook ;1;Mateus;Duque;80;06/10/2018;São Paulo;R$ 3.500,00;;;;
HL1918; iPhone ;1;Priscila;Suzano;54;5/26/2018;Belo Horizonte;R$ 5.300,00;;;;
HL7348; SmartWatch ;4;Gabriel;Garcia;40;05/08/2018;Curitiba;R$ 1.400,00;;;;
HL4379; Televisão ;1;Myllena;Carneiro;31;11/15/2018;São Paulo;R$ 2.500,00;;;;
HL1918; iPhone ;2;Carlos;Araujo;67;7/28/2018;Rio de Janeiro;R$ 5.300,00;;;;
HL2714; Tablet ;3;Hanna;Fonseca;18;04/01/2018;São Paulo;R$ 1.600,00;;;;
HL4379; Televisão ;2;Viviane;Souza;57;12/11/2018;Rio de Janeiro;R$ 2.500,00;;;;
HL7348; SmartWatch ;5;Hércules;Moreira;50;11/08/2018;São Paulo;R$ 1.400,00;;;;
HL8851; Notebook ;3;Caroll;Johnson;63;12/15/2018;Curitiba;R$ 3.500,00;;;;
HL1918; iPhone ;5;Bruna;Soares;69;3/23/2018;Rio de Janeiro;R$ 5.300,00;;;;
HL1148; Câmera ;4;Caroline;Pinto;38;4/17/2018;Curitiba;R$ 2.100,00;;;;
HL9962; Android ;3;Carolina;Alfradique;24;06/12/2018;Salvador;R$ 3.400,00;;;;
HL1918; iPhone ;1;Maria;Assumpção;64;05/01/2018;São Paulo;R$ 5.300,00;;;;
HL1148; Câmera ;3;Breno;Varella;35;6/17/2018;Porto Alegre;R$ 2.100,00;;;;
HL1918; iPhone ;2;Bernardo;Ribeiro;73;08/12/2018;São Paulo;R$ 5.300,00;;;;
HL1918; iPhone ;5;Carlos;Souza;30;03/09/2018;Belo Horizonte;R$ 5.300,00;;;;
HL4379; Televisão ;3;Natalia;Marinho;74;4/16/2018;São Paulo;R$ 2.500,00;;;;
HL1918; iPhone ;2;Rafael;Rocha;21;01/12/2018;Curitiba;R$ 5.300,00;;;;
HL8851; Notebook ;3;Ives;Barbosa;28;11/20/2018;Belo Horizonte;R$ 3.500,00;;;;
HL9962; Android ;5;Adriana;Passos;43;11/10/2018;Fortaleza;R$ 3.400,00;;;;
HL8851; Notebook ;1;Thiago;Costa;21;05/06/2018;Curitiba;R$ 3.500,00;;;;
HL2714; Tablet ;2;Caroll;Johnson;72;6/22/2018;Belo Horizonte;R$ 1.600,00;;;;
HL4379; Televisão ;5;Beatriz;Rocha;37;9/24/2018;Fortaleza;R$ 2.500,00;;;;
HL1918; iPhone ;5;Alon;Pestana;48;11/16/2018;Fortaleza;R$ 5.300,00;;;;
HL7348; SmartWatch ;3;Pedro;Delgado;88;3/17/2018;São Paulo;R$ 1.400,00;;;;
HL1148; Câmera ;4;Juliana;Correa;33;2/17/2018;Belo Horizonte;R$ 2.100,00;;;;
HL9962; Android ;3;Carolina;Rocha;87;11/01/2018;São Paulo;R$ 3.400,00;;;;
HL9962; Android ;1;Renan;Melo;32;11/28/2018;Rio de Janeiro;R$ 3.400,00;;;;
HL8851; Notebook ;2;Bruna;Ramos;37;07/11/2018;Fortaleza;R$ 3.500,00;;;;
HL1918; iPhone ;3;Roberto;Tiradentes;32;12/18/2018;São Paulo;R$ 5.300,00;;;;
HL1918; iPhone ;2;Mateus;Maia;29;10/30/2018;Fortaleza;R$ 5.300,00;;;;
HL1918; iPhone ;5;Gabriela;Cavalcanti;42;7/31/2018;Porto Alegre;R$ 5.300,00;;;;
HL8851; Notebook ;2;Ana;Carvalho;39;7/21/2018;São Paulo;R$ 3.500,00;;;;
HL1918; iPhone ;1;Renan;Ventura;24;8/29/2018;São Paulo;R$ 5.300,00;;;;
HL7348; SmartWatch ;3;William;Mendonça;55;11/25/2018;Rio de Janeiro;R$ 1.400,00;;;;
HL4379; Televisão ;4;Andressa;Nóbrega;71;2/27/2018;Belo Horizonte;R$ 2.500,00;;;;
HL9962; Android ;5;Ana;Gonzaga;57;5/17/2018;Rio de Janeiro;R$ 3.400,00;;;;
HL1148; Câmera ;3;Lucas;Valim;20;7/21/2018;Salvador;R$ 2.100,00;;;;
HL2714; Tablet ;5;Elaine;Santos;71;11/02/2018;Rio de Janeiro;R$ 1.600,00;;;;
HL7348; SmartWatch ;4;Audir;Franco;43;12/02/2018;Curitiba;R$ 1.400,00;;;;
HL1918; iPhone ;3;Caio;Vianna;66;3/16/2018;São Paulo;R$ 5.300,00;;;;
HL8851; Notebook ;1;Miguel;Carneiro;57;10/20/2018;São Paulo;R$ 3.500,00;;;;
HL4379; Televisão ;4;Mateus;Polastri;72;09/06/2018;Rio de Janeiro;R$ 2.500,00;;;;
HL1148; Câmera ;5;Clara;Bruno;38;5/22/2018;Goiânia;R$ 2.100,00;;;;
HL9962; Android ;2;Victoria;Tavares;21;3/15/2018;Porto Alegre;R$ 3.400,00;;;;
HL4379; Televisão ;1;Bruno;Ferreira;89;10/06/2018;São Paulo;R$ 2.500,00;;;;
HL4379; Televisão ;1;Marianna;Pestana;46;11/21/2018;Fortaleza;R$ 2.500,00;;;;
HL8851; Notebook ;5;Juliana;Hollander;69;7/24/2018;Rio de Janeiro;R$ 3.500,00;;;;
HL9962; Android ;5;Luíza;Garcia;84;1/24/2018;Salvador;R$ 3.400,00;;;;
HL2714; Tablet ;5;Juliana;Barreira;54;12/27/2018;São Paulo;R$ 1.600,00;;;;
HL9962; Android ;2;Larissa;Jesus;79;2/15/2018;Rio de Janeiro;R$ 3.400,00;;;;
HL2714; Tablet ;5;Gabriel;Pereira;73;2/19/2018;Rio de Janeiro;R$ 1.600,00;;;;
HL1918; iPhone ;2;Roberta;Nogueira;80;01/11/2018;Rio de Janeiro;R$ 5.300,00;;;;
HL9962; Android ;4;Jessica;Ferreira;55;2/23/2018;Fortaleza;R$ 3.400,00;;;;
HL1148; Câmera ;5;Allan;Candido;68;3/18/2018;São Paulo;R$ 2.100,00;;;;
HL1918; iPhone ;2;Luis;Silva;84;12/01/2018;Recife;R$ 5.300,00;;;;
HL1148; Câmera ;2;Juliana;Souza;82;1/22/2018;Rio de Janeiro;R$ 2.100,00;;;;
HL2714; Tablet ;2;Larissa;Vasconcellos;59;8/15/2018;Rio de Janeiro;R$ 1.600,00;;;;
HL1918; iPhone ;3;Paula;Calbucci;79;3/28/2018;Porto Alegre;R$ 5.300,00;;;;
HL9962; Android ;3;Pedro;Rodrigues;22;02/12/2018;São Paulo;R$ 3.400,00;;;;
HL7348; SmartWatch ;4;Júlia;Almeida;84;4/24/2018;Salvador;R$ 1.400,00;;;;
HL1918; iPhone ;3;Gabriela;Fernandes;58;1/22/2018;Fortaleza;R$ 5.300,00;;;;
HL1148; Câmera ;5;Leandro;Ferreira;39;11/22/2018;São Paulo;R$ 2.100,00;;;;
HL2714; Tablet ;2;Rafael;Rocha;22;12/08/2018;São Paulo;R$ 1.600,00;;;;
HL4379; Televisão ;1;Luiza;Procaci;39;09/08/2018;Fortaleza;R$ 2.500,00;;;;
HL1918; iPhone ;1;Ana;Júnior;55;10/12/2018;Recife;R$ 5.300,00;;;;
HL1918; iPhone ;4;Giuseppe;Bhering;20;11/15/2018;Rio de Janeiro;R$ 5.300,00;;;;
HL9962; Android ;3;Anderson;Martins;83;10/24/2018;Fortaleza;R$ 3.400,00;;;;
HL1918; iPhone ;2;Victor;Lira;90;7/23/2018;Recife;R$ 5.300,00;;;;
HL4379; Televisão ;5;Luiz;Conceição;41;5/22/2018;Fortaleza;R$ 2.500,00;;;;
HL4379; Televisão ;3;Isabella;Montanholi;46;7/29/2018;Belo Horizonte;R$ 2.500,00;;;;
HL1918; iPhone ;4;Izabel;Miura;58;01/03/2018;Goiânia;R$ 5.300,00;;;;
HL7348; SmartWatch ;4;Amanda;Procaci;25;1/20/2018;Salvador;R$ 1.400,00;;;;
HL1918; iPhone ;4;Renan;Firmino;31;04/04/2018;Rio de Janeiro;R$ 5.300,00;;;;
HL7348; SmartWatch ;2;Mariana;Miranda;27;12/13/2018;Curitiba;R$ 1.400,00;;;;
HL1148; Câmera ;2;Bianca;Tatsch;39;2/23/2018;São Paulo;R$ 2.100,00;;;;
HL8851; Notebook ;3;Manuela;Merege;25;11/14/2018;Salvador;R$ 3.500,00;;;;
HL7348; SmartWatch ;1;Joana;Calmon;82;08/07/2018;São Paulo;R$ 1.400,00;;;;
HL8851; Notebook ;4;Patrícia;Amaral;34;6/27/2018;São Paulo;R$ 3.500,00;;;;
HL2714; Tablet ;5;Samara;Pinto;75;03/04/2018;Belo Horizonte;R$ 1.600,00;;;;
HL7348; SmartWatch ;3;Henrique;Oliveira;56;3/29/2018;Fortaleza;R$ 1.400,00;;;;
HL1918; iPhone ;1;Matheus;Souza;28;07/04/2018;Rio de Janeiro;R$ 5.300,00;;;;
HL1918; iPhone ;5;Sandy;Moreira;46;3/17/2018;Fortaleza;R$ 5.300,00;;;;
HL4379; Televisão ;3;Lucas;Wanderley;74;04/08/2018;Rio de Janeiro;R$ 2.500,00;;;;
HL8851; Notebook ;1;Eduardo;Veiga;27;5/22/2018;Fortaleza;R$ 3.500,00;;;;
HL4379; Televisão ;2;Felipe;Mello;74;05/05/2018;Fortaleza;R$ 2.500,00;;;;
HL9962; Android ;1;Luis;Silva;34;06/03/2018;Porto Alegre;R$ 3.400,00;;;;
HL4379; Televisão ;2;Gabriel;Thoni;74;3/13/2018;São Paulo;R$ 2.500,00;;;;
HL1148; Câmera ;3;Rafael;Wajnsztok;31;8/26/2018;Salvador;R$ 2.100,00;;;;
HL9962; Android ;5;Aline;Andrade;72;03/08/2018;Fortaleza;R$ 3.400,00;;;;
HL7348; SmartWatch ;3;Isabela;Teixeira;23;08/10/2018;Fortaleza;R$ 1.400,00;;;;
HL2714; Tablet ;5;Guilherme;Merotto;65;10/16/2018;Fortaleza;R$ 1.600,00;;;;
HL4379; Televisão ;3;Luiza;Cavalcanti;36;3/23/2018;Recife;R$ 2.500,00;;;;
HL1148; Câmera ;3;Yasmim;Bittencourt;45;10/30/2018;Salvador;R$ 2.100,00;;;;
HL2714; Tablet ;4;Thayna;Martins;18;5/29/2018;Recife;R$ 1.600,00;;;;
HL9962; Android ;4;Jéssica;Stefanelli;19;10/05/2018;Recife;R$ 3.400,00;;;;
HL1918; iPhone ;2;Igor;Lima;82;04/05/2018;Salvador;R$ 5.300,00;;;;
HL4379; Televisão ;5;Vanessa;Bach;65;11/10/2018;Curitiba;R$ 2.500,00;;;;
HL1918; iPhone ;4;Bianca;Ferezin;73;02/09/2018;Belo Horizonte;R$ 5.300,00;;;;
HL7348; SmartWatch ;5;João;Abraçado;33;6/22/2018;Porto Alegre;R$ 1.400,00;;;;
HL1148; Câmera ;1;Sarah;Souza;84;12/09/2018;Porto Alegre;R$ 2.100,00;;;;
HL1148; Câmera ;1;Gabriel;Thoni;42;3/23/2018;São Paulo;R$ 2.100,00;;;;
HL9962; Android ;5;Lucas;Coelho;30;6/30/2018;São Paulo;R$ 3.400,00;;;;
HL9962; Android ;3;Yasmim;Verly;24;3/30/2018;Fortaleza;R$ 3.400,00;;;;
HL4379; Televisão ;5;Thiago;Costa;33;7/22/2018;Curitiba;R$ 2.500,00;;;;
HL1918; iPhone ;1;Carolina;Carneiro;39;6/29/2018;Porto Alegre;R$ 5.300,00;;;;
HL8851; Notebook ;4;Dykson;Silva;44;07/07/2018;Rio de Janeiro;R$ 3.500,00;;;;
HL2714; Tablet ;3;Felipe;Mello;30;4/27/2018;Recife;R$ 1.600,00;;;;
HL4379; Televisão ;2;Caroline;Aquino;63;11/10/2018;Fortaleza;R$ 2.500,00;;;;
HL4379; Televisão ;4;Ian;Almeida;25;1/20/2018;São Paulo;R$ 2.500,00;;;;
HL1918; iPhone ;2;Raphael;Ferman;39;08/11/2018;Recife;R$ 5.300,00;;;;
HL2714; Tablet ;4;Maria;Gasperi;73;8/22/2018;São Paulo;R$ 1.600,00;;;;
HL2714; Tablet ;4;Danilo;Rubim;84;08/02/2018;Belo Horizonte;R$ 1.600,00;;;;
HL4379; Televisão ;1;Raul;Silveira;90;7/30/2018;Curitiba;R$ 2.500,00;;;;
HL9962; Android ;2;Thais;Rodrigues;49;05/06/2018;Rio de Janeiro;R$ 3.400,00;;;;
HL4379; Televisão ;2;João;Monteiro;70;06/04/2018;Curitiba;R$ 2.500,00;;;;
HL4379; Televisão ;4;Julia;Teixeira;88;06/12/2018;Rio de Janeiro;R$ 2.500,00;;;;
HL1918; iPhone ;4;Lucas;Freire;25;08/12/2018;Recife;R$ 5.300,00;;;;
HL4379; Televisão ;4;Raphael;Guedes;19;07/12/2018;Recife;R$ 2.500,00;;;;
HL7348; SmartWatch ;1;Marcelo;Magalhães;87;9/26/2018;São Paulo;R$ 1.400,00;;;;
HL1918; iPhone ;2;José;Vieira;62;11/13/2018;Fortaleza;R$ 5.300,00;;;;
HL9962; Android ;1;Jéssica;Stefanelli;21;9/20/2018;Fortaleza;R$ 3.400,00;;;;
HL8851; Notebook ;5;Diego;Mello;54;11/07/2018;Fortaleza;R$ 3.500,00;;;;
HL8851; Notebook ;5;Ana;Carvalho;58;7/26/2018;São Paulo;R$ 3.500,00;;;;
HL8851; Notebook ;3;Mateus;Franco;76;2/25/2018;Goiânia;R$ 3.500,00;;;;
HL1918; iPhone ;5;Adrielle;Gabriel;59;06/03/2018;Salvador;R$ 5.300,00;;;;
HL7348; SmartWatch ;3;Felipe;Mello;87;03/07/2018;Rio de Janeiro;R$ 1.400,00;;;;
HL8851; Notebook ;2;Beatriz;Nogueira;60;12/05/2018;Salvador;R$ 3.500,00;;;;
HL1918; iPhone ;5;Mariana;Barrozo;82;10/03/2018;Goiânia;R$ 5.300,00;;;;
HL1148; Câmera ;4;Luíza;Melo;27;11/05/2018;São Paulo;R$ 2.100,00;;;;
HL4379; Televisão ;5;Catarina;Teixeira;26;8/22/2018;Fortaleza;R$ 2.500,00;;;;
HL2714; Tablet ;5;Amanda;Gontijo;82;03/01/2018;Goiânia;R$ 1.600,00;;;;
HL4379; Televisão ;3;Gabriel;Almeida;79;6/28/2018;São Paulo;R$ 2.500,00;;;;
HL4379; Televisão ;2;Wellington;Duarte;55;8/22/2018;São Paulo;R$ 2.500,00;;;;
HL2714; Tablet ;4;Débora;Lopes;32;3/26/2018;São Paulo;R$ 1.600,00;;;;
HL1918; iPhone ;4;João;Abraçado;76;4/27/2018;São Paulo;R$ 5.300,00;;;;
HL1918; iPhone ;5;Julia;Leig;69;07/02/2018;Belo Horizonte;R$ 5.300,00;;;;
HL2714; Tablet ;5;José;Carvalho;38;10/08/2018;Porto Alegre;R$ 1.600,00;;;;
HL4379; Televisão ;2;Caroline;Cavalcanti;45;05/09/2018;Belo Horizonte;R$ 2.500,00;;;;
HL9962; Android ;3;Luíza;Melo;56;4/20/2018;Salvador;R$ 3.400,00;;;;
HL8851; Notebook ;3;Lucas;Destri;45;1/23/2018;Rio de Janeiro;R$ 3.500,00;;;;
HL1918; iPhone ;5;Gabriel;Rocha;65;1/28/2018;Salvador;R$ 5.300,00;;;;
HL9962; Android ;2;Luiza;Cabral;85;02/01/2018;Salvador;R$ 3.400,00;;;;
HL2714; Tablet ;4;Lucas;Almeida;86;6/14/2018;Salvador;R$ 1.600,00;;;;
HL9962; Android ;4;Marcelo;Pereira;59;11/13/2018;Curitiba;R$ 3.400,00;;;;
HL1918; iPhone ;4;Rafael;Guimarães;22;10/25/2018;Goiânia;R$ 5.300,00;;;;
HL4379; Televisão ;5;Isabella;Scalabrin;86;2/20/2018;Rio de Janeiro;R$ 2.500,00;;;;
HL1148; Câmera ;3;Roberto;Nogueira;62;9/15/2018;São Paulo;R$ 2.100,00;;;;
HL8851; Notebook ;4;Marcelo;Rosa;55;05/02/2018;São Paulo;R$ 3.500,00;;;;
HL1918; iPhone ;2;Caio;Cardoso;62;5/29/2018;Belo Horizonte;R$ 5.300,00;;;;
HL2714; Tablet ;5;Letícia;Rodrigues;87;07/04/2018;Salvador;R$ 1.600,00;;;;
HL1918; iPhone ;2;Isabel;Mesquita;77;2/25/2018;Recife;R$ 5.300,00;;;;
HL4379; Televisão ;5;Jônatas;Soares;65;6/25/2018;São Paulo;R$ 2.500,00;;;;
HL4379; Televisão ;1;Desirée;Heimlich;25;1/22/2018;Recife;R$ 2.500,00;;;;
HL4379; Televisão ;4;Leonardo;Faria;71;1/22/2018;Porto Alegre;R$ 2.500,00;;;;
HL9962; Android ;1;Pedro;Conceição;21;04/07/2018;Recife;R$ 3.400,00;;;;
HL1918; iPhone ;5;Marina;Cormack;54;5/18/2018;Recife;R$ 5.300,00;;;;
HL7348; SmartWatch ;5;Juliana;Goes;59;5/30/2018;Curitiba;R$ 1.400,00;;;;
HL2714; Tablet ;4;Bianca;Piero;65;03/07/2018;Fortaleza;R$ 1.600,00;;;;
HL1918; iPhone ;3;Rafaella;Mello;25;6/26/2018;São Paulo;R$ 5.300,00;;;;
HL4379; Televisão ;1;Danilo;Rubim;21;8/25/2018;Fortaleza;R$ 2.500,00;;;;
HL1918; iPhone ;4;Bianca;Paz;31;03/04/2018;Fortaleza;R$ 5.300,00;;;;
HL4379; Televisão ;1;Lucas;Assunção;33;8/29/2018;Salvador;R$ 2.500,00;;;;
HL1918; iPhone ;3;Gabrielle;Silva;56;12/10/2018;Fortaleza;R$ 5.300,00;;;;
HL1918; iPhone ;4;Felipe;Mello;64;10/15/2018;Recife;R$ 5.300,00;;;;
HL1918; iPhone ;4;Gabriel;Brito;56;5/20/2018;Salvador;R$ 5.300,00;;;;
HL1148; Câmera ;3;Ives;Teixeira;62;4/21/2018;Rio de Janeiro;R$ 2.100,00;;;;
HL9962; Android ;3;Gustavo;Azevedo;47;9/29/2018;Recife;R$ 3.400,00;;;;
HL7348; SmartWatch ;3;Philipe;Morete;58;01/04/2018;Goiânia;R$ 1.400,00;;;;
HL7348; SmartWatch ;3;Wilson;Vianna;58;05/11/2018;Salvador;R$ 1.400,00;;;;
HL1918; iPhone ;4;Wen;Santos;87;4/28/2018;Porto Alegre;R$ 5.300,00;;;;
HL1148; Câmera ;3;Fernanda;Silva;75;4/28/2018;Fortaleza;R$ 2.100,00;;;;
HL7348; SmartWatch ;5;Lucas;Freire;34;4/23/2018;Curitiba;R$ 1.400,00;;;;
HL9962; Android ;2;Guilherme;Castilho;55;10/14/2018;Fortaleza;R$ 3.400,00;;;;
HL1918; iPhone ;4;Thales;Andrade;46;8/28/2018;Recife;R$ 5.300,00;;;;
HL2714; Tablet ;5;Pedro;Macckione;43;2/26/2018;Recife;R$ 1.600,00;;;;
HL1918; iPhone ;3;Nathan;Morelli;33;09/07/2018;São Paulo;R$ 5.300,00;;;;
HL1148; Câmera ;5;Breno;Caputo;23;12/06/2018;Rio de Janeiro;R$ 2.100,00;;;;
HL1918; iPhone ;4;Maria;Cardoso;60;04/03/2018;São Paulo;R$ 5.300,00;;;;
HL1918; iPhone ;1;Roberto;Nogueira;62;8/14/2018;Recife;R$ 5.300,00;;;;
HL1918; iPhone ;5;Raíssa;Oliveira;45;2/14/2018;São Paulo;R$ 5.300,00;;;;
HL1918; iPhone ;1;Lais;Candido;88;07/08/2018;Salvador;R$ 5.300,00;;;;
HL8851; Notebook ;2;Ulisses;Quinto;42;7/18/2018;Rio de Janeiro;R$ 3.500,00;;;;
HL2714; Tablet ;4;Sandy;Figueiredo;47;08/06/2018;Goiânia;R$ 1.600,00;;;;
HL8851; Notebook ;1;Nina;Magalhães;89;07/10/2018;Rio de Janeiro;R$ 3.500,00;;;;
HL7348; SmartWatch ;4;Maria;Mello;22;1/27/2018;Goiânia;R$ 1.400,00;;;;
HL1918; iPhone ;4;Myllena;Corrêa;41;5/17/2018;Curitiba;R$ 5.300,00;;;;
HL2714; Tablet ;5;Bernardo;Nauenberg;89;10/17/2018;Goiânia;R$ 1.600,00;;;;
HL1918; iPhone ;2;Julia;Figueiredo;43;3/31/2018;Rio de Janeiro;R$ 5.300,00;;;;
HL9962; Android ;1;Andre;Sampaio;44;7/31/2018;São Paulo;R$ 3.400,00;;;;
HL7348; SmartWatch ;2;Deysiane;Medronho;29;02/02/2018;Fortaleza;R$ 1.400,00;;;;
HL4379; Televisão ;5;Bárbara;Lima;47;7/29/2018;São Paulo;R$ 2.500,00;;;;
HL1918; iPhone ;3;Raíza;Lopes;46;3/30/2018;Belo Horizonte;R$ 5.300,00;;;;
HL1918; iPhone ;2;Aline;Mello;68;2/23/2018;Rio de Janeiro;R$ 5.300,00;;;;
HL1918; iPhone ;1;Raíssa;Oliveira;22;02/08/2018;São Paulo;R$ 5.300,00;;;;
HL2714; Tablet ;3;Antônio;Soares;40;4/25/2018;Salvador;R$ 1.600,00;;;;
HL1918; iPhone ;2;Stephanie;Oliveira;32;03/12/2018;Belo Horizonte;R$ 5.300,00;;;;
HL4379; Televisão ;2;Alessandra;Martins;18;12/24/2018;Belo Horizonte;R$ 2.500,00;;;;
HL1918; iPhone ;2;Thayane;Resende;63;7/17/2018;Goiânia;R$ 5.300,00;;;;
HL2714; Tablet ;4;Pedro;Jorge;39;12/29/2018;Salvador;R$ 1.600,00;;;;
HL4379; Televisão ;4;Juan;Fernandes;61;11/25/2018;Goiânia;R$ 2.500,00;;;;
HL4379; Televisão ;5;Wilson;Meirelles;74;4/24/2018;Salvador;R$ 2.500,00;;;;
HL1918; iPhone ;4;Victor;Ferreira;78;5/19/2018;Salvador;R$ 5.300,00;;;;
HL8851; Notebook ;5;Debora;Silva;86;12/10/2018;Fortaleza;R$ 3.500,00;;;;
HL4379; Televisão ;5;Milena;Alcoforado;51;04/08/2018;São Paulo;R$ 2.500,00;;;;
HL1918; iPhone ;2;Joyce;Medina;22;10/22/2018;Curitiba;R$ 5.300,00;;;;
HL4379; Televisão ;1;Lucas;Costa;49;5/28/2018;Fortaleza;R$ 2.500,00;;;;
HL4379; Televisão ;1;Roberto;Tiradentes;18;01/07/2018;Fortaleza;R$ 2.500,00;;;;
HL1148; Câmera ;2;Bruna;Gomes;65;11/22/2018;Salvador;R$ 2.100,00;;;;
HL7348; SmartWatch ;4;Isabelle;Gonçalves;35;02/08/2018;Fortaleza;R$ 1.400,00;;;;
HL8851; Notebook ;5;Sthefeson;Barroso;90;8/18/2018;São Paulo;R$ 3.500,00;;;;
HL4379; Televisão ;1;Carlos;Portela;40;4/28/2018;Curitiba;R$ 2.500,00;;;;
HL1918; iPhone ;1;Débora;Lopes;69;06/10/2018;Belo Horizonte;R$ 5.300,00;;;;
HL7348; SmartWatch ;5;Guilherme;Seixas;85;4/19/2018;Salvador;R$ 1.400,00;;;;
HL1918; iPhone ;3;Gabriella;Sagrillo;81;8/27/2018;São Paulo;R$ 5.300,00;;;;
HL9962; Android ;1;Bernardo;Ribeiro;42;3/17/2018;Porto Alegre;R$ 3.400,00;;;;
HL1918; iPhone ;1;Stephanie;Oliveira;62;04/01/2018;Salvador;R$ 5.300,00;;;;
HL1918; iPhone ;5;Wilson;Farias;72;4/16/2018;São Paulo;R$ 5.300,00;;;;
HL9962; Android ;4;Vinícius;Antunes;52;4/19/2018;Salvador;R$ 3.400,00;;;;
HL1918; iPhone ;5;Victor;Gomes;67;08/11/2018;São Paulo;R$ 5.300,00;;;;
HL8851; Notebook ;2;Luis;Oliveira;42;12/29/2018;São Paulo;R$ 3.500,00;;;;
HL8851; Notebook ;5;Thomáz;Vannier;52;04/03/2018;Fortaleza;R$ 3.500,00;;;;
HL4379; Televisão ;4;Gabrielle;Figueiredo;86;1/18/2018;Porto Alegre;R$ 2.500,00;;;;
HL8851; Notebook ;3;Joao;Pereira;45;11/19/2018;Fortaleza;R$ 3.500,00;;;;
HL1918; iPhone ;2;Michelle;Miura;43;5/22/2018;Fortaleza;R$ 5.300,00;;;;
HL4379; Televisão ;5;Luiza;Cavalcanti;79;10/30/2018;Porto Alegre;R$ 2.500,00;;;;
HL4379; Televisão ;3;Thales;Fanara;21;2/18/2018;Recife;R$ 2.500,00;;;;
HL8851; Notebook ;4;Mateus;Duque;72;6/23/2018;Recife;R$ 3.500,00;;;;
HL2714; Tablet ;1;Alon;Palmeira;28;7/21/2018;São Paulo;R$ 1.600,00;;;;
HL7348; SmartWatch ;5;Juliana;Silva;68;3/17/2018;Salvador;R$ 1.400,00;;;;
HL4379; Televisão ;2;Luana;Santos;24;06/09/2018;Fortaleza;R$ 2.500,00;;;;
HL4379; Televisão ;4;Lorena;Carvalho;35;1/29/2018;Curitiba;R$ 2.500,00;;;;
HL2714; Tablet ;4;Livia;Codeceira;38;11/29/2018;Fortaleza;R$ 1.600,00;;;;
HL2714; Tablet ;4;Letícia;Leal;69;12/04/2018;São Paulo;R$ 1.600,00;;;;
HL9962; Android ;4;Guilherme;Vianna;21;12/05/2018;Curitiba;R$ 3.400,00;;;;
HL1918; iPhone ;1;Jéssica;Stefanelli;48;1/22/2018;Belo Horizonte;R$ 5.300,00;;;;
HL1918; iPhone ;2;Laura;Araujo;78;04/07/2018;Belo Horizonte;R$ 5.300,00;;;;
HL1918; iPhone ;4;Mariana;Baptista;47;08/07/2018;Salvador;R$ 5.300,00;;;;
HL7348; SmartWatch ;3;Antonio;Manhães;78;11/29/2018;Belo Horizonte;R$ 1.400,00;;;;
HL1918; iPhone ;4;Alon;Pestana;52;10/28/2018;Salvador;R$ 5.300,00;;;;
HL4379; Televisão ;2;Vanessa;Rodrigues;62;04/06/2018;Fortaleza;R$ 2.500,00;;;;
HL2714; Tablet ;4;João;Luz;48;09/06/2018;Salvador;R$ 1.600,00;;;;
HL7348; SmartWatch ;4;João;Castilho;76;1/27/2018;Rio de Janeiro;R$ 1.400,00;;;;
HL2714; Tablet ;1;Luiza;Marques;86;11/11/2018;Goiânia;R$ 1.600,00;;;;
HL2714; Tablet ;3;Iuri;Barbosa;19;10/02/2018;Fortaleza;R$ 1.600,00;;;;
HL7348; SmartWatch ;2;Victoria;Mazza;74;2/26/2018;Porto Alegre;R$ 1.400,00;;;;
HL7348; SmartWatch ;5;Clarissa;Santos;79;2/18/2018;São Paulo;R$ 1.400,00;;;;
HL4379; Televisão ;3;Viviane;Cunha;69;11/26/2018;Goiânia;R$ 2.500,00;;;;
HL1918; iPhone ;1;Renan;Melo;30;10/02/2018;Belo Horizonte;R$ 5.300,00;;;;
HL1148; Câmera ;3;José;Fonseca;31;12/06/2018;São Paulo;R$ 2.100,00;;;;
HL8851; Notebook ;2;Lucas;Reis;63;01/07/2018;Rio de Janeiro;R$ 3.500,00;;;;
HL2714; Tablet ;5;Guilherme;Monteiro;43;4/23/2018;Porto Alegre;R$ 1.600,00;;;;
HL8851; Notebook ;5;Lázaro;Villanova;22;06/12/2018;Curitiba;R$ 3.500,00;;;;
HL1918; iPhone ;2;Caio;Vianna;19;10/31/2018;São Paulo;R$ 5.300,00;;;;
HL4379; Televisão ;3;Giulia;Pessanha;54;5/20/2018;São Paulo;R$ 2.500,00;;;;
HL9962; Android ;5;Andre;Sampaio;69;11/17/2018;Curitiba;R$ 3.400,00;;;;
HL7348; SmartWatch ;1;Tayla;Lima;75;11/03/2018;São Paulo;R$ 1.400,00;;;;
HL4379; Televisão ;1;Julia;Aliani;42;04/08/2018;São Paulo;R$ 2.500,00;;;;
HL8851; Notebook ;2;Jônatas;Soares;30;08/03/2018;São Paulo;R$ 3.500,00;;;;
HL4379; Televisão ;1;Ives;Teixeira;31;9/26/2018;Belo Horizonte;R$ 2.500,00;;;;
HL4379; Televisão ;4;Mateus;Franco;34;08/09/2018;Salvador;R$ 2.500,00;;;;
HL7348; SmartWatch ;5;Maria;Junior;73;7/27/2018;Belo Horizonte;R$ 1.400,00;;;;
HL8851; Notebook ;4;Marcela;Gasperi;74;11/07/2018;São Paulo;R$ 3.500,00;;;;
HL9962; Android ;5;Natalia;Guedes;84;8/25/2018;Recife;R$ 3.400,00;;;;
HL7348; SmartWatch ;1;Bruno;Souza;35;01/02/2018;Salvador;R$ 1.400,00;;;;
HL1918; iPhone ;1;Felipe;Júnior;28;1/24/2018;Recife;R$ 5.300,00;;;;
HL1918; iPhone ;2;Pedro;Xavier;54;8/30/2018;Rio de Janeiro;R$ 5.300,00;;;;
HL4379; Televisão ;3;Cézar;Santos;28;11/24/2018;São Paulo;R$ 2.500,00;;;;
HL2714; Tablet ;3;Eduardo;Veiga;54;9/29/2018;Fortaleza;R$ 1.600,00;;;;
HL9962; Android ;4;Luiza;Johnson;30;4/17/2018;Curitiba;R$ 3.400,00;;;;
HL1148; Câmera ;3;Mariana;Rotava;84;1/27/2018;Fortaleza;R$ 2.100,00;;;;
HL7348; SmartWatch ;3;João;Menezes;34;6/19/2018;Rio de Janeiro;R$ 1.400,00;;;;
HL8851; Notebook ;5;Letícia;Rodrigues;76;10/06/2018;Salvador;R$ 3.500,00;;;;
HL2714; Tablet ;1;Rebeca;Taylor;77;09/11/2018;Recife;R$ 1.600,00;;;;
HL7348; SmartWatch ;3;José;Fonseca;46;2/20/2018;Rio de Janeiro;R$ 1.400,00;;;;
HL1918; iPhone ;1;Roberta;Nogueira;90;03/09/2018;São Paulo;R$ 5.300,00;;;;
HL1918; iPhone ;5;Caio;Silva;56;11/24/2018;Rio de Janeiro;R$ 5.300,00;;;;
HL1918; iPhone ;5;Marcelo;Guadagnino;88;4/23/2018;Salvador;R$ 5.300,00;;;;
HL2714; Tablet ;1;Diego;Rodrigues;77;06/06/2018;Rio de Janeiro;R$ 1.600,00;;;;
HL9962; Android ;1;João;Bach;36;10/09/2018;Salvador;R$ 3.400,00;;;;
HL2714; Tablet ;3;Juliana;Guimarães;84;05/12/2018;Rio de Janeiro;R$ 1.600,00;;;;
HL7348; SmartWatch ;3;Gabriel;Thome;88;6/18/2018;Fortaleza;R$ 1.400,00;;;;
HL1918; iPhone ;5;Carlos;Melo;38;5/27/2018;Salvador;R$ 5.300,00;;;;
HL2714; Tablet ;5;Raphael;Kurtz;55;9/30/2018;São Paulo;R$ 1.600,00;;;;
HL1918; iPhone ;4;Sthefeson;Pereira;63;12/11/2018;Recife;R$ 5.300,00;;;;
HL1918; iPhone ;4;Mateus;Duque;43;1/19/2018;Fortaleza;R$ 5.300,00;;;;
HL4379; Televisão ;5;Matheus;Miranda;33;2/13/2018;Rio de Janeiro;R$ 2.500,00;;;;
HL1918; iPhone ;3;Giuseppe;Bhering;22;1/31/2018;São Paulo;R$ 5.300,00;;;;
HL4379; Televisão ;2;Raphael;Ferman;40;6/29/2018;Fortaleza;R$ 2.500,00;;;;
HL9962; Android ;5;David;Vasconcelos;52;10/11/2018;Curitiba;R$ 3.400,00;;;;
HL2714; Tablet ;2;Maria;Moita;70;11/05/2018;Rio de Janeiro;R$ 1.600,00;;;;
HL9962; Android ;1;Eduardo;Veiga;61;10/16/2018;São Paulo;R$ 3.400,00;;;;
HL7348; SmartWatch ;5;Izabel;Miura;77;12/04/2018;Salvador;R$ 1.400,00;;;;
HL8851; Notebook ;4;Lunna;Vannier;57;04/07/2018;Salvador;R$ 3.500,00;;;;
HL4379; Televisão ;2;Beatriz;Santos;68;11/29/2018;Rio de Janeiro;R$ 2.500,00;;;;
HL9962; Android ;2;Thais;Rodrigues;24;4/24/2018;Goiânia;R$ 3.400,00;;;;
HL1148; Câmera ;1;Beatriz;Biase;74;05/11/2018;Curitiba;R$ 2.100,00;;;;
HL4379; Televisão ;4;Danilo;Alves;40;08/10/2018;São Paulo;R$ 2.500,00;;;;
HL1918; iPhone ;5;Marina;Aragão;64;04/04/2018;Belo Horizonte;R$ 5.300,00;;;;
HL2714; Tablet ;3;Eduardo;Pacheco;56;9/25/2018;Fortaleza;R$ 1.600,00;;;;
HL4379; Televisão ;5;Lucas;Lacerda;35;6/28/2018;Salvador;R$ 2.500,00;;;;
HL1918; iPhone ;2;Lucas;Reis;48;2/18/2018;Goiânia;R$ 5.300,00;;;;
HL9962; Android ;5;Camilla;Cardeman;71;11/20/2018;Rio de Janeiro;R$ 3.400,00;;;;
HL9962; Android ;1;Guilherme;Castilho;26;2/17/2018;Rio de Janeiro;R$ 3.400,00;;;;
HL1918; iPhone ;5;Jeferson;Costa;75;2/14/2018;Rio de Janeiro;R$ 5.300,00;;;;
HL1918; iPhone ;4;Ana;Silva;79;08/01/2018;Salvador;R$ 5.300,00;;;;
HL2714; Tablet ;5;Sthefeson;Barroso;47;4/20/2018;São Paulo;R$ 1.600,00;;;;
HL4379; Televisão ;5;Ruan;Gonçalves;44;12/18/2018;Fortaleza;R$ 2.500,00;;;;
HL2714; Tablet ;2;Gabrielle;Silva;37;10/26/2018;Rio de Janeiro;R$ 1.600,00;;;;
HL8851; Notebook ;4;Caio;Affonso;67;9/22/2018;São Paulo;R$ 3.500,00;;;;
HL1148; Câmera ;5;Larissa;Jesus;79;12/20/2018;Fortaleza;R$ 2.100,00;;;;
HL1918; iPhone ;3;Paula;Carneiro;40;2/16/2018;Belo Horizonte;R$ 5.300,00;;;;
HL8851; Notebook ;4;Thaís;Moura;76;4/19/2018;São Paulo;R$ 3.500,00;;;;
HL1918; iPhone ;1;Nathan;Morelli;66;08/06/2018;São Paulo;R$ 5.300,00;;;;
HL9962; Android ;1;Diego;Rodrigues;77;12/16/2018;Goiânia;R$ 3.400,00;;;;
HL4379; Televisão ;4;Giuseppe;Bhering;67;10/30/2018;Curitiba;R$ 2.500,00;;;;
HL4379; Televisão ;1;Itai;Puntel;64;10/05/2018;Recife;R$ 2.500,00;;;;
HL1918; iPhone ;2;Priscila;Carvalho;22;02/06/2018;Curitiba;R$ 5.300,00;;;;
HL1918; iPhone ;2;Stefan;Nunes;83;5/24/2018;Salvador;R$ 5.300,00;;;;
HL1918; iPhone ;1;Ana;Soledade;77;03/01/2018;Salvador;R$ 5.300,00;;;;
HL7348; SmartWatch ;3;Marina;Correa;49;5/19/2018;Fortaleza;R$ 1.400,00;;;;
HL4379; Televisão ;3;Diego;Rodrigues;47;2/15/2018;Curitiba;R$ 2.500,00;;;;
HL1918; iPhone ;1;Carolina;Bernardes;60;02/11/2018;Fortaleza;R$ 5.300,00;;;;
HL1918; iPhone ;4;Jônatas;Tanaka;50;6/29/2018;São Paulo;R$ 5.300,00;;;;
HL8851; Notebook ;3;Ulisses;Filho;78;07/12/2018;Recife;R$ 3.500,00;;;;
HL8851; Notebook ;4;Amanda;Delgado;30;7/19/2018;Fortaleza;R$ 3.500,00;;;;
HL4379; Televisão ;3;Renan;Firmino;35;08/09/2018;Salvador;R$ 2.500,00;;;;
HL4379; Televisão ;5;João;Monteiro;72;4/20/2018;Belo Horizonte;R$ 2.500,00;;;;
HL4379; Televisão ;5;Caroll;Johnson;74;12/05/2018;Belo Horizonte;R$ 2.500,00;;;;
HL7348; SmartWatch ;5;Michelle;Pereira;61;3/16/2018;São Paulo;R$ 1.400,00;;;;
HL1148; Câmera ;2;David;Vasconcelos;28;8/25/2018;Fortaleza;R$ 2.100,00;;;;
HL9962; Android ;5;Livia;Corrêa;33;10/17/2018;Curitiba;R$ 3.400,00;;;;
HL8851; Notebook ;4;Rojane;Lima;62;4/22/2018;Fortaleza;R$ 3.500,00;;;;
HL8851; Notebook ;5;Roberto;Mattos;31;11/17/2018;São Paulo;R$ 3.500,00;;;;
HL1148; Câmera ;4;Guilherme;Seixas;23;10/18/2018;Belo Horizonte;R$ 2.100,00;;;;
HL9962; Android ;3;Paula;Carneiro;53;2/18/2018;Salvador;R$ 3.400,00;;;;
HL8851; Notebook ;5;Rodrigo;Mendes;51;12/05/2018;Salvador;R$ 3.500,00;;;;
HL1918; iPhone ;4;Danilo;Mendonça;60;4/15/2018;São Paulo;R$ 5.300,00;;;;
HL2714; Tablet ;5;Ives;Barbosa;25;3/20/2018;Porto Alegre;R$ 1.600,00;;;;
HL9962; Android ;2;Roberto;Tiradentes;78;08/02/2018;Salvador;R$ 3.400,00;;;;
HL1918; iPhone ;3;Gustavo;Guimarães;78;8/13/2018;São Paulo;R$ 5.300,00;;;;
HL1918; iPhone ;3;Pedro;Costa;65;12/28/2018;Belo Horizonte;R$ 5.300,00;;;;
HL1918; iPhone ;3;Victor;Zakhm;60;2/23/2018;Fortaleza;R$ 5.300,00;;;;
HL2714; Tablet ;1;João;Peçanha;79;5/23/2018;Recife;R$ 1.600,00;;;;
HL4379; Televisão ;4;Jonatas;Passos;25;7/25/2018;Salvador;R$ 2.500,00;;;;
HL4379; Televisão ;3;Caroline;Aquino;38;04/02/2018;São Paulo;R$ 2.500,00;;;;
HL4379; Televisão ;5;Camila;Sobral;28;04/05/2018;São Paulo;R$ 2.500,00;;;;
HL2714; Tablet ;2;Matheus;Silva;82;6/20/2018;Salvador;R$ 1.600,00;;;;
HL2714; Tablet ;2;Eduardo;Soares;49;02/12/2018;Salvador;R$ 1.600,00;;;;
HL7348; SmartWatch ;4;Carlos;Barbosa;67;6/20/2018;Salvador;R$ 1.400,00;;;;
HL1918; iPhone ;5;Juliana;Huon;46;4/15/2018;São Paulo;R$ 5.300,00;;;;
HL1918; iPhone ;2;Jéssica;Stefanelli;42;05/05/2018;Salvador;R$ 5.300,00;;;;
HL7348; SmartWatch ;3;Fernanda;Junior;42;7/19/2018;Fortaleza;R$ 1.400,00;;;;
HL2714; Tablet ;4;Adriane;Gomes;58;02/02/2018;Salvador;R$ 1.600,00;;;;
HL2714; Tablet ;3;Hygor;Essaber;47;06/01/2018;Porto Alegre;R$ 1.600,00;;;;
HL8851; Notebook ;3;João;Bach;34;6/28/2018;São Paulo;R$ 3.500,00;;;;
HL1918; iPhone ;5;Adriane;Gomes;26;9/23/2018;São Paulo;R$ 5.300,00;;;;
HL1918; iPhone ;2;Ives;Teixeira;21;6/13/2018;Fortaleza;R$ 5.300,00;;;;
HL8851; Notebook ;5;Beatriz;Rocha;75;11/29/2018;Fortaleza;R$ 3.500,00;;;;
HL4379; Televisão ;3;Vivianne;Rodrigues;90;8/28/2018;Fortaleza;R$ 2.500,00;;;;
HL2714; Tablet ;5;Maria;Motta;38;12/07/2018;São Paulo;R$ 1.600,00;;;;
HL9962; Android ;5;Luana;Santana;56;7/25/2018;Goiânia;R$ 3.400,00;;;;
HL9962; Android ;4;Rogério;Gentile;44;10/13/2018;Recife;R$ 3.400,00;;;;
HL8851; Notebook ;4;Daniel;Felippe;82;10/04/2018;Rio de Janeiro;R$ 3.500,00;;;;
HL9962; Android ;1;Vanessa;Neves;88;2/21/2018;São Paulo;R$ 3.400,00;;;;
HL2714; Tablet ;5;Carlos;Galvão;57;9/22/2018;Fortaleza;R$ 1.600,00;;;;
HL8851; Notebook ;3;Giovana;Vilela;31;4/28/2018;Fortaleza;R$ 3.500,00;;;;
HL1918; iPhone ;2;Marina;Delgado;46;07/06/2018;São Paulo;R$ 5.300,00;;;;
HL7348; SmartWatch ;4;Rodrigo;Mendes;61;12/12/2018;Curitiba;R$ 1.400,00;;;;
HL4379; Televisão ;3;Adrielle;Gabriel;79;08/07/2018;Fortaleza;R$ 2.500,00;;;;
HL4379; Televisão ;4;Michelle;Pereira;65;06/12/2018;Belo Horizonte;R$ 2.500,00;;;;
HL1918; iPhone ;4;Michelle;Miura;51;8/21/2018;Fortaleza;R$ 5.300,00;;;;
HL1918; iPhone ;1;Ulisses;Filho;27;11/01/2018;Salvador;R$ 5.300,00;;;;
HL4379; Televisão ;5;Lucas;Freitas;42;11/11/2018;Rio de Janeiro;R$ 2.500,00;;;;
HL7348; SmartWatch ;1;Allan;Candido;80;9/30/2018;Salvador;R$ 1.400,00;;;;
HL7348; SmartWatch ;1;Raíza;Lopes;47;03/11/2018;Curitiba;R$ 1.400,00;;;;
HL4379; Televisão ;2;Alessandra;Martins;90;07/10/2018;Fortaleza;R$ 2.500,00;;;;
HL1918; iPhone ;2;Fernanda;Rubim;47;04/12/2018;São Paulo;R$ 5.300,00;;;;
HL8851; Notebook ;2;Myllena;Carneiro;45;09/10/2018;Rio de Janeiro;R$ 3.500,00;;;;
HL1918; iPhone ;3;Gustavo;Erthal;85;7/19/2018;Belo Horizonte;R$ 5.300,00;;;;
HL1918; iPhone ;4;Gabriel;Puntel;65;1/31/2018;Goiânia;R$ 5.300,00;;;;
HL1148; Câmera ;3;Juliana;Goes;21;4/15/2018;Rio de Janeiro;R$ 2.100,00;;;;
HL8851; Notebook ;4;Rafael;Rocha;64;08/05/2018;Recife;R$ 3.500,00;;;;
HL2714; Tablet ;3;Nina;Magalhães;27;2/26/2018;Fortaleza;R$ 1.600,00;;;;
HL2714; Tablet ;4;Julia;Leig;86;09/01/2018;Salvador;R$ 1.600,00;;;;
HL4379; Televisão ;3;Luiza;Farias;18;10/14/2018;Curitiba;R$ 2.500,00;;;;
HL1918; iPhone ;5;Luiz;Mendonça;79;1/31/2018;São Paulo;R$ 5.300,00;;;;
HL9962; Android ;2;Guilherme;Merotto;57;8/15/2018;Rio de Janeiro;R$ 3.400,00;;;;
HL1148; Câmera ;3;Beatriz;Biase;87;07/12/2018;Recife;R$ 2.100,00;;;;
HL8851; Notebook ;5;Gustavo;Thome;87;8/28/2018;São Paulo;R$ 3.500,00;;;;
HL1918; iPhone ;1;Rebeca;Taylor;54;05/01/2018;Porto Alegre;R$ 5.300,00;;;;
HL1918; iPhone ;1;Aline;Morais;83;8/21/2018;São Paulo;R$ 5.300,00;;;;
HL1148; Câmera ;4;João;Silva;42;08/06/2018;Belo Horizonte;R$ 2.100,00;;;;
HL1918; iPhone ;5;Caio;Moura;87;08/11/2018;Salvador;R$ 5.300,00;;;;
HL4379; Televisão ;2;Yasmim;Verly;90;10/30/2018;São Paulo;R$ 2.500,00;;;;
HL7348; SmartWatch ;5;Sylvio;Bernhardt;32;2/21/2018;Rio de Janeiro;R$ 1.400,00;;;;
HL7348; SmartWatch ;4;Luiza;Marques;31;05/02/2018;São Paulo;R$ 1.400,00;;;;
HL9962; Android ;4;Gustavo;Accardo;34;08/08/2018;Porto Alegre;R$ 3.400,00;;;;
HL7348; SmartWatch ;3;Maria;Junior;55;2/27/2018;Recife;R$ 1.400,00;;;;
HL8851; Notebook ;1;Luiza;Procaci;89;5/15/2018;Goiânia;R$ 3.500,00;;;;
HL4379; Televisão ;4;Iuri;Neto;61;10/17/2018;Salvador;R$ 2.500,00;;;;
HL9962; Android ;5;Carlos;Galvão;83;9/17/2018;Rio de Janeiro;R$ 3.400,00;;;;
HL1918; iPhone ;2;Julie;Ferreira;22;9/14/2018;Porto Alegre;R$ 5.300,00;;;;
HL1148; Câmera ;3;Camilla;Vieira;27;6/28/2018;São Paulo;R$ 2.100,00;;;;
HL1148; Câmera ;2;Felipe;Júnior;48;5/28/2018;Porto Alegre;R$ 2.100,00;;;;
HL2714; Tablet ;5;Sthefeson;Pereira;73;4/14/2018;Fortaleza;R$ 1.600,00;;;;
HL7348; SmartWatch ;1;Eduardo;Silva;70;2/26/2018;São Paulo;R$ 1.400,00;;;;
HL4379; Televisão ;3;Felipe;Mello;37;11/05/2018;Goiânia;R$ 2.500,00;;;;
HL1918; iPhone ;1;Carla;Zakhm;52;12/27/2018;Recife;R$ 5.300,00;;;;
HL2714; Tablet ;3;Célio;Xavier;82;09/09/2018;São Paulo;R$ 1.600,00;;;;
HL1918; iPhone ;5;Livia;Corrêa;19;11/08/2018;Salvador;R$ 5.300,00;;;;
HL4379; Televisão ;5;Pedro;Rodrigues;90;01/10/2018;Salvador;R$ 2.500,00;;;;
HL1918; iPhone ;2;Fernanda;Silva;37;12/10/2018;Recife;R$ 5.300,00;;;;
HL7348; SmartWatch ;3;Clara;Bruno;77;03/08/2018;Salvador;R$ 1.400,00;;;;
HL1918; iPhone ;5;Sylvio;Bernhardt;73;2/24/2018;Salvador;R$ 5.300,00;;;;
HL1918; iPhone ;4;Thayane;Resende;42;9/24/2018;São Paulo;R$ 5.300,00;;;;
HL4379; Televisão ;4;Luíza;Melo;67;6/18/2018;São Paulo;R$ 2.500,00;;;;
HL1918; iPhone ;5;Juliana;Silva;24;12/28/2018;Recife;R$ 5.300,00;;;;
HL8851; Notebook ;4;Elena;Barreto;52;2/24/2018;Porto Alegre;R$ 3.500,00;;;;
HL9962; Android ;1;Natalia;Marinho;78;01/10/2018;Goiânia;R$ 3.400,00;;;;
HL4379; Televisão ;3;Anderson;Barreto;21;5/25/2018;Fortaleza;R$ 2.500,00;;;;
HL4379; Televisão ;5;Guilherme;Seixas;78;7/23/2018;Rio de Janeiro;R$ 2.500,00;;;;
HL4379; Televisão ;2;Matheus;Miranda;82;7/17/2018;Goiânia;R$ 2.500,00;;;;
HL1148; Câmera ;2;Itai;Puntel;78;12/30/2018;Rio de Janeiro;R$ 2.100,00;;;;
HL1918; iPhone ;1;Luana;Santos;38;07/03/2018;Recife;R$ 5.300,00;;;;
HL1918; iPhone ;2;Luísa;Fonseca;23;6/20/2018;Goiânia;R$ 5.300,00;;;;
HL1918; iPhone ;4;Beatriz;Biase;30;05/07/2018;Fortaleza;R$ 5.300,00;;;;
HL2714; Tablet ;2;Lucas;Machado;42;08/04/2018;Fortaleza;R$ 1.600,00;;;;
HL2714; Tablet ;1;João;Capitulo;83;8/21/2018;Belo Horizonte;R$ 1.600,00;;;;
HL4379; Televisão ;5;Renan;Melo;85;11/04/2018;Goiânia;R$ 2.500,00;;;;
HL1148; Câmera ;2;Isabella;Montanholi;32;12/28/2018;São Paulo;R$ 2.100,00;;;;
HL7348; SmartWatch ;4;João;Peçanha;45;08/05/2018;Curitiba;R$ 1.400,00;;;;
HL8851; Notebook ;1;Carlos;Araujo;26;09/12/2018;Curitiba;R$ 3.500,00;;;;
HL4379; Televisão ;5;Breno;Caputo;52;12/10/2018;Fortaleza;R$ 2.500,00;;;;
HL9962; Android ;3;Gabriel;Thoni;49;04/06/2018;São Paulo;R$ 3.400,00;;;;
HL7348; SmartWatch ;4;Julia;Leig;71;03/10/2018;Recife;R$ 1.400,00;;;;
HL1918; iPhone ;1;Natália;Appel;52;12/04/2018;Salvador;R$ 5.300,00;;;;
HL4379; Televisão ;5;Luiz;Almeida;57;3/20/2018;Goiânia;R$ 2.500,00;;;;
HL1918; iPhone ;3;Lívia;Marques;20;2/15/2018;Curitiba;R$ 5.300,00;;;;
HL7348; SmartWatch ;4;Eric;Júnior;40;12/26/2018;Fortaleza;R$ 1.400,00;;;;
HL4379; Televisão ;1;Ana;Gomes;85;2/23/2018;Belo Horizonte;R$ 2.500,00;;;;
HL4379; Televisão ;2;Antonio;Bernhardt;30;06/04/2018;Recife;R$ 2.500,00;;;;
HL1918; iPhone ;5;Carlos;Souza;28;6/27/2018;São Paulo;R$ 5.300,00;;;;
HL1918; iPhone ;1;Ramon;Araujo;18;09/11/2018;Rio de Janeiro;R$ 5.300,00;;;;
HL1918; iPhone ;3;João;Capitulo;33;10/10/2018;Rio de Janeiro;R$ 5.300,00;;;;
HL1918; iPhone ;1;Pedro;Costa;87;11/30/2018;Rio de Janeiro;R$ 5.300,00;;;;
HL4379; Televisão ;2;Matheus;Santos;40;11/21/2018;Curitiba;R$ 2.500,00;;;;
HL9962; Android ;1;Isabelle;Firmino;19;03/06/2018;Rio de Janeiro;R$ 3.400,00;;;;
HL1918; iPhone ;4;Lázaro;Villanova;79;12/17/2018;São Paulo;R$ 5.300,00;;;;
HL1148; Câmera ;5;Barbara;Procaci;55;12/02/2018;Recife;R$ 2.100,00;;;;
HL4379; Televisão ;1;Luiza;Ribeiro;24;8/24/2018;Curitiba;R$ 2.500,00;;;;
HL2714; Tablet ;2;Bianca;Ferezin;48;06/11/2018;São Paulo;R$ 1.600,00;;;;
HL2714; Tablet ;3;Giulia;Pessanha;28;09/10/2018;Porto Alegre;R$ 1.600,00;;;;
HL7348; SmartWatch ;1;Luiza;Johnson;79;06/08/2018;Goiânia;R$ 1.400,00;;;;
HL2714; Tablet ;4;David;Assumpção;56;1/16/2018;Fortaleza;R$ 1.600,00;;;;
HL1918; iPhone ;5;João;Menezes;85;08/05/2018;Porto Alegre;R$ 5.300,00;;;;
HL7348; SmartWatch ;4;Helvio;Pedrosa;52;11/20/2018;Salvador;R$ 1.400,00;;;;
HL8851; Notebook ;1;Anna;Maia;40;1/31/2018;Salvador;R$ 3.500,00;;;;
HL2714; Tablet ;1;Raissa;Negrelli;70;3/27/2018;Recife;R$ 1.600,00;;;;
HL4379; Televisão ;5;Carlos;Mesquita;60;10/22/2018;Porto Alegre;R$ 2.500,00;;;;
HL8851; Notebook ;2;David;Vasconcelos;52;09/07/2018;São Paulo;R$ 3.500,00;;;;
HL4379; Televisão ;1;Gabriel;Azevedo;78;3/26/2018;Salvador;R$ 2.500,00;;;;
HL1148; Câmera ;5;Felipe;Freitas;69;04/12/2018;Belo Horizonte;R$ 2.100,00;;;;
HL1918; iPhone ;3;Guilherme;Lima;51;06/10/2018;São Paulo;R$ 5.300,00;;;;
HL4379; Televisão ;1;Rodrigo;Silva;36;8/26/2018;Fortaleza;R$ 2.500,00;;;;
HL1918; iPhone ;4;Luiz;Marinho;34;3/20/2018;Belo Horizonte;R$ 5.300,00;;;;
HL1918; iPhone ;5;Carolina;Alfradique;24;7/24/2018;Porto Alegre;R$ 5.300,00;;;;
HL1918; iPhone ;1;Igor;Azevedo;41;05/08/2018;Rio de Janeiro;R$ 5.300,00;;;;
HL1148; Câmera ;1;Rogério;Gentile;30;7/18/2018;Porto Alegre;R$ 2.100,00;;;;
HL2714; Tablet ;5;Victor;Magalhães;50;6/15/2018;Salvador;R$ 1.600,00;;;;
HL1918; iPhone ;2;Luiz;Freire;90;6/29/2018;São Paulo;R$ 5.300,00;;;;
HL9962; Android ;4;Pedro;Jorge;69;1/24/2018;Rio de Janeiro;R$ 3.400,00;;;;
HL2714; Tablet ;3;Carolina;Vasconcelos;28;1/13/2018;São Paulo;R$ 1.600,00;;;;
HL1148; Câmera ;2;Douglas;Rodrigues;58;2/15/2018;Curitiba;R$ 2.100,00;;;;
HL4379; Televisão ;1;Stela;Mendonça;30;09/05/2018;Curitiba;R$ 2.500,00;;;;
HL9962; Android ;1;Myllena;Carneiro;68;12/30/2018;Rio de Janeiro;R$ 3.400,00;;;;
HL1918; iPhone ;1;Roberta;Nogueira;69;2/17/2018;Salvador;R$ 5.300,00;;;;
HL1918; iPhone ;4;Célio;Xavier;70;03/04/2018;Salvador;R$ 5.300,00;;;;
HL1918; iPhone ;4;Vivianne;Rodrigues;36;9/17/2018;Salvador;R$ 5.300,00;;;;
HL4379; Televisão ;1;Pedro;Jorge;39;11/03/2018;Fortaleza;R$ 2.500,00;;;;
HL2714; Tablet ;5;Paola;Abreu;24;11/20/2018;Fortaleza;R$ 1.600,00;;;;
HL4379; Televisão ;5;Gustavo;Junior;85;7/24/2018;Recife;R$ 2.500,00;;;;
HL4379; Televisão ;2;Rodrigo;Ramos;85;6/22/2018;Goiânia;R$ 2.500,00;;;;
HL1918; iPhone ;2;Nathalia;Ventura;49;11/26/2018;Curitiba;R$ 5.300,00;;;;
HL1148; Câmera ;5;Camilla;Cardeman;88;04/08/2018;São Paulo;R$ 2.100,00;;;;
HL9962; Android ;4;Rafael;Carneiro;37;6/16/2018;Salvador;R$ 3.400,00;;;;
HL7348; SmartWatch ;4;Rebeca;Reis;61;12/13/2018;Fortaleza;R$ 1.400,00;;;;
HL8851; Notebook ;2;Rafaela;Gonçalves;70;1/19/2018;São Paulo;R$ 3.500,00;;;;
HL4379; Televisão ;3;José;Seixas;59;06/01/2018;São Paulo;R$ 2.500,00;;;;
HL1918; iPhone ;5;Marcelo;Guadagnino;78;04/08/2018;São Paulo;R$ 5.300,00;;;;
HL4379; Televisão ;2;Gabrielle;Costa;21;10/11/2018;Rio de Janeiro;R$ 2.500,00;;;;
HL1918; iPhone ;5;David;Campelo;48;07/03/2018;São Paulo;R$ 5.300,00;;;;
HL1148; Câmera ;1;Ana;Bôas;88;08/06/2018;Recife;R$ 2.100,00;;;;
HL1918; iPhone ;5;Priscila;Suzano;26;09/06/2018;Curitiba;R$ 5.300,00;;;;
HL9962; Android ;4;Manuela;Merege;61;12/22/2018;Porto Alegre;R$ 3.400,00;;;;
HL9962; Android ;5;Hércules;Júnior;25;3/24/2018;Curitiba;R$ 3.400,00;;;;
HL2714; Tablet ;3;Alon;Pestana;62;7/24/2018;Fortaleza;R$ 1.600,00;;;;
HL1918; iPhone ;1;Eduardo;Nunes;37;5/29/2018;São Paulo;R$ 5.300,00;;;;
HL2714; Tablet ;1;Juliana;Correa;64;07/08/2018;São Paulo;R$ 1.600,00;;;;
HL2714; Tablet ;4;Bruno;Barcessat;44;8/28/2018;Recife;R$ 1.600,00;;;;
HL1918; iPhone ;4;Fabio;Boccaletti;59;7/19/2018;Fortaleza;R$ 5.300,00;;;;
HL1918; iPhone ;2;Juan;Fernandes;25;09/02/2018;Recife;R$ 5.300,00;;;;
HL1918; iPhone ;5;Gustavo;Guimarães;49;06/05/2018;São Paulo;R$ 5.300,00;;;;
HL1148; Câmera ;1;Joyce;Medina;18;7/14/2018;Fortaleza;R$ 2.100,00;;;;
HL2714; Tablet ;3;Caroline;Delgado;47;12/31/2018;Rio de Janeiro;R$ 1.600,00;;;;
HL1148; Câmera ;5;Rodrigo;Silva;24;7/19/2018;Goiânia;R$ 2.100,00;;;;
HL4379; Televisão ;2;Gabriela;Fernandes;89;3/13/2018;Salvador;R$ 2.500,00;;;;
HL2714; Tablet ;4;Bruno;Barcessat;28;3/31/2018;Rio de Janeiro;R$ 1.600,00;;;;
HL8851; Notebook ;4;Bruna;Gomes;67;10/03/2018;Salvador;R$ 3.500,00;;;;
HL1148; Câmera ;2;Lara;Moreira;48;5/18/2018;Rio de Janeiro;R$ 2.100,00;;;;
HL1918; iPhone ;4;Carlos;Silva;48;09/03/2018;Belo Horizonte;R$ 5.300,00;;;;
HL4379; Televisão ;2;Roberto;Mattos;75;3/14/2018;São Paulo;R$ 2.500,00;;;;
HL1918; iPhone ;2;Priscila;Carvalho;67;7/24/2018;Belo Horizonte;R$ 5.300,00;;;;
HL1148; Câmera ;4;Joao;Pereira;76;3/23/2018;Porto Alegre;R$ 2.100,00;;;;
HL4379; Televisão ;1;Priscila;Garcia;32;12/29/2018;Fortaleza;R$ 2.500,00;;;;
HL4379; Televisão ;4;Carlos;Souza;20;5/13/2018;Goiânia;R$ 2.500,00;;;;
HL1148; Câmera ;4;Gabrielle;Porto;46;12/25/2018;São Paulo;R$ 2.100,00;;;;
HL8851; Notebook ;2;Marcelo;Magalhães;68;8/14/2018;Salvador;R$ 3.500,00;;;;
HL4379; Televisão ;2;Breno;Britto;49;10/15/2018;Recife;R$ 2.500,00;;;;
HL9962; Android ;2;Eduardo;Lopes;65;5/23/2018;Fortaleza;R$ 3.400,00;;;;
HL1918; iPhone ;2;Michelle;Miura;62;10/09/2018;Curitiba;R$ 5.300,00;;;;
HL2714; Tablet ;3;Jéssica;Resinente;68;2/19/2018;Belo Horizonte;R$ 1.600,00;;;;
HL8851; Notebook ;4;Raissa;Maia;27;6/30/2018;Rio de Janeiro;R$ 3.500,00;;;;
HL1148; Câmera ;4;Juliana;Souza;49;3/28/2018;São Paulo;R$ 2.100,00;;;;
HL4379; Televisão ;1;Isabel;Leite;89;10/30/2018;Goiânia;R$ 2.500,00;;;;
HL4379; Televisão ;5;Lorena;Kohn;30;9/13/2018;São Paulo;R$ 2.500,00;;;;
HL4379; Televisão ;1;Marina;Miranda;89;10/18/2018;Curitiba;R$ 2.500,00;;;;
HL9962; Android ;4;Rodrigo;Mendes;88;5/15/2018;São Paulo;R$ 3.400,00;;;;
HL9962; Android ;1;Debora;Silva;31;05/10/2018;São Paulo;R$ 3.400,00;;;;
HL1148; Câmera ;2;Nathalia;Ventura;53;7/19/2018;Curitiba;R$ 2.100,00;;;;
HL1918; iPhone ;1;Wilson;Brandão;49;3/20/2018;Rio de Janeiro;R$ 5.300,00;;;;
HL1918; iPhone ;1;Pedro;Costa;38;10/16/2018;Salvador;R$ 5.300,00;;;;
HL8851; Notebook ;5;Victor;Firmino;71;10/28/2018;Fortaleza;R$ 3.500,00;;;;
HL1148; Câmera ;3;José;Marques;59;6/19/2018;São Paulo;R$ 2.100,00;;;;
HL8851; Notebook ;4;Marcelo;Rosa;62;09/03/2018;Fortaleza;R$ 3.500,00;;;;
HL8851; Notebook ;2;Lázaro;Villanova;40;07/08/2018;Salvador;R$ 3.500,00;;;;
HL4379; Televisão ;5;Clarissa;Santos;47;6/25/2018;Fortaleza;R$ 2.500,00;;;;
HL9962; Android ;1;Matheus;Figueiredo;63;10/24/2018;Rio de Janeiro;R$ 3.400,00;;;;
HL1918; iPhone ;4;Clara;Silveira;45;11/01/2018;São Paulo;R$ 5.300,00;;;;
HL1918; iPhone ;1;Carlos;Azevedo;26;11/24/2018;Fortaleza;R$ 5.300,00;;;;
HL1918; iPhone ;4;Juan;Fernandes;82;12/21/2018;Belo Horizonte;R$ 5.300,00;;;;
HL4379; Televisão ;1;Guilherme;Castilho;49;1/25/2018;Rio de Janeiro;R$ 2.500,00;;;;
HL9962; Android ;5;Julia;Teixeira;88;02/05/2018;Fortaleza;R$ 3.400,00;;;;
HL1148; Câmera ;5;Michelle;Miura;37;08/05/2018;Belo Horizonte;R$ 2.100,00;;;;
HL9962; Android ;4;Rogério;Gentile;39;10/21/2018;Rio de Janeiro;R$ 3.400,00;;;;
HL8851; Notebook ;2;Paula;Isbelle;29;03/04/2018;Porto Alegre;R$ 3.500,00;;;;
HL1918; iPhone ;5;Isabella;Santos;58;09/12/2018;São Paulo;R$ 5.300,00;;;;
HL1918; iPhone ;5;Victor;Gomes;40;2/20/2018;Fortaleza;R$ 5.300,00;;;;
HL7348; SmartWatch ;2;Caio;Affonso;83;5/13/2018;Porto Alegre;R$ 1.400,00;;;;
HL1918; iPhone ;4;Raísa;Rodrigues;21;3/20/2018;Belo Horizonte;R$ 5.300,00;;;;
HL1918; iPhone ;4;Luis;Silva;35;9/23/2018;São Paulo;R$ 5.300,00;;;;
HL1918; iPhone ;2;Débora;Lopes;70;3/15/2018;Rio de Janeiro;R$ 5.300,00;;;;
HL1918; iPhone ;3;Juliana;Correa;61;02/05/2018;São Paulo;R$ 5.300,00;;;;
HL1918; iPhone ;2;Rilson;Dias;64;3/26/2018;São Paulo;R$ 5.300,00;;;;
HL1918; iPhone ;3;Vanessa;Bach;31;12/18/2018;Belo Horizonte;R$ 5.300,00;;;;
HL1918; iPhone ;3;Maria;Costa;77;08/11/2018;Recife;R$ 5.300,00;;;;
HL1918; iPhone ;3;Lucas;Cavalcanti;61;04/03/2018;São Paulo;R$ 5.300,00;;;;
HL9962; Android ;2;Amanda;Machado;80;08/05/2018;São Paulo;R$ 3.400,00;;;;
HL4379; Televisão ;2;Ulisses;Quinto;63;11/02/2018;São Paulo;R$ 2.500,00;;;;
HL4379; Televisão ;5;Caroll;Johnson;48;5/25/2018;Salvador;R$ 2.500,00;;;;
HL1148; Câmera ;5;Luiza;Cabral;52;1/15/2018;Goiânia;R$ 2.100,00;;;;
HL1148; Câmera ;3;Carlos;Mesquita;20;12/06/2018;Rio de Janeiro;R$ 2.100,00;;;;
HL1148; Câmera ;3;Luis;Garcia;49;12/09/2018;Fortaleza;R$ 2.100,00;;;;
HL4379; Televisão ;4;Leandro;Ferreira;59;1/14/2018;Belo Horizonte;R$ 2.500,00;;;;
HL4379; Televisão ;2;Gustavo;Guimarães;28;06/07/2018;Salvador;R$ 2.500,00;;;;
HL4379; Televisão ;3;Brenno;Santos;51;11/16/2018;Rio de Janeiro;R$ 2.500,00;;;;
HL7348; SmartWatch ;4;Izabel;Lopes;88;9/28/2018;Fortaleza;R$ 1.400,00;;;;
HL4379; Televisão ;4;Matheus;Gomes;84;11/06/2018;Belo Horizonte;R$ 2.500,00;;;;
HL9962; Android ;4;Cícero;Lima;90;7/14/2018;Curitiba;R$ 3.400,00;;;;
HL1148; Câmera ;2;Patrícia;Amaral;23;09/08/2018;Rio de Janeiro;R$ 2.100,00;;;;
HL7348; SmartWatch ;1;Antônio;Oliveira;68;09/10/2018;Curitiba;R$ 1.400,00;;;;
HL1148; Câmera ;5;Matheus;Souza;78;2/14/2018;Salvador;R$ 2.100,00;;;;
HL1148; Câmera ;3;Jonatas;Passos;59;5/19/2018;Goiânia;R$ 2.100,00;;;;
HL4379; Televisão ;3;Izabel;Lopes;85;9/13/2018;São Paulo;R$ 2.500,00;;;;
HL9962; Android ;1;Carla;Zakhm;41;8/23/2018;São Paulo;R$ 3.400,00;;;;
HL1918; iPhone ;4;Caroline;Cavalcanti;18;10/06/2018;Belo Horizonte;R$ 5.300,00;;;;
HL1918; iPhone ;5;Andressa;Rotsztejn;20;6/15/2018;Belo Horizonte;R$ 5.300,00;;;;
HL1918; iPhone ;3;Ana;Soledade;75;3/26/2018;Salvador;R$ 5.300,00;;;;
HL1918; iPhone ;2;Beatriz;Almeida;62;8/26/2018;Recife;R$ 5.300,00;;;;
HL4379; Televisão ;2;Lucas;Lacerda;75;4/21/2018;Belo Horizonte;R$ 2.500,00;;;;
HL4379; Televisão ;5;Amanda;Procaci;45;5/22/2018;Curitiba;R$ 2.500,00;;;;
HL7348; SmartWatch ;4;Raphael;Filho;60;2/22/2018;Curitiba;R$ 1.400,00;;;;
HL1148; Câmera ;4;Luiza;Farias;57;05/05/2018;Curitiba;R$ 2.100,00;;;;
HL1918; iPhone ;1;Jéssica;Teixeira;83;4/28/2018;Rio de Janeiro;R$ 5.300,00;;;;
HL1918; iPhone ;3;Luã;Sá;27;1/21/2018;Curitiba;R$ 5.300,00;;;;
HL4379; Televisão ;5;Izabel;Lopes;78;1/26/2018;Salvador;R$ 2.500,00;;;;
HL1918; iPhone ;2;Leandro;Melo;24;10/15/2018;São Paulo;R$ 5.300,00;;;;
HL8851; Notebook ;1;Gustavo;Accardo;36;12/15/2018;São Paulo;R$ 3.500,00;;;;
HL1148; Câmera ;2;Lucas;Reis;57;5/21/2018;São Paulo;R$ 2.100,00;;;;
HL4379; Televisão ;1;Miguel;Carneiro;28;08/09/2018;Curitiba;R$ 2.500,00;;;;
HL1918; iPhone ;3;Marina;Gama;63;12/19/2018;Fortaleza;R$ 5.300,00;;;;
HL7348; SmartWatch ;4;Beatriz;Cavalcanti;21;12/26/2018;Rio de Janeiro;R$ 1.400,00;;;;
HL4379; Televisão ;5;Livia;Corrêa;65;10/01/2018;São Paulo;R$ 2.500,00;;;;
HL1918; iPhone ;3;Amanda;Roberto;33;01/08/2018;Rio de Janeiro;R$ 5.300,00;;;;
HL2714; Tablet ;5;Beatriz;Rodrigues;87;05/02/2018;Fortaleza;R$ 1.600,00;;;;
HL4379; Televisão ;1;Cícero;Ramos;52;01/04/2018;Rio de Janeiro;R$ 2.500,00;;;;
HL4379; Televisão ;2;Maurício;Dias;82;4/23/2018;Fortaleza;R$ 2.500,00;;;;
HL8851; Notebook ;1;Amanda;Machado;38;3/29/2018;Salvador;R$ 3.500,00;;;;
HL4379; Televisão ;3;Leonardo;Ferreira;55;6/21/2018;Salvador;R$ 2.500,00;;;;
HL1918; iPhone ;1;Natália;Appel;39;10/29/2018;São Paulo;R$ 5.300,00;;;;
HL1148; Câmera ;5;Platini;Heimlich;50;07/12/2018;São Paulo;R$ 2.100,00;;;;
HL1148; Câmera ;1;Wilson;Vianna;75;3/15/2018;Belo Horizonte;R$ 2.100,00;;;;
HL8851; Notebook ;3;Mateus;Polastri;40;06/10/2018;Fortaleza;R$ 3.500,00;;;;
HL1918; iPhone ;4;Diogo;Ressurreição;57;1/25/2018;Recife;R$ 5.300,00;;;;
HL1918; iPhone ;3;Juliana;Goes;30;5/18/2018;Fortaleza;R$ 5.300,00;;;;
HL4379; Televisão ;3;Pedro;Bitencourt;89;9/13/2018;São Paulo;R$ 2.500,00;;;;
HL1918; iPhone ;1;Felipe;Freitas;37;07/03/2018;Rio de Janeiro;R$ 5.300,00;;;;
HL8851; Notebook ;1;Gustavo;Junior;70;5/15/2018;Salvador;R$ 3.500,00;;;;
HL1148; Câmera ;2;Lucas;Monte;33;9/30/2018;São Paulo;R$ 2.100,00;;;;
HL8851; Notebook ;2;Thiago;Costa;44;07/06/2018;Porto Alegre;R$ 3.500,00;;;;
HL1918; iPhone ;3;Cláudio;Aragão;49;8/26/2018;Recife;R$ 5.300,00;;;;
HL4379; Televisão ;1;Pedro;Cardoso;70;11/24/2018;Fortaleza;R$ 2.500,00;;;;
HL4379; Televisão ;3;João;Júnior;55;2/21/2018;Rio de Janeiro;R$ 2.500,00;;;;
HL4379; Televisão ;4;João;Capitulo;50;4/13/2018;Salvador;R$ 2.500,00;;;;
HL4379; Televisão ;5;Ana;Michetti;61;07/10/2018;Salvador;R$ 2.500,00;;;;
HL1918; iPhone ;3;Victor;Oliveira;70;10/14/2018;Fortaleza;R$ 5.300,00;;;;
HL4379; Televisão ;4;Adrielle;Gabriel;27;09/01/2018;São Paulo;R$ 2.500,00;;;;
HL1148; Câmera ;1;Stephanie;Oliveira;35;10/02/2018;Porto Alegre;R$ 2.100,00;;;;
HL4379; Televisão ;1;Breno;Godoy;50;03/09/2018;Goiânia;R$ 2.500,00;;;;
HL4379; Televisão ;2;Juan;Barbosa;45;4/25/2018;Salvador;R$ 2.500,00;;;;
HL7348; SmartWatch ;2;Carolina;Motta;68;10/20/2018;São Paulo;R$ 1.400,00;;;;
HL7348; SmartWatch ;5;João;Luz;46;07/05/2018;Fortaleza;R$ 1.400,00;;;;
HL7348; SmartWatch ;1;Rebeca;Taylor;57;3/29/2018;São Paulo;R$ 1.400,00;;;;
HL1918; iPhone ;2;Thales;Portillo;87;02/02/2018;Curitiba;R$ 5.300,00;;;;
HL2714; Tablet ;3;Samara;Pinto;86;10/05/2018;São Paulo;R$ 1.600,00;;;;
HL1918; iPhone ;2;Júlio;Fraga;85;12/16/2018;Fortaleza;R$ 5.300,00;;;;
HL2714; Tablet ;5;Lucas;Assunção;41;10/23/2018;Porto Alegre;R$ 1.600,00;;;;
HL1918; iPhone ;1;Izabel;Lopes;54;06/10/2018;Goiânia;R$ 5.300,00;;;;
HL1918; iPhone ;3;Rodrigo;Bruno;49;8/26/2018;Rio de Janeiro;R$ 5.300,00;;;;
HL4379; Televisão ;4;Juliana;Huon;66;5/18/2018;São Paulo;R$ 2.500,00;;;;
HL8851; Notebook ;1;Renan;Firmino;58;7/18/2018;São Paulo;R$ 3.500,00;;;;
HL8851; Notebook ;3;Bruna;Silveira;61;11/09/2018;Salvador;R$ 3.500,00;;;;
HL1918; iPhone ;5;Maria;Junior;24;12/26/2018;São Paulo;R$ 5.300,00;;;;
HL1918; iPhone ;2;Lucas;Junior;36;12/31/2018;Goiânia;R$ 5.300,00;;;;
HL8851; Notebook ;3;Bruno;Salomão;82;06/01/2018;Fortaleza;R$ 3.500,00;;;;
HL1918; iPhone ;4;Lucas;Lacerda;40;5/16/2018;Recife;R$ 5.300,00;;;;
HL1918; iPhone ;3;Mariana;Barrozo;25;5/24/2018;Porto Alegre;R$ 5.300,00;;;;
HL7348; SmartWatch ;1;Júlio;Freire;75;01/02/2018;São Paulo;R$ 1.400,00;;;;
HL1148; Câmera ;1;Victor;Corrêa;80;06/01/2018;Fortaleza;R$ 2.100,00;;;;
HL1918; iPhone ;2;Maria;Mello;27;05/01/2018;Belo Horizonte;R$ 5.300,00;;;;
HL8851; Notebook ;3;Beatriz;Biase;90;01/09/2018;Recife;R$ 3.500,00;;;;
HL1918; iPhone ;1;Paola;Abreu;23;2/19/2018;Rio de Janeiro;R$ 5.300,00;;;;
HL4379; Televisão ;4;Guilherme;Lima;47;10/17/2018;São Paulo;R$ 2.500,00;;;;
HL4379; Televisão ;2;Anna;Silva;26;07/02/2018;Rio de Janeiro;R$ 2.500,00;;;;
HL4379; Televisão ;4;Thales;Fanara;54;12/19/2018;Recife;R$ 2.500,00;;;;
HL8851; Notebook ;3;Lucas;Almeida;32;03/06/2018;Rio de Janeiro;R$ 3.500,00;;;;
HL2714; Tablet ;2;Patrícia;Amaral;35;11/03/2018;Salvador;R$ 1.600,00;;;;
HL4379; Televisão ;5;Ravena;Bhering;87;07/09/2018;Fortaleza;R$ 2.500,00;;;;
HL7348; SmartWatch ;3;Bruna;Rosa;47;1/24/2018;Rio de Janeiro;R$ 1.400,00;;;;
HL1918; iPhone ;1;Paula;Carneiro;53;09/03/2018;Curitiba;R$ 5.300,00;;;;
HL1918; iPhone ;5;Matheus;Silva;82;02/04/2018;São Paulo;R$ 5.300,00;;;;
HL4379; Televisão ;5;Yasmim;Verly;87;04/06/2018;Porto Alegre;R$ 2.500,00;;;;
HL8851; Notebook ;4;Pedro;Bitencourt;89;3/14/2018;Rio de Janeiro;R$ 3.500,00;;;;
HL1918; iPhone ;3;Thaís;Moura;44;6/29/2018;Goiânia;R$ 5.300,00;;;;
HL4379; Televisão ;3;Juliana;Barreira;66;11/11/2018;São Paulo;R$ 2.500,00;;;;
HL7348; SmartWatch ;1;Yasmim;Verly;40;03/09/2018;Recife;R$ 1.400,00;;;;
HL8851; Notebook ;3;Alberto;Silveira;63;5/17/2018;Belo Horizonte;R$ 3.500,00;;;;
HL1918; iPhone ;3;Matheus;Miranda;78;12/11/2018;Rio de Janeiro;R$ 5.300,00;;;;
HL7348; SmartWatch ;1;Luísa;Fonseca;52;05/01/2018;Fortaleza;R$ 1.400,00;;;;
HL1148; Câmera ;4;Juliana;Silva;86;8/19/2018;São Paulo;R$ 2.100,00;;;;
HL7348; SmartWatch ;2;Matheus;Ramos;72;7/15/2018;Goiânia;R$ 1.400,00;;;;
HL7348; SmartWatch ;3;Bruna;Silveira;78;10/06/2018;Curitiba;R$ 1.400,00;;;;
HL2714; Tablet ;4;Caroline;Delgado;71;05/05/2018;São Paulo;R$ 1.600,00;;;;
HL1918; iPhone ;1;Juliana;Guimarães;87;11/27/2018;Goiânia;R$ 5.300,00;;;;
HL4379; Televisão ;3;Livia;Cozendey;41;1/24/2018;Recife;R$ 2.500,00;;;;
HL1148; Câmera ;3;Adriane;Chagas;66;09/06/2018;Fortaleza;R$ 2.100,00;;;;
HL4379; Televisão ;2;Bárbara;Cavalcante;28;12/01/2018;Curitiba;R$ 2.500,00;;;;
HL9962; Android ;5;Fernanda;Coutinho;26;04/01/2018;Salvador;R$ 3.400,00;;;;
HL8851; Notebook ;5;Alon;Fahrnholz;30;11/24/2018;Curitiba;R$ 3.500,00;;;;
HL1918; iPhone ;5;Paula;Cavalcanti;39;08/10/2018;Fortaleza;R$ 5.300,00;;;;
HL1918; iPhone ;1;Letícia;Leal;57;9/15/2018;São Paulo;R$ 5.300,00;;;;
HL4379; Televisão ;4;Luis;Silva;89;2/28/2018;Fortaleza;R$ 2.500,00;;;;
HL8851; Notebook ;5;Wilson;Meirelles;45;5/23/2018;Belo Horizonte;R$ 3.500,00;;;;
HL1148; Câmera ;2;Breno;Costa;88;10/02/2018;São Paulo;R$ 2.100,00;;;;
HL1918; iPhone ;1;Gabrielle;Costa;75;1/31/2018;Salvador;R$ 5.300,00;;;;
HL1918; iPhone ;4;Gabrielle;Viríssimo;38;2/16/2018;Fortaleza;R$ 5.300,00;;;;
HL4379; Televisão ;5;Alessandra;Martins;73;7/26/2018;Porto Alegre;R$ 2.500,00;;;;
HL9962; Android ;2;Joana;Calmon;72;2/21/2018;Fortaleza;R$ 3.400,00;;;;
HL2714; Tablet ;3;Izabel;Lopes;55;6/20/2018;Fortaleza;R$ 1.600,00;;;;
HL7348; SmartWatch ;1;Leandro;Ferreira;69;10/27/2018;Salvador;R$ 1.400,00;;;;
HL8851; Notebook ;5;Ana;Felippe;74;01/06/2018;São Paulo;R$ 3.500,00;;;;
HL1918; iPhone ;5;Lázaro;Villanova;36;11/04/2018;Recife;R$ 5.300,00;;;;
HL1918; iPhone ;1;Gustavo;Erthal;35;09/12/2018;Fortaleza;R$ 5.300,00;;;;
HL1918; iPhone ;3;Rafaela;Gomes;52;10/11/2018;Fortaleza;R$ 5.300,00;;;;
HL2714; Tablet ;5;Sthefeson;Pereira;84;10/29/2018;Recife;R$ 1.600,00;;;;
HL7348; SmartWatch ;2;Lorena;Carvalho;74;11/20/2018;Rio de Janeiro;R$ 1.400,00;;;;
HL1918; iPhone ;3;Matheus;Gomes;48;10/21/2018;Fortaleza;R$ 5.300,00;;;;
HL2714; Tablet ;5;Thayna;Martins;44;02/11/2018;São Paulo;R$ 1.600,00;;;;
HL1918; iPhone ;4;Paula;Cavalcanti;68;7/17/2018;Belo Horizonte;R$ 5.300,00;;;;
HL7348; SmartWatch ;4;Beatriz;Rocha;56;12/24/2018;Fortaleza;R$ 1.400,00;;;;
HL1918; iPhone ;3;Fernanda;Figueiredo;81;8/21/2018;Recife;R$ 5.300,00;;;;
HL4379; Televisão ;5;Jéssica;Stefanelli;62;05/10/2018;Recife;R$ 2.500,00;;;;
HL1918; iPhone ;1;Lucas;Lacerda;43;6/27/2018;Curitiba;R$ 5.300,00;;;;
HL4379; Televisão ;4;Marcos;Nucci;21;7/27/2018;Porto Alegre;R$ 2.500,00;;;;
HL4379; Televisão ;3;Gabriel;Assis;55;3/25/2018;São Paulo;R$ 2.500,00;;;;
HL1918; iPhone ;5;Bruna;Brandao;71;6/16/2018;Recife;R$ 5.300,00;;;;
HL1148; Câmera ;3;Lucas;Baptista;45;7/15/2018;Rio de Janeiro;R$ 2.100,00;;;;
HL1918; iPhone ;5;Julia;Figueiredo;21;1/23/2018;Porto Alegre;R$ 5.300,00;;;;
HL7348; SmartWatch ;3;Daniela;Rosa;39;06/03/2018;São Paulo;R$ 1.400,00;;;;
HL1918; iPhone ;4;Lais;Candido;51;6/16/2018;Fortaleza;R$ 5.300,00;;;;
HL1918; iPhone ;1;Thainá;Binello;50;09/05/2018;Belo Horizonte;R$ 5.300,00;;;;
HL9962; Android ;5;Pedro;Ronfini;87;12/28/2018;Porto Alegre;R$ 3.400,00;;;;
HL4379; Televisão ;5;Andressa;Chou;65;2/19/2018;Curitiba;R$ 2.500,00;;;;
HL4379; Televisão ;4;Lenon;Fernandes;76;4/19/2018;Goiânia;R$ 2.500,00;;;;
HL1918; iPhone ;1;Ana;Leite;83;6/24/2018;São Paulo;R$ 5.300,00;;;;
HL2714; Tablet ;5;Matheus;Delgado;19;2/26/2018;Belo Horizonte;R$ 1.600,00;;;;
HL4379; Televisão ;3;Gabriella;Sagrillo;26;03/04/2018;Salvador;R$ 2.500,00;;;;
HL4379; Televisão ;4;Wendela;Veloso;50;5/15/2018;Fortaleza;R$ 2.500,00;;;;
HL1918; iPhone ;4;Pedro;Ronfini;69;6/18/2018;São Paulo;R$ 5.300,00;;;;
HL1918; iPhone ;4;Rodrigo;Alves;27;1/15/2018;Fortaleza;R$ 5.300,00;;;;
HL1148; Câmera ;4;Itai;Puntel;48;05/10/2018;Porto Alegre;R$ 2.100,00;;;;
HL1918; iPhone ;3;Bárbara;Cavalcante;62;04/03/2018;Rio de Janeiro;R$ 5.300,00;;;;
HL4379; Televisão ;4;João;Peçanha;19;7/15/2018;Fortaleza;R$ 2.500,00;;;;
HL1918; iPhone ;4;Nina;Magalhães;59;08/10/2018;Recife;R$ 5.300,00;;;;
HL4379; Televisão ;2;Rubens;Netto;56;10/31/2018;Belo Horizonte;R$ 2.500,00;;;;
HL1918; iPhone ;5;Jônatas;Tanaka;48;08/08/2018;Goiânia;R$ 5.300,00;;;;
HL1918; iPhone ;2;Fernanda;Rubim;73;11/14/2018;Recife;R$ 5.300,00;;;;
HL2714; Tablet ;2;Matheus;Miranda;27;12/12/2018;São Paulo;R$ 1.600,00;;;;
HL4379; Televisão ;3;Beatriz;Silva;45;2/16/2018;Belo Horizonte;R$ 2.500,00;;;;
HL4379; Televisão ;2;Fillipe;Almeida;85;5/22/2018;Rio de Janeiro;R$ 2.500,00;;;;
HL1918; iPhone ;4;Erick;Soares;52;04/12/2018;Fortaleza;R$ 5.300,00;;;;
HL1918; iPhone ;2;Raíssa;Oros;43;12/07/2018;Salvador;R$ 5.300,00;;;;
HL1918; iPhone ;2;Raphael;Kurtz;28;7/19/2018;São Paulo;R$ 5.300,00;;;;
HL1918; iPhone ;2;Myllena;Carneiro;67;07/03/2018;São Paulo;R$ 5.300,00;;;;
HL4379; Televisão ;5;Ulisses;Filho;18;4/27/2018;Recife;R$ 2.500,00;;;;
HL7348; SmartWatch ;5;Carlos;Araujo;59;4/25/2018;Rio de Janeiro;R$ 1.400,00;;;;
HL1918; iPhone ;1;Rafael;Portela;27;1/20/2018;São Paulo;R$ 5.300,00;;;;
HL7348; SmartWatch ;4;Priscila;Suzano;39;03/02/2018;Goiânia;R$ 1.400,00;;;;
HL1148; Câmera ;2;Amanda;Gontijo;53;2/24/2018;São Paulo;R$ 2.100,00;;;;
HL9962; Android ;5;Pedro;Buraco;59;12/25/2018;São Paulo;R$ 3.400,00;;;;
HL1918; iPhone ;5;Arthur;Pereira;49;11/06/2018;Belo Horizonte;R$ 5.300,00;;;;
HL7348; SmartWatch ;2;Maike;Pereira;25;5/16/2018;São Paulo;R$ 1.400,00;;;;
HL4379; Televisão ;5;Tadeu;Nakayama;72;1/28/2018;São Paulo;R$ 2.500,00;;;;
HL1148; Câmera ;4;Iuri;Barbosa;87;7/13/2018;Salvador;R$ 2.100,00;;;;
HL7348; SmartWatch ;2;Lucas;Almeida;36;08/08/2018;Goiânia;R$ 1.400,00;;;;
HL8851; Notebook ;5;Leandro;Rodrigues;39;10/01/2018;São Paulo;R$ 3.500,00;;;;
HL1918; iPhone ;1;Jessica;Cordovil;68;9/20/2018;Curitiba;R$ 5.300,00;;;;
HL4379; Televisão ;2;Rebeca;Taylor;79;4/25/2018;Curitiba;R$ 2.500,00;;;;
HL2714; Tablet ;1;Jorge;Fonseca;26;03/04/2018;Fortaleza;R$ 1.600,00;;;;
HL1918; iPhone ;1;Kim;Ferreira;49;07/12/2018;Fortaleza;R$ 5.300,00;;;;
HL4379; Televisão ;5;Giselia;Thiele;75;7/28/2018;São Paulo;R$ 2.500,00;;;;
HL1918; iPhone ;5;Larissa;Jesus;37;10/20/2018;São Paulo;R$ 5.300,00;;;;
HL1148; Câmera ;2;Bruna;Rosa;61;3/13/2018;Salvador;R$ 2.100,00;;;;
HL7348; SmartWatch ;3;Gabriel;Silva;49;12/20/2018;Recife;R$ 1.400,00;;;;
HL1918; iPhone ;5;Caio;Caldas;31;4/20/2018;Belo Horizonte;R$ 5.300,00;;;;
HL8851; Notebook ;3;Daniel;Felippe;43;11/15/2018;Rio de Janeiro;R$ 3.500,00;;;;
HL2714; Tablet ;2;Izabel;Lopes;61;3/25/2018;São Paulo;R$ 1.600,00;;;;
HL1148; Câmera ;1;Myllena;Carneiro;19;10/25/2018;Curitiba;R$ 2.100,00;;;;
HL7348; SmartWatch ;1;Lucas;Rodrigues;29;8/29/2018;Rio de Janeiro;R$ 1.400,00;;;;
HL8851; Notebook ;2;Samara;Pinto;80;08/04/2018;Salvador;R$ 3.500,00;;;;
HL4379; Televisão ;5;Vitor;Boccaletti;76;9/17/2018;Goiânia;R$ 2.500,00;;;;
HL1148; Câmera ;4;Daniel;Valente;44;9/24/2018;Recife;R$ 2.100,00;;;;
HL4379; Televisão ;5;Thales;Fanara;55;2/17/2018;São Paulo;R$ 2.500,00;;;;
HL2714; Tablet ;1;Ana;Carvalho;86;12/11/2018;Goiânia;R$ 1.600,00;;;;
HL2714; Tablet ;3;Paulo;Campos;44;4/24/2018;São Paulo;R$ 1.600,00;;;;
HL1148; Câmera ;5;Breno;Godoy;60;12/15/2018;São Paulo;R$ 2.100,00;;;;
HL1918; iPhone ;4;Nathan;Morelli;79;07/12/2018;São Paulo;R$ 5.300,00;;;;
HL1918; iPhone ;3;Vitor;Campos;69;9/14/2018;Curitiba;R$ 5.300,00;;;;
HL4379; Televisão ;5;Victor;Lira;63;12/12/2018;Salvador;R$ 2.500,00;;;;
HL1918; iPhone ;2;Bianca;Procaci;51;03/03/2018;Fortaleza;R$ 5.300,00;;;;
HL4379; Televisão ;2;Bruna;Londero;65;8/30/2018;São Paulo;R$ 2.500,00;;;;
HL4379; Televisão ;3;Giuseppe;Borges;44;01/11/2018;São Paulo;R$ 2.500,00;;;;
HL1918; iPhone ;5;Yasmim;Verly;38;9/14/2018;Salvador;R$ 5.300,00;;;;
HL1148; Câmera ;3;Wilson;Brandão;23;03/04/2018;Fortaleza;R$ 2.100,00;;;;
HL9962; Android ;2;Hygor;Essaber;83;8/24/2018;Fortaleza;R$ 3.400,00;;;;
HL1918; iPhone ;3;Marina;Mesquita;76;10/10/2018;Salvador;R$ 5.300,00;;;;
HL4379; Televisão ;3;Juliana;Correa;21;3/24/2018;Belo Horizonte;R$ 2.500,00;;;;
HL9962; Android ;3;Victor;Gomes;69;9/29/2018;Porto Alegre;R$ 3.400,00;;;;
HL1918; iPhone ;5;Bianca;Paz;67;10/03/2018;Salvador;R$ 5.300,00;;;;
HL1918; iPhone ;5;Danilo;Alves;87;11/02/2018;Salvador;R$ 5.300,00;;;;
HL1148; Câmera ;2;Daniel;Nauenberg;65;12/12/2018;São Paulo;R$ 2.100,00;;;;
HL9962; Android ;4;Michelle;Miura;51;03/09/2018;São Paulo;R$ 3.400,00;;;;
HL2714; Tablet ;1;Anderson;Cavalcanti;41;10/28/2018;Belo Horizonte;R$ 1.600,00;;;;
HL1918; iPhone ;4;Guilherme;Assis;86;05/10/2018;São Paulo;R$ 5.300,00;;;;
HL1918; iPhone ;3;Rilson;Dias;89;9/15/2018;Fortaleza;R$ 5.300,00;;;;
HL1918; iPhone ;4;Jéssica;Teixeira;45;11/27/2018;São Paulo;R$ 5.300,00;;;;
HL4379; Televisão ;1;Beatriz;Perdomo;41;12/23/2018;São Paulo;R$ 2.500,00;;;;
HL4379; Televisão ;2;Guido;Monteiro;88;10/10/2018;Rio de Janeiro;R$ 2.500,00;;;;
HL1918; iPhone ;2;Alex;Fernandes;51;6/21/2018;Goiânia;R$ 5.300,00;;;;
HL7348; SmartWatch ;3;Natalia;Accioly;61;6/19/2018;Salvador;R$ 1.400,00;;;;
HL4379; Televisão ;3;José;Fonseca;27;4/15/2018;Fortaleza;R$ 2.500,00;;;;
HL1918; iPhone ;2;João;Pedrazza;59;3/19/2018;Rio de Janeiro;R$ 5.300,00;;;;
HL4379; Televisão ;5;Gabrielle;Figueiredo;68;01/10/2018;Rio de Janeiro;R$ 2.500,00;;;;
HL7348; SmartWatch ;2;Gabriella;Sagrillo;62;10/31/2018;Salvador;R$ 1.400,00;;;;
HL1918; iPhone ;4;Guilherme;Lima;68;03/09/2018;Goiânia;R$ 5.300,00;;;;
HL8851; Notebook ;3;Gabriel;Soares;35;6/27/2018;Fortaleza;R$ 3.500,00;;;;
HL7348; SmartWatch ;3;Paola;Abreu;62;3/29/2018;Salvador;R$ 1.400,00;;;;
HL4379; Televisão ;1;Carolina;Abrahão;50;3/23/2018;Fortaleza;R$ 2.500,00;;;;
HL2714; Tablet ;4;Carolina;Silva;64;07/11/2018;Fortaleza;R$ 1.600,00;;;;
HL8851; Notebook ;2;Breno;Costa;68;10/13/2018;Porto Alegre;R$ 3.500,00;;;;
HL1148; Câmera ;4;Maurício;Dias;31;8/27/2018;Curitiba;R$ 2.100,00;;;;
HL2714; Tablet ;3;Danilo;Alves;63;12/29/2018;São Paulo;R$ 1.600,00;;;;
HL2714; Tablet ;5;Wellington;Duarte;90;05/03/2018;Salvador;R$ 1.600,00;;;;
HL1918; iPhone ;5;Ana;Miura;40;09/01/2018;São Paulo;R$ 5.300,00;;;;
HL1918; iPhone ;5;João;Junior;23;04/08/2018;Goiânia;R$ 5.300,00;;;;
HL1148; Câmera ;1;Alexandre;Rodriguez;24;11/06/2018;São Paulo;R$ 2.100,00;;;;
HL1918; iPhone ;4;Lorena;Carvalho;49;8/31/2018;Rio de Janeiro;R$ 5.300,00;;;;
HL9962; Android ;5;Clarissa;Santos;21;7/24/2018;Fortaleza;R$ 3.400,00;;;;
HL2714; Tablet ;2;Eduardo;Ferreira;25;05/07/2018;Fortaleza;R$ 1.600,00;;;;
HL1918; iPhone ;4;Bruna;Soares;27;2/16/2018;Curitiba;R$ 5.300,00;;;;
HL9962; Android ;5;Carolina;Abrahão;69;1/27/2018;Rio de Janeiro;R$ 3.400,00;;;;
HL1918; iPhone ;5;Victor;Franco;61;1/31/2018;São Paulo;R$ 5.300,00;;;;
HL7348; SmartWatch ;2;Arthur;Rocha;18;3/16/2018;Rio de Janeiro;R$ 1.400,00;;;;
HL1918; iPhone ;3;Milena;Almeida;74;12/02/2018;Goiânia;R$ 5.300,00;;;;
HL1918; iPhone ;1;David;Campelo;31;2/20/2018;Rio de Janeiro;R$ 5.300,00;;;;
HL1918; iPhone ;2;Maria;Correa;34;7/26/2018;Belo Horizonte;R$ 5.300,00;;;;
HL4379; Televisão ;5;Eric;Neves;23;04/02/2018;São Paulo;R$ 2.500,00;;;;
HL8851; Notebook ;2;Diego;Mello;85;6/18/2018;Belo Horizonte;R$ 3.500,00;;;;
HL1918; iPhone ;5;João;Bach;70;9/17/2018;São Paulo;R$ 5.300,00;;;;
HL9962; Android ;4;Felipe;Cavalcanti;46;07/04/2018;Rio de Janeiro;R$ 3.400,00;;;;
HL4379; Televisão ;2;Tainah;Nogueira;26;1/20/2018;Porto Alegre;R$ 2.500,00;;;;
HL1918; iPhone ;1;Rogério;Pereira;26;6/26/2018;São Paulo;R$ 5.300,00;;;;
HL9962; Android ;2;Anderson;Martins;52;08/10/2018;Salvador;R$ 3.400,00;;;;
HL4379; Televisão ;4;Gabriel;Garcia;42;09/09/2018;São Paulo;R$ 2.500,00;;;;
HL1918; iPhone ;4;Silvio;Fahrnholz;71;03/08/2018;São Paulo;R$ 5.300,00;;;;
HL1918; iPhone ;1;Yasser;Calbucci;48;11/29/2018;Rio de Janeiro;R$ 5.300,00;;;;
HL4379; Televisão ;2;Carlos;Portela;89;3/16/2018;Rio de Janeiro;R$ 2.500,00;;;;
HL2714; Tablet ;5;Jônatas;Soares;19;6/29/2018;Goiânia;R$ 1.600,00;;;;
HL9962; Android ;1;Carolina;Motta;80;10/01/2018;Salvador;R$ 3.400,00;;;;
HL2714; Tablet ;2;Norman;Jimbo;40;10/21/2018;Rio de Janeiro;R$ 1.600,00;;;;
HL1148; Câmera ;1;Rafael;Guimarães;64;03/05/2018;Rio de Janeiro;R$ 2.100,00;;;;
HL8851; Notebook ;5;Carlos;Araujo;54;7/25/2018;Fortaleza;R$ 3.500,00;;;;
HL7348; SmartWatch ;2;Stefan;Nunes;75;5/25/2018;Salvador;R$ 1.400,00;;;;
HL7348; SmartWatch ;3;Iuri;Barbosa;75;07/06/2018;Fortaleza;R$ 1.400,00;;;;
HL8851; Notebook ;1;Carolina;Santos;43;12/24/2018;Fortaleza;R$ 3.500,00;;;;
HL7348; SmartWatch ;1;Anna;Silva;90;9/14/2018;São Paulo;R$ 1.400,00;;;;
HL1918; iPhone ;2;Hércules;Júnior;56;11/09/2018;Goiânia;R$ 5.300,00;;;;
HL1918; iPhone ;5;Stefan;Nunes;88;1/21/2018;Rio de Janeiro;R$ 5.300,00;;;;
HL7348; SmartWatch ;1;Thiago;Veloso;76;4/29/2018;Porto Alegre;R$ 1.400,00;;;;
HL7348; SmartWatch ;2;Bruna;Silveira;61;11/22/2018;Salvador;R$ 1.400,00;;;;
HL1918; iPhone ;1;Tainah;Nogueira;63;11/14/2018;Rio de Janeiro;R$ 5.300,00;;;;
HL1918; iPhone ;5;Iuri;Barbosa;22;07/03/2018;Belo Horizonte;R$ 5.300,00;;;;
HL9962; Android ;1;Victor;Corrêa;27;11/02/2018;Fortaleza;R$ 3.400,00;;;;
HL7348; SmartWatch ;5;Adrielle;Vieira;69;3/14/2018;Porto Alegre;R$ 1.400,00;;;;
HL9962; Android ;5;Dandara;Reis;24;8/20/2018;Salvador;R$ 3.400,00;;;;
HL2714; Tablet ;4;Felipe;Cavalcanti;72;7/27/2018;Salvador;R$ 1.600,00;;;;
HL1918; iPhone ;5;Arthur;Pereira;22;10/26/2018;Porto Alegre;R$ 5.300,00;;;;
HL4379; Televisão ;3;Anna;Silva;37;07/10/2018;São Paulo;R$ 2.500,00;;;;
HL4379; Televisão ;4;Morgana;Correa;52;04/04/2018;Rio de Janeiro;R$ 2.500,00;;;;
HL9962; Android ;1;Jonatas;Passos;33;11/03/2018;Fortaleza;R$ 3.400,00;;;;
HL4379; Televisão ;2;Caio;Silva;69;05/08/2018;São Paulo;R$ 2.500,00;;;;
HL7348; SmartWatch ;5;Roger;Rosa;58;1/20/2018;Rio de Janeiro;R$ 1.400,00;;;;
HL4379; Televisão ;5;Isabelle;Gonçalves;46;9/13/2018;Salvador;R$ 2.500,00;;;;
HL1918; iPhone ;5;Gabriel;Assis;48;10/12/2018;Porto Alegre;R$ 5.300,00;;;;
HL1918; iPhone ;5;Marina;Marins;75;6/30/2018;Goiânia;R$ 5.300,00;;;;
HL1918; iPhone ;3;Patrick;Silva;53;01/04/2018;Porto Alegre;R$ 5.300,00;;;;
HL4379; Televisão ;4;Ruan;Lopes;24;3/15/2018;São Paulo;R$ 2.500,00;;;;
HL9962; Android ;4;Antonio;Bernhardt;48;10/14/2018;São Paulo;R$ 3.400,00;;;;
HL2714; Tablet ;4;David;Assumpção;25;3/22/2018;São Paulo;R$ 1.600,00;;;;
HL1918; iPhone ;2;Jackson;Derossi;86;7/20/2018;Porto Alegre;R$ 5.300,00;;;;
HL1148; Câmera ;4;Katharina;Barros;78;05/12/2018;Curitiba;R$ 2.100,00;;;;
HL1918; iPhone ;3;Paola;Abreu;85;11/21/2018;Fortaleza;R$ 5.300,00;;;;
HL9962; Android ;2;Rafael;Ramos;21;7/24/2018;Fortaleza;R$ 3.400,00;;;;
HL1918; iPhone ;1;Melissa;Nucci;43;03/02/2018;São Paulo;R$ 5.300,00;;;;
HL1148; Câmera ;4;João;Guadagnino;78;5/15/2018;Goiânia;R$ 2.100,00;;;;
HL8851; Notebook ;3;Alexandre;Rodriguez;48;3/28/2018;Belo Horizonte;R$ 3.500,00;;;;
HL4379; Televisão ;1;Raísa;Rodrigues;87;12/30/2018;Curitiba;R$ 2.500,00;;;;
HL9962; Android ;1;Caio;Moura;62;01/12/2018;Fortaleza;R$ 3.400,00;;;;
HL4379; Televisão ;4;Thiago;Miura;18;12/11/2018;São Paulo;R$ 2.500,00;;;;
HL1918; iPhone ;1;Giuseppe;Borges;19;02/09/2018;Fortaleza;R$ 5.300,00;;;;
HL4379; Televisão ;5;Marina;Perdomo;88;3/22/2018;Fortaleza;R$ 2.500,00;;;;
HL7348; SmartWatch ;1;José;Fonseca;68;5/21/2018;Porto Alegre;R$ 1.400,00;;;;
HL1918; iPhone ;3;Larissa;Nauenberg;27;03/03/2018;São Paulo;R$ 5.300,00;;;;
HL1918; iPhone ;4;Myllena;Carneiro;21;08/11/2018;Curitiba;R$ 5.300,00;;;;
HL4379; Televisão ;1;Adriano;Silva;44;6/15/2018;Rio de Janeiro;R$ 2.500,00;;;;
HL4379; Televisão ;4;Thainá;Binello;30;10/26/2018;São Paulo;R$ 2.500,00;;;;
HL2714; Tablet ;1;Bruna;Franco;41;12/30/2018;São Paulo;R$ 1.600,00;;;;
HL4379; Televisão ;2;Pedro;Santana;35;7/16/2018;São Paulo;R$ 2.500,00;;;;
HL1918; iPhone ;1;Maria;Correa;42;07/07/2018;São Paulo;R$ 5.300,00;;;;
HL1148; Câmera ;4;Ramon;Araujo;36;05/02/2018;Fortaleza;R$ 2.100,00;;;;
HL1148; Câmera ;1;Carlos;Cardoso;36;11/08/2018;Fortaleza;R$ 2.100,00;;;;
HL1148; Câmera ;1;Bernard;Pedrosa;34;8/30/2018;Fortaleza;R$ 2.100,00;;;;
HL9962; Android ;4;Henrique;Villanova;88;5/13/2018;Porto Alegre;R$ 3.400,00;;;;
HL8851; Notebook ;4;Andre;Nóbrega;85;05/02/2018;São Paulo;R$ 3.500,00;;;;
HL1918; iPhone ;2;Júlio;Freire;18;5/18/2018;São Paulo;R$ 5.300,00;;;;
HL4379; Televisão ;1;Andre;Sampaio;83;12/23/2018;Goiânia;R$ 2.500,00;;;;
HL1918; iPhone ;2;Adriane;Gomes;71;05/10/2018;Fortaleza;R$ 5.300,00;;;;
HL4379; Televisão ;2;Manuela;Ferreira;57;9/16/2018;Curitiba;R$ 2.500,00;;;;
HL4379; Televisão ;1;Arthur;Portela;21;12/29/2018;Curitiba;R$ 2.500,00;;;;
HL1148; Câmera ;3;Raissa;Pinheiro;55;9/19/2018;Salvador;R$ 2.100,00;;;;
HL2714; Tablet ;4;Fabio;Boccaletti;54;03/06/2018;Recife;R$ 1.600,00;;;;
HL1148; Câmera ;2;Guilherme;Assis;78;8/15/2018;Fortaleza;R$ 2.100,00;;;;
HL8851; Notebook ;4;Wilson;Vianna;33;04/04/2018;Fortaleza;R$ 3.500,00;;;;
HL7348; SmartWatch ;1;Wilson;Brandão;50;9/14/2018;Goiânia;R$ 1.400,00;;;;
HL7348; SmartWatch ;3;Marina;Cormack;33;5/19/2018;Fortaleza;R$ 1.400,00;;;;
HL1148; Câmera ;2;Jorge;Carvalho;24;2/24/2018;São Paulo;R$ 2.100,00;;;;
HL2714; Tablet ;2;Diego;Mello;66;04/10/2018;Fortaleza;R$ 1.600,00;;;;
HL4379; Televisão ;5;Lucas;Villanova;80;1/30/2018;Rio de Janeiro;R$ 2.500,00;;;;
HL1918; iPhone ;5;Hércules;Moreira;49;2/28/2018;Fortaleza;R$ 5.300,00;;;;
HL9962; Android ;1;Vitor;Campos;63;2/15/2018;Salvador;R$ 3.400,00;;;;
HL7348; SmartWatch ;5;Matheus;Tostes;67;1/25/2018;São Paulo;R$ 1.400,00;;;;
HL1918; iPhone ;2;Sthefeson;Kohn;87;6/24/2018;São Paulo;R$ 5.300,00;;;;
HL1148; Câmera ;5;Beatriz;Rodrigues;65;2/27/2018;Recife;R$ 2.100,00;;;;
HL4379; Televisão ;3;Isabella;Montanholi;24;1/23/2018;Goiânia;R$ 2.500,00;;;;
HL8851; Notebook ;3;Gustavo;Gomes;71;5/25/2018;São Paulo;R$ 3.500,00;;;;
HL1918; iPhone ;4;Joana;Calmon;25;07/10/2018;Porto Alegre;R$ 5.300,00;;;;
HL9962; Android ;2;Sandy;Ribeiro;90;10/02/2018;Belo Horizonte;R$ 3.400,00;;;;
HL7348; SmartWatch ;1;Jonas;Gomes;48;5/24/2018;Salvador;R$ 1.400,00;;;;
HL9962; Android ;3;Karina;Camara;39;10/04/2018;Porto Alegre;R$ 3.400,00;;;;
HL1918; iPhone ;5;Vitor;Boccaletti;69;1/20/2018;Fortaleza;R$ 5.300,00;;;;
HL9962; Android ;4;Juliana;Silva;67;12/23/2018;São Paulo;R$ 3.400,00;;;;
HL4379; Televisão ;5;Laura;Araujo;77;6/16/2018;Rio de Janeiro;R$ 2.500,00;;;;
HL7348; SmartWatch ;1;Juliana;Hollander;41;6/17/2018;Salvador;R$ 1.400,00;;;;
HL4379; Televisão ;4;Victor;Gomes;24;07/02/2018;Salvador;R$ 2.500,00;;;;
HL9962; Android ;2;Karine;Barros;34;10/30/2018;Porto Alegre;R$ 3.400,00;;;;
HL2714; Tablet ;4;Rodrigo;Feijo;43;08/01/2018;São Paulo;R$ 1.600,00;;;;
HL1918; iPhone ;4;Rebeca;Taylor;86;1/21/2018;São Paulo;R$ 5.300,00;;;;
HL2714; Tablet ;5;Felipe;Júnior;28;02/08/2018;São Paulo;R$ 1.600,00;;;;
HL4379; Televisão ;4;Lucas;Freitas;47;7/31/2018;Fortaleza;R$ 2.500,00;;;;
HL1918; iPhone ;5;Thiago;Veiga;34;8/27/2018;Curitiba;R$ 5.300,00;;;;
HL4379; Televisão ;1;Caio;Ferreira;59;7/14/2018;Rio de Janeiro;R$ 2.500,00;;;;
HL2714; Tablet ;4;Henrique;Silva;67;8/26/2018;Rio de Janeiro;R$ 1.600,00;;;;
HL7348; SmartWatch ;5;Gabriel;Silva;76;1/28/2018;São Paulo;R$ 1.400,00;;;;
HL4379; Televisão ;4;Leandro;Melo;81;11/29/2018;São Paulo;R$ 2.500,00;;;;
HL1918; iPhone ;4;Alon;Fahrnholz;85;10/28/2018;São Paulo;R$ 5.300,00;;;;
HL9962; Android ;2;Sthefeson;Pereira;87;9/29/2018;Fortaleza;R$ 3.400,00;;;;
HL2714; Tablet ;1;Victor;Lira;20;9/19/2018;São Paulo;R$ 1.600,00;;;;
HL4379; Televisão ;4;Ylana;Teraoka;62;12/01/2018;Rio de Janeiro;R$ 2.500,00;;;;
HL1148; Câmera ;3;Lunna;Vannier;53;8/28/2018;Salvador;R$ 2.100,00;;;;
HL1918; iPhone ;5;Gabriel;Pereira;87;11/17/2018;Salvador;R$ 5.300,00;;;;
HL1918; iPhone ;1;Juliana;Mesquita;56;04/09/2018;Salvador;R$ 5.300,00;;;;
HL1148; Câmera ;3;Mariane;Ferreira;65;11/10/2018;Goiânia;R$ 2.100,00;;;;
HL1148; Câmera ;3;Arthur;Pereira;83;9/22/2018;Belo Horizonte;R$ 2.100,00;;;;
HL4379; Televisão ;5;Gustavo;Junior;63;09/04/2018;São Paulo;R$ 2.500,00;;;;
HL9962; Android ;4;Matheus;Miranda;44;7/22/2018;Rio de Janeiro;R$ 3.400,00;;;;
HL1148; Câmera ;5;Debora;Silva;68;2/14/2018;Salvador;R$ 2.100,00;;;;
HL9962; Android ;4;Roberto;Mattos;79;1/29/2018;Belo Horizonte;R$ 3.400,00;;;;
HL8851; Notebook ;5;Clara;Bruno;21;8/29/2018;Curitiba;R$ 3.500,00;;;;
HL8851; Notebook ;3;Julia;Aliani;25;10/08/2018;São Paulo;R$ 3.500,00;;;;
HL2714; Tablet ;2;João;Fonseca;85;06/08/2018;Recife;R$ 1.600,00;;;;
HL4379; Televisão ;1;Anna;Maia;48;10/12/2018;Curitiba;R$ 2.500,00;;;;
HL1148; Câmera ;4;Milena;Alcoforado;86;2/21/2018;Rio de Janeiro;R$ 2.100,00;;;;
HL9962; Android ;5;Marina;Gama;37;08/03/2018;Curitiba;R$ 3.400,00;;;;
HL1918; iPhone ;1;Adriana;Carneiro;65;8/28/2018;Goiânia;R$ 5.300,00;;;;
HL4379; Televisão ;1;Mariane;Racy;22;12/21/2018;Recife;R$ 2.500,00;;;;
HL4379; Televisão ;1;Lucas;Freitas;32;10/15/2018;Rio de Janeiro;R$ 2.500,00;;;;
HL9962; Android ;4;Pedro;Macckione;69;02/06/2018;São Paulo;R$ 3.400,00;;;;
HL4379; Televisão ;5;Carolina;Siqueira;80;9/26/2018;Salvador;R$ 2.500,00;;;;
HL4379; Televisão ;3;Viviane;Cunha;39;06/08/2018;Fortaleza;R$ 2.500,00;;;;
HL1918; iPhone ;1;Caroll;Johnson;56;10/13/2018;Curitiba;R$ 5.300,00;;;;
HL9962; Android ;1;Daniel;Sousa;29;01/06/2018;Fortaleza;R$ 3.400,00;;;;
HL8851; Notebook ;5;Carolina;Siqueira;47;11/24/2018;Rio de Janeiro;R$ 3.500,00;;;;
HL1918; iPhone ;4;Thiago;Nóbrega;60;04/05/2018;Porto Alegre;R$ 5.300,00;;;;
HL7348; SmartWatch ;4;Clara;Bruno;58;11/20/2018;Belo Horizonte;R$ 1.400,00;;;;
HL9962; Android ;4;Raíssa;Oliveira;23;12/23/2018;Recife;R$ 3.400,00;;;;
HL1148; Câmera ;2;Bruna;Ramos;44;3/27/2018;Curitiba;R$ 2.100,00;;;;
HL9962; Android ;1;Morgana;Correa;59;5/13/2018;São Paulo;R$ 3.400,00;;;;
HL2714; Tablet ;5;Gabrielle;Costa;59;1/25/2018;Belo Horizonte;R$ 1.600,00;;;;
HL1148; Câmera ;3;João;Costa;21;8/25/2018;Rio de Janeiro;R$ 2.100,00;;;;
HL4379; Televisão ;3;Luiza;Cavalcanti;52;11/23/2018;Recife;R$ 2.500,00;;;;
HL1918; iPhone ;4;Gustavo;Azevedo;63;2/22/2018;Rio de Janeiro;R$ 5.300,00;;;;
HL1918; iPhone ;5;Rebeca;Manhães;24;9/29/2018;São Paulo;R$ 5.300,00;;;;
HL2714; Tablet ;4;Bruna;Gomes;40;07/09/2018;Fortaleza;R$ 1.600,00;;;;
HL9962; Android ;2;Gabriel;Rubim;68;6/13/2018;São Paulo;R$ 3.400,00;;;;
HL8851; Notebook ;4;Adrielle;Vieira;65;04/01/2018;Belo Horizonte;R$ 3.500,00;;;;
HL4379; Televisão ;5;Dykson;Silva;49;09/07/2018;Fortaleza;R$ 2.500,00;;;;
HL7348; SmartWatch ;1;Gabrielle;Vasconcelos;77;9/29/2018;São Paulo;R$ 1.400,00;;;;
HL4379; Televisão ;1;Carla;Zakhm;36;2/17/2018;Salvador;R$ 2.500,00;;;;
HL4379; Televisão ;4;Beatriz;Silva;50;11/13/2018;Fortaleza;R$ 2.500,00;;;;
HL7348; SmartWatch ;4;Raissa;Sales;22;1/18/2018;Goiânia;R$ 1.400,00;;;;
HL4379; Televisão ;2;Renan;Nascimento;71;11/21/2018;Fortaleza;R$ 2.500,00;;;;
HL1918; iPhone ;1;Andressa;Chou;46;7/30/2018;São Paulo;R$ 5.300,00;;;;
HL2714; Tablet ;4;Luiza;Johnson;68;8/23/2018;Fortaleza;R$ 1.600,00;;;;
HL1918; iPhone ;1;Thiago;Miura;34;8/30/2018;Rio de Janeiro;R$ 5.300,00;;;;
HL4379; Televisão ;5;Bianca;Tatsch;77;3/14/2018;São Paulo;R$ 2.500,00;;;;
HL9962; Android ;5;Priscila;Vogel;47;01/07/2018;Porto Alegre;R$ 3.400,00;;;;
HL1918; iPhone ;1;Ives;Barbosa;85;2/23/2018;Porto Alegre;R$ 5.300,00;;;;
HL1148; Câmera ;4;Aline;Mello;30;12/03/2018;Salvador;R$ 2.100,00;;;;
HL8851; Notebook ;4;Carlos;Barbosa;63;2/21/2018;Fortaleza;R$ 3.500,00;;;;
HL8851; Notebook ;4;Pedro;Conceição;37;12/22/2018;Goiânia;R$ 3.500,00;;;;
HL4379; Televisão ;4;Raissa;Negrelli;33;5/25/2018;São Paulo;R$ 2.500,00;;;;
HL4379; Televisão ;5;Rogério;Pereira;76;2/16/2018;Rio de Janeiro;R$ 2.500,00;;;;
HL2714; Tablet ;1;Mariane;Ferreira;60;3/29/2018;Recife;R$ 1.600,00;;;;
HL7348; SmartWatch ;4;Julie;Ferreira;48;7/14/2018;Rio de Janeiro;R$ 1.400,00;;;;
HL1918; iPhone ;1;Antônio;Soares;46;06/12/2018;Curitiba;R$ 5.300,00;;;;
HL4379; Televisão ;4;Lázaro;Nascimento;44;12/16/2018;Salvador;R$ 2.500,00;;;;
HL2714; Tablet ;5;Larissa;Vasconcellos;76;10/20/2018;Fortaleza;R$ 1.600,00;;;;
HL2714; Tablet ;4;Luis;Garcia;30;02/03/2018;Goiânia;R$ 1.600,00;;;;
HL1918; iPhone ;1;Pedro;Ferrari;22;10/11/2018;Recife;R$ 5.300,00;;;;
HL1918; iPhone ;5;Antônio;Soares;21;04/12/2018;Recife;R$ 5.300,00;;;;
HL1918; iPhone ;5;Lucas;Lima;70;8/30/2018;Rio de Janeiro;R$ 5.300,00;;;;
HL4379; Televisão ;4;Daniel;Alcoforado;76;08/09/2018;Recife;R$ 2.500,00;;;;
HL1918; iPhone ;1;Bruno;Ursulino;68;05/07/2018;Goiânia;R$ 5.300,00;;;;
HL4379; Televisão ;5;Lucas;Rocha;89;12/17/2018;Goiânia;R$ 2.500,00;;;;
HL4379; Televisão ;2;Lázaro;Villanova;55;03/07/2018;Porto Alegre;R$ 2.500,00;;;;
HL1918; iPhone ;4;Juliana;Huon;38;12/27/2018;Curitiba;R$ 5.300,00;;;;
HL1918; iPhone ;3;Gustavo;Accardo;32;07/09/2018;São Paulo;R$ 5.300,00;;;;
HL9962; Android ;5;Caio;Silva;32;07/01/2018;Porto Alegre;R$ 3.400,00;;;;
HL9962; Android ;1;Ana;Monte;50;6/26/2018;São Paulo;R$ 3.400,00;;;;
HL1918; iPhone ;4;Victor;Ferreira;47;6/19/2018;Curitiba;R$ 5.300,00;;;;
HL4379; Televisão ;2;Breno;Quinto;30;3/19/2018;Recife;R$ 2.500,00;;;;
HL1148; Câmera ;2;Eduardo;Ferreira;74;10/23/2018;Curitiba;R$ 2.100,00;;;;
HL1918; iPhone ;1;Rodrigo;Bruno;64;4/20/2018;Salvador;R$ 5.300,00;;;;
HL7348; SmartWatch ;1;Igor;Azevedo;57;04/12/2018;Recife;R$ 1.400,00;;;;
HL1918; iPhone ;5;Raphael;Kurtz;72;2/16/2018;Belo Horizonte;R$ 5.300,00;;;;
HL4379; Televisão ;2;Lucas;Monte;21;12/15/2018;Fortaleza;R$ 2.500,00;;;;
HL1918; iPhone ;4;Jonas;Gomes;53;10/21/2018;Rio de Janeiro;R$ 5.300,00;;;;
HL4379; Televisão ;4;Rodrigo;Silva;22;07/05/2018;Rio de Janeiro;R$ 2.500,00;;;;
HL4379; Televisão ;3;Rafael;Ramos;60;12/02/2018;Rio de Janeiro;R$ 2.500,00;;;;
HL2714; Tablet ;5;Beatriz;Cavalcanti;64;2/15/2018;São Paulo;R$ 1.600,00;;;;
HL4379; Televisão ;2;Mariana;Baptista;81;6/19/2018;São Paulo;R$ 2.500,00;;;;
HL1918; iPhone ;1;Milena;Almeida;47;6/24/2018;São Paulo;R$ 5.300,00;;;;
HL1918; iPhone ;3;Luana;Santos;32;6/28/2018;Goiânia;R$ 5.300,00;;;;
HL4379; Televisão ;2;Gabriella;Sagrillo;54;2/22/2018;Salvador;R$ 2.500,00;;;;
HL4379; Televisão ;5;Carolina;Vasconcelos;32;6/28/2018;Fortaleza;R$ 2.500,00;;;;
HL1918; iPhone ;4;Wilson;Brandão;89;7/26/2018;São Paulo;R$ 5.300,00;;;;
HL8851; Notebook ;4;Nathalia;Ventura;31;7/18/2018;Recife;R$ 3.500,00;;;;
HL1918; iPhone ;1;Willian;Albino;20;07/04/2018;Recife;R$ 5.300,00;;;;
HL2714; Tablet ;2;Hanna;Fonseca;56;5/29/2018;São Paulo;R$ 1.600,00;;;;
HL4379; Televisão ;3;Henrique;Villanova;87;1/21/2018;Rio de Janeiro;R$ 2.500,00;;;;
HL1918; iPhone ;1;Juliana;Souza;80;04/02/2018;Salvador;R$ 5.300,00;;;;
HL4379; Televisão ;5;Bernard;Pedrosa;87;9/24/2018;Salvador;R$ 2.500,00;;;;
HL9962; Android ;5;Lucas;Assunção;36;04/04/2018;Curitiba;R$ 3.400,00;;;;
HL4379; Televisão ;3;Samara;Pinto;22;03/05/2018;São Paulo;R$ 2.500,00;;;;
HL7348; SmartWatch ;1;Ana;Campos;87;12/17/2018;São Paulo;R$ 1.400,00;;;;
HL2714; Tablet ;1;Pedro;Cardoso;22;04/10/2018;Recife;R$ 1.600,00;;;;
HL8851; Notebook ;3;Jorge;Fonseca;72;12/30/2018;Salvador;R$ 3.500,00;;;;
HL1918; iPhone ;2;Nathan;Cunha;46;6/15/2018;Goiânia;R$ 5.300,00;;;;
HL9962; Android ;5;Luiz;Marinho;24;08/03/2018;São Paulo;R$ 3.400,00;;;;
HL2714; Tablet ;5;Andre;Nóbrega;82;09/04/2018;Salvador;R$ 1.600,00;;;;
HL1918; iPhone ;2;Raissa;Sales;51;3/22/2018;Rio de Janeiro;R$ 5.300,00;;;;
HL8851; Notebook ;4;Caio;Moraes;67;09/05/2018;Porto Alegre;R$ 3.500,00;;;;
HL1918; iPhone ;5;Danilo;Rubim;53;01/03/2018;Recife;R$ 5.300,00;;;;
HL8851; Notebook ;3;Luiza;Cabral;84;7/15/2018;Curitiba;R$ 3.500,00;;;;
HL1918; iPhone ;2;Bruna;Rangel;85;04/05/2018;Goiânia;R$ 5.300,00;;;;
HL7348; SmartWatch ;2;Pedro;Jorge;88;7/14/2018;Salvador;R$ 1.400,00;;;;
HL4379; Televisão ;3;Pedro;Ayres;58;1/30/2018;Rio de Janeiro;R$ 2.500,00;;;;
HL9962; Android ;2;Ana;Júnior;47;08/11/2018;Salvador;R$ 3.400,00;;;;
HL9962; Android ;3;Wilson;Farias;50;11/07/2018;Porto Alegre;R$ 3.400,00;;;;
HL8851; Notebook ;4;Gabriel;Puntel;86;7/14/2018;Fortaleza;R$ 3.500,00;;;;
HL7348; SmartWatch ;2;Giovana;Vilela;21;12/15/2018;Curitiba;R$ 1.400,00;;;;
HL1148; Câmera ;2;João;Matheus;80;8/15/2018;Salvador;R$ 2.100,00;;;;
HL1918; iPhone ;2;Lívia;Marques;18;12/03/2018;São Paulo;R$ 5.300,00;;;;
HL7348; SmartWatch ;5;Roberto;Nogueira;58;5/27/2018;Fortaleza;R$ 1.400,00;;;;
HL2714; Tablet ;3;Jackson;Derossi;42;10/22/2018;Fortaleza;R$ 1.600,00;;;;
HL9962; Android ;4;Rebeca;Manhães;33;9/27/2018;Fortaleza;R$ 3.400,00;;;;
HL7348; SmartWatch ;5;Kimberly;Sad;32;6/14/2018;Goiânia;R$ 1.400,00;;;;
HL1918; iPhone ;2;Luis;Souza;58;08/10/2018;Fortaleza;R$ 5.300,00;;;;
HL2714; Tablet ;3;Luana;Santana;82;2/16/2018;Belo Horizonte;R$ 1.600,00;;;;
HL2714; Tablet ;4;Maria;Costa;60;03/07/2018;Belo Horizonte;R$ 1.600,00;;;;
HL9962; Android ;1;Jônatas;Tanaka;26;09/10/2018;Goiânia;R$ 3.400,00;;;;
HL1918; iPhone ;3;Ana;Bôas;22;05/09/2018;São Paulo;R$ 5.300,00;;;;
HL4379; Televisão ;2;Lucas;Araújo;90;9/20/2018;Salvador;R$ 2.500,00;;;;
HL8851; Notebook ;4;Julia;Penteado;45;11/20/2018;Fortaleza;R$ 3.500,00;;;;
HL7348; SmartWatch ;3;Bruna;Brandao;90;11/16/2018;Salvador;R$ 1.400,00;;;;
HL8851; Notebook ;4;Débora;Lopes;48;10/02/2018;Fortaleza;R$ 3.500,00;;;;
HL1918; iPhone ;5;Izabel;Lopes;43;01/01/2018;Goiânia;R$ 5.300,00;;;;
HL7348; SmartWatch ;4;Marcelo;Pereira;68;8/14/2018;Fortaleza;R$ 1.400,00;;;;
HL1148; Câmera ;2;Luiza;Cavalcanti;81;12/28/2018;Rio de Janeiro;R$ 2.100,00;;;;
HL7348; SmartWatch ;2;Elaine;Santos;31;3/14/2018;Goiânia;R$ 1.400,00;;;;
HL2714; Tablet ;2;Julia;Figueiredo;55;04/01/2018;Rio de Janeiro;R$ 1.600,00;;;;
HL8851; Notebook ;5;Thaís;Moura;59;11/30/2018;Belo Horizonte;R$ 3.500,00;;;;
HL1918; iPhone ;4;Mateus;Polastri;53;08/09/2018;Rio de Janeiro;R$ 5.300,00;;;;
HL9962; Android ;5;Jessica;Ferreira;36;5/15/2018;Salvador;R$ 3.400,00;;;;
HL1148; Câmera ;4;Thales;Portillo;61;10/26/2018;São Paulo;R$ 2.100,00;;;;
HL8851; Notebook ;4;Jeferson;Costa;54;3/23/2018;Rio de Janeiro;R$ 3.500,00;;;;
HL4379; Televisão ;4;Leandro;Ferreira;74;4/24/2018;Curitiba;R$ 2.500,00;;;;
HL1918; iPhone ;2;Luã;Sá;60;02/05/2018;Rio de Janeiro;R$ 5.300,00;;;;
HL1918; iPhone ;1;Breno;Quinto;73;02/09/2018;Curitiba;R$ 5.300,00;;;;
HL4379; Televisão ;4;Myllena;Corrêa;23;2/19/2018;Goiânia;R$ 2.500,00;;;;
HL1148; Câmera ;3;Felipe;Freitas;74;6/22/2018;Salvador;R$ 2.100,00;;;;
HL1148; Câmera ;2;Deysiane;Medronho;65;6/15/2018;Fortaleza;R$ 2.100,00;;;;
HL7348; SmartWatch ;5;Daniel;Costa;68;11/10/2018;Goiânia;R$ 1.400,00;;;;
HL1918; iPhone ;1;Daniel;Monteiro;54;6/17/2018;Rio de Janeiro;R$ 5.300,00;;;;
HL4379; Televisão ;2;João;Alves;87;10/13/2018;Porto Alegre;R$ 2.500,00;;;;
HL1918; iPhone ;1;João;Rodrigues;37;02/02/2018;Fortaleza;R$ 5.300,00;;;;
HL9962; Android ;4;Ruan;Lopes;45;7/17/2018;Fortaleza;R$ 3.400,00;;;;
HL9962; Android ;1;Natalia;Guedes;86;02/11/2018;Curitiba;R$ 3.400,00;;;;
HL1918; iPhone ;2;Maria;Cardoso;77;3/27/2018;Belo Horizonte;R$ 5.300,00;;;;
HL1918; iPhone ;4;Lucas;Baptista;55;07/11/2018;São Paulo;R$ 5.300,00;;;;
HL1918; iPhone ;4;Paloma;Sperandei;71;3/16/2018;São Paulo;R$ 5.300,00;;;;
HL7348; SmartWatch ;4;Thaís;Ribeiro;81;4/28/2018;Fortaleza;R$ 1.400,00;;;;
HL7348; SmartWatch ;3;Nina;Magalhães;76;4/21/2018;Salvador;R$ 1.400,00;;;;
HL1918; iPhone ;4;Isabelle;Firmino;36;07/10/2018;Goiânia;R$ 5.300,00;;;;
HL2714; Tablet ;4;João;Fonseca;24;7/24/2018;Recife;R$ 1.600,00;;;;
HL1148; Câmera ;2;David;Assumpção;81;8/23/2018;Rio de Janeiro;R$ 2.100,00;;;;
HL4379; Televisão ;1;Luis;Silva;50;08/01/2018;Belo Horizonte;R$ 2.500,00;;;;
HL8851; Notebook ;5;Nathan;Cunha;26;11/08/2018;Fortaleza;R$ 3.500,00;;;;
HL1918; iPhone ;2;Natalia;Andrade;65;10/05/2018;Rio de Janeiro;R$ 5.300,00;;;;
HL1148; Câmera ;3;Catarina;Teixeira;81;06/10/2018;São Paulo;R$ 2.100,00;;;;
HL4379; Televisão ;5;Guilherme;Castilho;41;3/19/2018;Recife;R$ 2.500,00;;;;
HL8851; Notebook ;4;Rebeca;Reis;77;12/28/2018;São Paulo;R$ 3.500,00;;;;
HL1918; iPhone ;2;Fernanda;Coutinho;35;05/06/2018;Fortaleza;R$ 5.300,00;;;;
HL4379; Televisão ;1;Felipe;Freitas;60;04/09/2018;Salvador;R$ 2.500,00;;;;
HL4379; Televisão ;2;Gabrielle;Porto;90;3/18/2018;Rio de Janeiro;R$ 2.500,00;;;;
HL1918; iPhone ;3;Luiza;Johnson;82;10/31/2018;São Paulo;R$ 5.300,00;;;;
HL4379; Televisão ;4;Eduardo;Lopes;76;01/09/2018;Rio de Janeiro;R$ 2.500,00;;;;
HL1148; Câmera ;3;Jonatas;Essaber;78;11/03/2018;Curitiba;R$ 2.100,00;;;;
HL1918; iPhone ;4;Allan;Guedes;66;01/11/2018;Salvador;R$ 5.300,00;;;;
HL2714; Tablet ;5;Natalia;Guedes;56;4/16/2018;Salvador;R$ 1.600,00;;;;
HL1148; Câmera ;1;Maria;Gasperi;79;7/25/2018;Belo Horizonte;R$ 2.100,00;;;;
HL1148; Câmera ;1;Barbara;Procaci;32;06/04/2018;Rio de Janeiro;R$ 2.100,00;;;;
HL1918; iPhone ;4;Pedro;Ronfini;89;12/29/2018;Rio de Janeiro;R$ 5.300,00;;;;
HL4379; Televisão ;1;Amanda;Procaci;69;9/23/2018;Belo Horizonte;R$ 2.500,00;;;;
HL2714; Tablet ;4;Lucas;Valim;87;10/01/2018;Goiânia;R$ 1.600,00;;;;
HL4379; Televisão ;5;Carolina;Figueiredo;78;11/12/2018;São Paulo;R$ 2.500,00;;;;
HL8851; Notebook ;1;Ana;Fioretti;35;10/11/2018;Rio de Janeiro;R$ 3.500,00;;;;
HL1918; iPhone ;2;Luiza;Farias;71;02/07/2018;São Paulo;R$ 5.300,00;;;;
HL1918; iPhone ;4;Wellington;Duarte;85;11/17/2018;Salvador;R$ 5.300,00;;;;
HL1918; iPhone ;3;Pedro;Macckione;36;1/24/2018;Fortaleza;R$ 5.300,00;;;;
HL1918; iPhone ;3;Luana;Santana;25;09/10/2018;Goiânia;R$ 5.300,00;;;;
HL1148; Câmera ;4;Brenno;Miranda;79;11/29/2018;Rio de Janeiro;R$ 2.100,00;;;;
HL8851; Notebook ;5;Thales;Andrade;68;05/08/2018;Goiânia;R$ 3.500,00;;;;
HL1918; iPhone ;3;Sandy;Figueiredo;27;5/21/2018;Porto Alegre;R$ 5.300,00;;;;
HL1148; Câmera ;3;Alon;Fahrnholz;73;04/09/2018;Fortaleza;R$ 2.100,00;;;;
HL1918; iPhone ;4;Juliana;Guimarães;76;01/12/2018;Salvador;R$ 5.300,00;;;;
HL2714; Tablet ;5;Giulia;Pessanha;79;3/28/2018;Salvador;R$ 1.600,00;;;;
HL1918; iPhone ;5;Bruna;Ramos;88;9/29/2018;Fortaleza;R$ 5.300,00;;;;
HL1918; iPhone ;2;Diego;Mello;35;12/06/2018;Rio de Janeiro;R$ 5.300,00;;;;
HL1918; iPhone ;3;Roberta;Pimenta;68;12/08/2018;Rio de Janeiro;R$ 5.300,00;;;;
HL8851; Notebook ;1;Thays;Castro;84;06/08/2018;Fortaleza;R$ 3.500,00;;;;
HL1918; iPhone ;4;Marcela;Medeiros;67;9/19/2018;São Paulo;R$ 5.300,00;;;;
HL1918; iPhone ;5;Beatriz;Nogueira;28;1/24/2018;Curitiba;R$ 5.300,00;;;;
HL1918; iPhone ;3;Pedro;Xavier;22;2/15/2018;Salvador;R$ 5.300,00;;;;
HL7348; SmartWatch ;4;Gabrielle;Wanderley;69;7/14/2018;São Paulo;R$ 1.400,00;;;;
HL8851; Notebook ;1;Ana;Fioretti;51;8/21/2018;Salvador;R$ 3.500,00;;;;
HL4379; Televisão ;3;Bruna;Franco;36;10/12/2018;Salvador;R$ 2.500,00;;;;
HL1148; Câmera ;4;Carolina;Abrahão;74;6/26/2018;Rio de Janeiro;R$ 2.100,00;;;;
HL8851; Notebook ;2;Allan;Guedes;68;08/09/2018;Fortaleza;R$ 3.500,00;;;;
HL7348; SmartWatch ;1;Luíza;Melo;32;11/05/2018;Fortaleza;R$ 1.400,00;;;;
HL4379; Televisão ;2;Julia;Teixeira;54;07/06/2018;Porto Alegre;R$ 2.500,00;;;;
HL1918; iPhone ;4;Maurício;Dias;72;6/21/2018;Porto Alegre;R$ 5.300,00;;;;
HL1918; iPhone ;1;Thales;Santos;53;4/16/2018;Recife;R$ 5.300,00;;;;
HL4379; Televisão ;1;Lázaro;Nascimento;31;2/22/2018;Fortaleza;R$ 2.500,00;;;;
HL2714; Tablet ;3;Cláudio;Aragão;76;4/15/2018;Recife;R$ 1.600,00;;;;
HL1918; iPhone ;2;Gabriel;Silva;33;7/21/2018;Rio de Janeiro;R$ 5.300,00;;;;
HL8851; Notebook ;2;Marcela;Medeiros;75;7/15/2018;São Paulo;R$ 3.500,00;;;;
HL1918; iPhone ;5;Alexandre;Rodriguez;38;10/31/2018;Belo Horizonte;R$ 5.300,00;;;;
HL1918; iPhone ;5;Cláudio;Aragão;84;09/03/2018;Rio de Janeiro;R$ 5.300,00;;;;
HL1918; iPhone ;3;Paula;Calbucci;28;9/19/2018;São Paulo;R$ 5.300,00;;;;
HL8851; Notebook ;4;Juliana;Guimarães;27;01/07/2018;Curitiba;R$ 3.500,00;;;;
HL1918; iPhone ;2;Rodrigo;Mendes;83;02/05/2018;São Paulo;R$ 5.300,00;;;;
HL9962; Android ;2;Fernanda;Figueiredo;35;11/25/2018;Belo Horizonte;R$ 3.400,00;;;;
HL1918; iPhone ;2;Platini;Heimlich;25;02/10/2018;Salvador;R$ 5.300,00;;;;
HL4379; Televisão ;5;Anna;Silva;64;3/31/2018;Rio de Janeiro;R$ 2.500,00;;;;
HL1918; iPhone ;5;Clara;Silveira;40;8/26/2018;Belo Horizonte;R$ 5.300,00;;;;
HL4379; Televisão ;5;Caio;Vianna;86;09/11/2018;Rio de Janeiro;R$ 2.500,00;;;;
HL1148; Câmera ;3;Raul;Silveira;65;01/03/2018;Salvador;R$ 2.100,00;;;;
HL1148; Câmera ;5;Marcela;Gasperi;62;10/09/2018;São Paulo;R$ 2.100,00;;;;
HL4379; Televisão ;5;Alon;Pestana;34;6/13/2018;Goiânia;R$ 2.500,00;;;;
HL1918; iPhone ;1;Sthefeson;Kohn;65;03/09/2018;São Paulo;R$ 5.300,00;;;;
HL1918; iPhone ;5;Juan;Fernandes;62;12/21/2018;São Paulo;R$ 5.300,00;;;;
HL2714; Tablet ;3;Ana;Leite;42;11/28/2018;São Paulo;R$ 1.600,00;;;;
HL1148; Câmera ;3;Anna;Maia;83;02/09/2018;Fortaleza;R$ 2.100,00;;;;
HL1918; iPhone ;4;Gabriela;Mello;84;04/12/2018;Rio de Janeiro;R$ 5.300,00;;;;
HL1148; Câmera ;4;Julia;Aliani;48;11/02/2018;Fortaleza;R$ 2.100,00;;;;
HL4379; Televisão ;4;André;Alves;56;6/26/2018;Goiânia;R$ 2.500,00;;;;
HL1918; iPhone ;5;Alexandre;Dantas;35;12/01/2018;Curitiba;R$ 5.300,00;;;;
HL4379; Televisão ;4;Thays;Castro;63;10/22/2018;Recife;R$ 2.500,00;;;;
HL9962; Android ;5;Luíza;Melo;63;11/07/2018;Rio de Janeiro;R$ 3.400,00;;;;
HL1918; iPhone ;1;Guilherme;Lima;60;9/25/2018;Rio de Janeiro;R$ 5.300,00;;;;
HL9962; Android ;4;Carlos;Assis;27;8/22/2018;Rio de Janeiro;R$ 3.400,00;;;;
HL4379; Televisão ;2;Gabriela;Mello;61;05/07/2018;Belo Horizonte;R$ 2.500,00;;;;
HL1918; iPhone ;1;Roberta;Pimenta;84;03/02/2018;Fortaleza;R$ 5.300,00;;;;
HL1918; iPhone ;2;Maria;Assumpção;73;10/02/2018;Salvador;R$ 5.300,00;;;;
HL8851; Notebook ;5;João;Ribeiro;40;09/11/2018;Fortaleza;R$ 3.500,00;;;;
HL9962; Android ;2;José;Carvalho;59;2/20/2018;Recife;R$ 3.400,00;;;;
HL8851; Notebook ;3;Guilherme;Jordao;56;11/07/2018;Fortaleza;R$ 3.500,00;;;;
HL9962; Android ;3;Bruno;Mota;30;2/27/2018;Fortaleza;R$ 3.400,00;;;;
HL1918; iPhone ;3;Rodrigo;Alves;85;9/17/2018;Goiânia;R$ 5.300,00;;;;
HL2714; Tablet ;2;Ana;Gonzaga;47;11/02/2018;Salvador;R$ 1.600,00;;;;
HL2714; Tablet ;1;Izabel;Lopes;41;05/11/2018;Belo Horizonte;R$ 1.600,00;;;;
HL1918; iPhone ;1;Bruna;Soares;53;12/12/2018;Fortaleza;R$ 5.300,00;;;;
HL1918; iPhone ;2;Paloma;Sperandei;28;01/07/2018;Porto Alegre;R$ 5.300,00;;;;
HL9962; Android ;3;Julia;Leig;27;04/08/2018;São Paulo;R$ 3.400,00;;;;
HL9962; Android ;3;Matheus;Ramos;39;11/03/2018;São Paulo;R$ 3.400,00;;;;
HL1918; iPhone ;1;Lorena;Carvalho;47;8/23/2018;Curitiba;R$ 5.300,00;;;;
HL7348; SmartWatch ;3;Amanda;Gontijo;50;01/01/2018;Belo Horizonte;R$ 1.400,00;;;;
HL7348; SmartWatch ;3;Renan;Freire;88;8/16/2018;Salvador;R$ 1.400,00;;;;
HL7348; SmartWatch ;3;Thiago;Lima;69;04/01/2018;Curitiba;R$ 1.400,00;;;;
HL9962; Android ;4;Carlos;Portela;85;08/09/2018;Fortaleza;R$ 3.400,00;;;;
HL8851; Notebook ;5;Diego;Barros;59;12/25/2018;São Paulo;R$ 3.500,00;;;;
HL2714; Tablet ;1;Sandy;Moreira;72;3/19/2018;São Paulo;R$ 1.600,00;;;;
HL4379; Televisão ;5;Fernanda;Rubim;22;2/21/2018;Porto Alegre;R$ 2.500,00;;;;
HL4379; Televisão ;2;Wendela;Mariz;18;10/13/2018;Fortaleza;R$ 2.500,00;;;;
HL7348; SmartWatch ;2;Thayane;Resende;67;8/15/2018;São Paulo;R$ 1.400,00;;;;
HL1148; Câmera ;5;Jorge;Carvalho;76;2/27/2018;São Paulo;R$ 2.100,00;;;;
HL4379; Televisão ;5;Rafael;Ramos;47;7/26/2018;São Paulo;R$ 2.500,00;;;;
HL7348; SmartWatch ;1;Gabriel;Ribeiro;21;5/14/2018;Goiânia;R$ 1.400,00;;;;
HL1918; iPhone ;3;Rebeca;Taylor;65;09/09/2018;Goiânia;R$ 5.300,00;;;;
HL1148; Câmera ;1;Débora;Lopes;56;6/21/2018;São Paulo;R$ 2.100,00;;;;
HL8851; Notebook ;4;Jessica;Ferreira;70;6/21/2018;Porto Alegre;R$ 3.500,00;;;;
HL9962; Android ;3;Vitor;Boccaletti;28;10/13/2018;Porto Alegre;R$ 3.400,00;;;;
HL8851; Notebook ;4;Roberta;Teixeira;43;10/23/2018;Goiânia;R$ 3.500,00;;;;
HL9962; Android ;2;Andressa;Rotsztejn;23;12/05/2018;São Paulo;R$ 3.400,00;;;;
HL1148; Câmera ;1;Cézar;Santos;72;1/22/2018;São Paulo;R$ 2.100,00;;;;
HL1148; Câmera ;4;Carolina;Brum;54;10/29/2018;Salvador;R$ 2.100,00;;;;
HL1148; Câmera ;2;Pedro;Bitencourt;47;7/28/2018;Curitiba;R$ 2.100,00;;;;
HL7348; SmartWatch ;3;Jônatas;Tanaka;70;11/14/2018;São Paulo;R$ 1.400,00;;;;
HL9962; Android ;1;Dykson;Silva;53;01/08/2018;São Paulo;R$ 3.400,00;;;;
HL9962; Android ;1;Livia;Codeceira;79;8/14/2018;Porto Alegre;R$ 3.400,00;;;;
HL9962; Android ;4;Luis;Souza;35;12/11/2018;Salvador;R$ 3.400,00;;;;
HL4379; Televisão ;5;Guilherme;Rachide;27;6/24/2018;Recife;R$ 2.500,00;;;;
HL1918; iPhone ;4;Pedro;Ferrari;40;3/19/2018;Rio de Janeiro;R$ 5.300,00;;;;
HL1918; iPhone ;1;Victor;Oliveira;36;10/17/2018;São Paulo;R$ 5.300,00;;;;
HL1918; iPhone ;2;Daniel;Alcoforado;51;2/15/2018;Curitiba;R$ 5.300,00;;;;
HL8851; Notebook ;4;Beatriz;Li;76;1/22/2018;Porto Alegre;R$ 3.500,00;;;;
HL9962; Android ;4;Marina;Marins;57;6/26/2018;Rio de Janeiro;R$ 3.400,00;;;;
HL1918; iPhone ;4;Bernardo;Botelho;39;10/09/2018;Fortaleza;R$ 5.300,00;;;;
HL2714; Tablet ;5;Camille;Silva;66;04/05/2018;Porto Alegre;R$ 1.600,00;;;;
HL4379; Televisão ;3;Gabrielle;Costa;88;1/15/2018;Porto Alegre;R$ 2.500,00;;;;
HL7348; SmartWatch ;3;Matheus;Gomes;34;03/06/2018;Porto Alegre;R$ 1.400,00;;;;
HL4379; Televisão ;4;Ives;Barbosa;58;04/02/2018;São Paulo;R$ 2.500,00;;;;
HL2714; Tablet ;5;Jônatas;Tanaka;80;07/03/2018;Fortaleza;R$ 1.600,00;;;;
HL1918; iPhone ;3;Diogo;Ressurreição;72;4/19/2018;São Paulo;R$ 5.300,00;;;;
HL1148; Câmera ;3;Amanda;Procaci;86;6/14/2018;Curitiba;R$ 2.100,00;;;;
HL4379; Televisão ;3;Julie;Ferreira;29;02/01/2018;Curitiba;R$ 2.500,00;;;;
HL1918; iPhone ;5;Isabela;Resende;85;02/12/2018;Goiânia;R$ 5.300,00;;;;
HL2714; Tablet ;3;Carolina;Santos;38;4/24/2018;Porto Alegre;R$ 1.600,00;;;;
HL8851; Notebook ;1;Raphael;Kurtz;55;10/06/2018;Salvador;R$ 3.500,00;;;;
HL8851; Notebook ;2;Rafael;Carneiro;34;01/07/2018;Fortaleza;R$ 3.500,00;;;;
HL4379; Televisão ;1;Caio;Vianna;83;8/25/2018;Recife;R$ 2.500,00;;;;
HL4379; Televisão ;5;Ylana;Teraoka;71;1/18/2018;Salvador;R$ 2.500,00;;;;
HL7348; SmartWatch ;2;Lucas;Valim;77;12/11/2018;Goiânia;R$ 1.400,00;;;;
HL1918; iPhone ;5;Larissa;Jesus;32;6/30/2018;Porto Alegre;R$ 5.300,00;;;;
HL7348; SmartWatch ;4;Renan;Nascimento;41;01/02/2018;Salvador;R$ 1.400,00;;;;
HL1148; Câmera ;1;Mateus;Franco;31;10/03/2018;Curitiba;R$ 2.100,00;;;;
HL1148; Câmera ;3;Cláudio;Aragão;73;10/12/2018;São Paulo;R$ 2.100,00;;;;
HL7348; SmartWatch ;5;Felipe;Cavalcanti;52;03/01/2018;São Paulo;R$ 1.400,00;;;;
HL1918; iPhone ;4;Beatriz;Perdomo;76;11/29/2018;Salvador;R$ 5.300,00;;;;
HL9962; Android ;1;Andre;Nóbrega;67;3/24/2018;São Paulo;R$ 3.400,00;;;;
HL9962; Android ;3;Amanda;Felippe;29;9/13/2018;Belo Horizonte;R$ 3.400,00;;;;
HL9962; Android ;1;Raphael;Mattos;82;6/27/2018;Porto Alegre;R$ 3.400,00;;;;
HL7348; SmartWatch ;2;João;Ribeiro;80;05/07/2018;Porto Alegre;R$ 1.400,00;;;;
HL8851; Notebook ;2;Ana;Gomes;68;09/12/2018;Porto Alegre;R$ 3.500,00;;;;
HL1918; iPhone ;2;Rodrigo;Silva;32;9/19/2018;São Paulo;R$ 5.300,00;;;;
HL1148; Câmera ;1;Bianca;Allevato;74;3/18/2018;Salvador;R$ 2.100,00;;;;
HL1918; iPhone ;4;Milena;Alcoforado;25;3/27/2018;Rio de Janeiro;R$ 5.300,00;;;;
HL9962; Android ;3;Breno;Godoy;88;04/08/2018;Goiânia;R$ 3.400,00;;;;
HL1918; iPhone ;3;Lucas;Freire;51;12/02/2018;Curitiba;R$ 5.300,00;;;;
HL4379; Televisão ;2;Júlia;Almeida;50;02/04/2018;Belo Horizonte;R$ 2.500,00;;;;
HL1918; iPhone ;2;Bianca;Tatsch;18;08/11/2018;Fortaleza;R$ 5.300,00;;;;
HL7348; SmartWatch ;2;Yasser;Calbucci;80;03/02/2018;Recife;R$ 1.400,00;;;;
HL7348; SmartWatch ;4;Ana;Felippe;76;11/09/2018;Fortaleza;R$ 1.400,00;;;;
HL1918; iPhone ;5;Bárbara;Cavalcante;70;6/24/2018;Fortaleza;R$ 5.300,00;;;;
HL1148; Câmera ;2;Caio;Fernandes;38;12/27/2018;Fortaleza;R$ 2.100,00;;;;
HL7348; SmartWatch ;1;Julia;Leig;60;10/22/2018;Salvador;R$ 1.400,00;;;;
HL4379; Televisão ;5;Roberta;Pimenta;66;11/25/2018;São Paulo;R$ 2.500,00;;;;
HL9962; Android ;3;Lucas;Machado;64;03/06/2018;São Paulo;R$ 3.400,00;;;;
HL4379; Televisão ;1;Pedro;Dalforne;28;4/19/2018;Salvador;R$ 2.500,00;;;;
HL1148; Câmera ;5;Caroline;Aquino;46;3/14/2018;Porto Alegre;R$ 2.100,00;;;;
HL4379; Televisão ;4;Lívia;Tanaka;61;11/28/2018;São Paulo;R$ 2.500,00;;;;
HL9962; Android ;2;Eduardo;Veiga;69;10/31/2018;Goiânia;R$ 3.400,00;;;;
HL1148; Câmera ;4;Giovanna;Santos;85;7/17/2018;Porto Alegre;R$ 2.100,00;;;;
HL1918; iPhone ;5;Clara;Silveira;53;12/03/2018;São Paulo;R$ 5.300,00;;;;
HL7348; SmartWatch ;4;Stephanie;Gonçalves;66;4/21/2018;São Paulo;R$ 1.400,00;;;;
HL4379; Televisão ;3;Raphael;Machado;48;11/06/2018;Recife;R$ 2.500,00;;;;
HL2714; Tablet ;5;Bruno;Ferreira;78;11/10/2018;Fortaleza;R$ 1.600,00;;;;
HL1918; iPhone ;3;Larissa;Cruz;73;10/30/2018;Fortaleza;R$ 5.300,00;;;;
HL8851; Notebook ;4;Raíza;Lopes;67;3/25/2018;São Paulo;R$ 3.500,00;;;;
HL8851; Notebook ;3;Sandy;Ribeiro;67;09/01/2018;Fortaleza;R$ 3.500,00;;;;
HL2714; Tablet ;3;Daniel;Valente;31;02/08/2018;Rio de Janeiro;R$ 1.600,00;;;;
HL1918; iPhone ;4;Victor;Oliveira;32;08/08/2018;São Paulo;R$ 5.300,00;;;;
HL1918; iPhone ;5;Carlos;Barbosa;49;1/28/2018;São Paulo;R$ 5.300,00;;;;
HL4379; Televisão ;2;Antonio;Manhães;44;2/25/2018;Salvador;R$ 2.500,00;;;;
HL4379; Televisão ;2;Helvio;Pedrosa;56;12/14/2018;Fortaleza;R$ 2.500,00;;;;
HL1918; iPhone ;1;Thales;Gouvêa;77;5/20/2018;Rio de Janeiro;R$ 5.300,00;;;;
HL4379; Televisão ;1;Natalia;Accioly;28;7/20/2018;São Paulo;R$ 2.500,00;;;;
HL2714; Tablet ;3;José;Seixas;72;10/19/2018;Porto Alegre;R$ 1.600,00;;;;
HL2714; Tablet ;4;Raissa;Maia;62;2/22/2018;Rio de Janeiro;R$ 1.600,00;;;;
HL1148; Câmera ;4;Thales;Santos;32;8/24/2018;Rio de Janeiro;R$ 2.100,00;;;;
HL1918; iPhone ;2;Sthefeson;Kohn;90;08/09/2018;Salvador;R$ 5.300,00;;;;
HL1918; iPhone ;5;Pedro;Ferrari;64;6/14/2018;Rio de Janeiro;R$ 5.300,00;;;;
HL1918; iPhone ;4;Matheus;Miranda;89;2/18/2018;Porto Alegre;R$ 5.300,00;;;;
HL1918; iPhone ;4;Amanda;Delgado;34;01/08/2018;Recife;R$ 5.300,00;;;;
HL1148; Câmera ;5;Thiago;Costa;88;12/16/2018;Salvador;R$ 2.100,00;;;;
HL1918; iPhone ;5;Lucas;Lima;49;7/16/2018;Fortaleza;R$ 5.300,00;;;;
HL1918; iPhone ;3;João;Costa;70;2/16/2018;Goiânia;R$ 5.300,00;;;;
HL1918; iPhone ;2;Douglas;Rodrigues;78;8/31/2018;Porto Alegre;R$ 5.300,00;;;;
HL4379; Televisão ;4;Rafaela;Gomes;56;6/24/2018;Porto Alegre;R$ 2.500,00;;;;
HL1148; Câmera ;3;Bárbara;Cavalcante;25;1/29/2018;Rio de Janeiro;R$ 2.100,00;;;;
HL4379; Televisão ;4;Lucas;Almeida;26;02/06/2018;São Paulo;R$ 2.500,00;;;;
HL1148; Câmera ;4;Tayla;Lima;27;11/15/2018;Fortaleza;R$ 2.100,00;;;;
HL4379; Televisão ;2;Alon;Palmeira;75;05/06/2018;Salvador;R$ 2.500,00;;;;
HL1148; Câmera ;3;Luíza;Goulart;47;10/09/2018;São Paulo;R$ 2.100,00;;;;
HL7348; SmartWatch ;1;Guilherme;Assis;46;12/14/2018;Goiânia;R$ 1.400,00;;;;
HL9962; Android ;3;Nina;Magalhães;73;02/05/2018;Porto Alegre;R$ 3.400,00;;;;
HL1918; iPhone ;3;Antonio;Bernhardt;89;1/18/2018;Fortaleza;R$ 5.300,00;;;;
HL7348; SmartWatch ;1;Júlia;Almeida;63;10/28/2018;Rio de Janeiro;R$ 1.400,00;;;;
HL7348; SmartWatch ;3;Victor;Zakhm;44;5/28/2018;São Paulo;R$ 1.400,00;;;;
HL1918; iPhone ;2;Hanna;Fonseca;69;08/09/2018;Goiânia;R$ 5.300,00;;;;
HL1148; Câmera ;5;Gabriel;Puntel;44;3/27/2018;Rio de Janeiro;R$ 2.100,00;;;;
HL1148; Câmera ;3;Michelle;Miura;60;1/31/2018;Curitiba;R$ 2.100,00;;;;
HL9962; Android ;3;Thiago;Nóbrega;58;1/30/2018;Fortaleza;R$ 3.400,00;;;;
HL1148; Câmera ;3;Raissa;Pinheiro;30;09/01/2018;São Paulo;R$ 2.100,00;;;;
HL7348; SmartWatch ;3;Matheus;Delgado;39;08/05/2018;Belo Horizonte;R$ 1.400,00;;;;
HL8851; Notebook ;1;Caroline;Aquino;70;5/28/2018;Goiânia;R$ 3.500,00;;;;
HL1918; iPhone ;2;Maria;Assumpção;19;04/05/2018;Goiânia;R$ 5.300,00;;;;
HL1918; iPhone ;5;Rojane;Lima;50;5/14/2018;Salvador;R$ 5.300,00;;;;
HL4379; Televisão ;1;Guilherme;Barbosa;29;01/11/2018;São Paulo;R$ 2.500,00;;;;
HL4379; Televisão ;2;Jonas;Gomes;44;5/20/2018;Curitiba;R$ 2.500,00;;;;
HL1918; iPhone ;2;Debora;Silva;81;05/04/2018;Rio de Janeiro;R$ 5.300,00;;;;
HL1918; iPhone ;5;Vitor;Boccaletti;86;1/27/2018;São Paulo;R$ 5.300,00;;;;
HL2714; Tablet ;4;Breno;Godoy;87;3/29/2018;Belo Horizonte;R$ 1.600,00;;;;
HL4379; Televisão ;2;Marcela;Johnson;26;4/23/2018;Rio de Janeiro;R$ 2.500,00;;;;
HL7348; SmartWatch ;2;Stefan;Nunes;60;6/18/2018;São Paulo;R$ 1.400,00;;;;
HL7348; SmartWatch ;5;Bruna;Londero;44;05/12/2018;Recife;R$ 1.400,00;;;;
HL1918; iPhone ;3;Alessandra;Martins;84;10/11/2018;Salvador;R$ 5.300,00;;;;
HL8851; Notebook ;3;Milena;Alcoforado;41;1/15/2018;Porto Alegre;R$ 3.500,00;;;;
HL4379; Televisão ;3;Daniela;Pereira;25;06/02/2018;São Paulo;R$ 2.500,00;;;;
HL1918; iPhone ;4;Glenda;Santos;43;10/28/2018;Salvador;R$ 5.300,00;;;;
HL9962; Android ;2;Thays;Castro;55;11/20/2018;São Paulo;R$ 3.400,00;;;;
HL8851; Notebook ;5;Barbara;Procaci;58;1/13/2018;Porto Alegre;R$ 3.500,00;;;;
HL7348; SmartWatch ;4;Leonardo;Ferreira;73;4/20/2018;Salvador;R$ 1.400,00;;;;
HL1918; iPhone ;4;Felipe;Mello;57;10/16/2018;São Paulo;R$ 5.300,00;;;;
HL1148; Câmera ;4;Daniel;Araujo;31;12/12/2018;São Paulo;R$ 2.100,00;;;;
HL1148; Câmera ;5;Allan;Candido;21;02/10/2018;Goiânia;R$ 2.100,00;;;;
HL8851; Notebook ;5;Ana;Gonzaga;28;6/15/2018;Salvador;R$ 3.500,00;;;;
HL4379; Televisão ;1;Platini;Heimlich;35;07/04/2018;Fortaleza;R$ 2.500,00;;;;
HL4379; Televisão ;4;Isabelle;Gonçalves;67;12/03/2018;Salvador;R$ 2.500,00;;;;
HL1918; iPhone ;5;Pedro;Conceição;34;2/18/2018;São Paulo;R$ 5.300,00;;;;
HL4379; Televisão ;2;Raíza;Lopes;74;9/29/2018;Rio de Janeiro;R$ 2.500,00;;;;
HL1918; iPhone ;2;Victor;Gomes;29;6/30/2018;Rio de Janeiro;R$ 5.300,00;;;;
HL4379; Televisão ;2;Letícia;Leal;58;11/25/2018;São Paulo;R$ 2.500,00;;;;
HL1918; iPhone ;1;Luiz;Freire;59;4/18/2018;Fortaleza;R$ 5.300,00;;;;
HL8851; Notebook ;5;Lara;Moreira;64;12/04/2018;Salvador;R$ 3.500,00;;;;
HL8851; Notebook ;4;Bernardo;Soares;86;11/30/2018;São Paulo;R$ 3.500,00;;;;
HL8851; Notebook ;5;Raísa;Rodrigues;80;12/16/2018;Porto Alegre;R$ 3.500,00;;;;
HL2714; Tablet ;4;Renan;Nascimento;29;3/29/2018;Fortaleza;R$ 1.600,00;;;;
HL4379; Televisão ;2;Raíssa;Oliveira;45;10/04/2018;Belo Horizonte;R$ 2.500,00;;;;
HL1918; iPhone ;1;Helena;Chafin;49;04/05/2018;Rio de Janeiro;R$ 5.300,00;;;;
HL8851; Notebook ;2;Lais;Candido;58;12/14/2018;Fortaleza;R$ 3.500,00;;;;
HL8851; Notebook ;2;Thales;Andrade;60;11/19/2018;São Paulo;R$ 3.500,00;;;;
HL7348; SmartWatch ;2;Isaac;Santos;42;4/13/2018;Rio de Janeiro;R$ 1.400,00;;;;
HL2714; Tablet ;5;Adriane;Chagas;63;9/18/2018;Salvador;R$ 1.600,00;;;;
HL1918; iPhone ;5;Matheus;Ramos;81;9/15/2018;Salvador;R$ 5.300,00;;;;
HL7348; SmartWatch ;3;Rodrigo;Silva;58;11/06/2018;Belo Horizonte;R$ 1.400,00;;;;
HL1918; iPhone ;1;Arthur;Rocha;72;2/23/2018;São Paulo;R$ 5.300,00;;;;
HL4379; Televisão ;2;Lucas;Araújo;75;11/13/2018;Salvador;R$ 2.500,00;;;;
HL4379; Televisão ;5;Fillipe;Almeida;25;6/24/2018;Salvador;R$ 2.500,00;;;;
HL7348; SmartWatch ;3;Ana;Almeida;49;5/14/2018;Salvador;R$ 1.400,00;;;;
HL8851; Notebook ;5;Fernanda;Silva;65;4/17/2018;Fortaleza;R$ 3.500,00;;;;
HL2714; Tablet ;4;João;Peçanha;42;8/22/2018;Curitiba;R$ 1.600,00;;;;
HL4379; Televisão ;1;Maria;Cardoso;47;07/03/2018;Recife;R$ 2.500,00;;;;
HL1918; iPhone ;5;Myllena;Corrêa;27;08/12/2018;Salvador;R$ 5.300,00;;;;
HL1918; iPhone ;4;Alberto;Silveira;54;02/05/2018;Rio de Janeiro;R$ 5.300,00;;;;
HL1148; Câmera ;2;Maike;Pereira;61;05/11/2018;Belo Horizonte;R$ 2.100,00;;;;
HL7348; SmartWatch ;4;Guilherme;Santos;21;2/23/2018;São Paulo;R$ 1.400,00;;;;
HL1918; iPhone ;5;Bruno;Mota;70;12/12/2018;Porto Alegre;R$ 5.300,00;;;;
HL9962; Android ;1;Miguel;Carneiro;60;01/08/2018;Belo Horizonte;R$ 3.400,00;;;;
HL1918; iPhone ;1;Sthefeson;Kohn;60;04/08/2018;Fortaleza;R$ 5.300,00;;;;
HL1918; iPhone ;2;Katharina;Barros;74;02/03/2018;Fortaleza;R$ 5.300,00;;;;
HL7348; SmartWatch ;3;Paula;Calbucci;90;2/26/2018;Curitiba;R$ 1.400,00;;;;
HL7348; SmartWatch ;1;Rodrigo;Feijo;54;12/26/2018;São Paulo;R$ 1.400,00;;;;
HL2714; Tablet ;2;Antonio;Manhães;40;4/23/2018;Fortaleza;R$ 1.600,00;;;;
HL4379; Televisão ;3;Rodrigo;Ramos;29;10/08/2018;São Paulo;R$ 2.500,00;;;;
HL1918; iPhone ;2;Livia;Cozendey;74;12/04/2018;São Paulo;R$ 5.300,00;;;;
HL8851; Notebook ;4;Victor;Firmino;80;09/01/2018;Belo Horizonte;R$ 3.500,00;;;;
HL8851; Notebook ;4;Gabriel;Puntel;40;10/09/2018;Porto Alegre;R$ 3.500,00;;;;
HL8851; Notebook ;5;Raíza;Lopes;29;9/22/2018;Goiânia;R$ 3.500,00;;;;
HL1148; Câmera ;4;Marina;Correa;83;8/31/2018;Porto Alegre;R$ 2.100,00;;;;
HL8851; Notebook ;4;Raissa;Pinheiro;60;8/27/2018;Curitiba;R$ 3.500,00;;;;
HL4379; Televisão ;5;Victor;Lira;25;7/26/2018;Salvador;R$ 2.500,00;;;;
HL2714; Tablet ;2;Breno;Britto;55;02/08/2018;Recife;R$ 1.600,00;;;;
HL4379; Televisão ;1;Luiza;Cabral;67;07/04/2018;Porto Alegre;R$ 2.500,00;;;;
HL1918; iPhone ;5;Eduardo;Veiga;18;03/01/2018;Belo Horizonte;R$ 5.300,00;;;;
HL1918; iPhone ;5;Wen;Santos;84;12/18/2018;Salvador;R$ 5.300,00;;;;
HL8851; Notebook ;4;Victor;Lira;38;7/29/2018;Fortaleza;R$ 3.500,00;;;;
HL4379; Televisão ;2;João;Abraçado;37;4/24/2018;São Paulo;R$ 2.500,00;;;;
HL4379; Televisão ;3;Matheus;Sapir;62;12/16/2018;Salvador;R$ 2.500,00;;;;
HL4379; Televisão ;3;Maria;Correa;86;6/22/2018;Goiânia;R$ 2.500,00;;;;
HL9962; Android ;5;Karina;Camara;26;2/13/2018;Porto Alegre;R$ 3.400,00;;;;
HL7348; SmartWatch ;4;Maria;Moita;83;07/07/2018;São Paulo;R$ 1.400,00;;;;
HL1918; iPhone ;2;Alexandre;Dantas;44;12/09/2018;Rio de Janeiro;R$ 5.300,00;;;;
HL1918; iPhone ;4;Gabriella;Lopes;46;8/23/2018;Rio de Janeiro;R$ 5.300,00;;;;
HL2714; Tablet ;4;Rafaela;Rodrigues;52;7/21/2018;São Paulo;R$ 1.600,00;;;;
HL7348; SmartWatch ;2;Breno;Quinto;28;4/22/2018;Curitiba;R$ 1.400,00;;;;
HL4379; Televisão ;3;Fillipe;Almeida;22;7/24/2018;Recife;R$ 2.500,00;;;;
HL2714; Tablet ;3;Victor;Franco;75;11/04/2018;Rio de Janeiro;R$ 1.600,00;;;;
HL1148; Câmera ;3;João;Araujo;64;8/22/2018;Curitiba;R$ 2.100,00;;;;
HL1148; Câmera ;3;Marina;Correa;45;03/06/2018;Porto Alegre;R$ 2.100,00;;;;
HL7348; SmartWatch ;1;Amanda;Procaci;57;10/10/2018;São Paulo;R$ 1.400,00;;;;
HL1148; Câmera ;1;Carlos;Assis;19;5/15/2018;Goiânia;R$ 2.100,00;;;;
HL2714; Tablet ;2;Kim;Ferreira;27;10/05/2018;Belo Horizonte;R$ 1.600,00;;;;
HL1148; Câmera ;3;Henrique;Silva;29;3/15/2018;Rio de Janeiro;R$ 2.100,00;;;;
HL1918; iPhone ;4;Luiza;Farias;69;3/22/2018;Recife;R$ 5.300,00;;;;
HL7348; SmartWatch ;2;Hanna;Fonseca;24;7/14/2018;São Paulo;R$ 1.400,00;;;;
HL1148; Câmera ;4;Bruno;Oliveira;31;02/12/2018;Recife;R$ 2.100,00;;;;
HL1918; iPhone ;3;Daniel;Monteiro;45;03/09/2018;Porto Alegre;R$ 5.300,00;;;;
HL8851; Notebook ;5;Lucas;Lima;30;11/01/2018;Salvador;R$ 3.500,00;;;;
HL1918; iPhone ;4;Daniel;Nauenberg;76;8/23/2018;Salvador;R$ 5.300,00;;;;
HL8851; Notebook ;4;Thainá;Binello;62;2/26/2018;São Paulo;R$ 3.500,00;;;;
HL4379; Televisão ;2;Daniela;Rosa;62;06/10/2018;São Paulo;R$ 2.500,00;;;;
HL2714; Tablet ;3;Anderson;Cavalcanti;35;06/08/2018;Rio de Janeiro;R$ 1.600,00;;;;
HL2714; Tablet ;5;Pedro;Santana;86;12/11/2018;São Paulo;R$ 1.600,00;;;;
HL1918; iPhone ;4;Wilson;Miranda;47;12/15/2018;Salvador;R$ 5.300,00;;;;
HL1918; iPhone ;5;Marcelo;Guadagnino;87;11/17/2018;São Paulo;R$ 5.300,00;;;;
HL2714; Tablet ;4;Mateus;Duque;72;11/16/2018;Rio de Janeiro;R$ 1.600,00;;;;
HL1918; iPhone ;3;Carolina;Rachide;22;7/20/2018;Belo Horizonte;R$ 5.300,00;;;;
HL4379; Televisão ;5;Pedro;Conceição;90;08/07/2018;Goiânia;R$ 2.500,00;;;;
HL1148; Câmera ;3;Fabio;Ramos;53;10/08/2018;Rio de Janeiro;R$ 2.100,00;;;;
HL9962; Android ;3;Bruno;Salomão;24;5/21/2018;Rio de Janeiro;R$ 3.400,00;;;;
HL1148; Câmera ;5;Matheus;Gomes;85;02/09/2018;Goiânia;R$ 2.100,00;;;;
HL7348; SmartWatch ;3;Brenno;Santos;27;06/01/2018;Rio de Janeiro;R$ 1.400,00;;;;
HL4379; Televisão ;4;Guilherme;Castilho;31;2/26/2018;Fortaleza;R$ 2.500,00;;;;
HL9962; Android ;4;Willian;Albino;79;03/01/2018;Belo Horizonte;R$ 3.400,00;;;;
HL8851; Notebook ;3;Ana;Campos;24;06/06/2018;Salvador;R$ 3.500,00;;;;
HL1148; Câmera ;2;Raul;Silveira;45;1/21/2018;Goiânia;R$ 2.100,00;;;;
HL2714; Tablet ;4;Carlos;Barbosa;37;09/12/2018;São Paulo;R$ 1.600,00;;;;
HL1918; iPhone ;2;Raissa;Sales;35;3/27/2018;Salvador;R$ 5.300,00;;;;
HL1148; Câmera ;1;Carlos;Souza;25;2/27/2018;Salvador;R$ 2.100,00;;;;
HL1148; Câmera ;3;Priscila;Carvalho;28;01/06/2018;Curitiba;R$ 2.100,00;;;;
HL1918; iPhone ;2;Alon;Pestana;74;9/20/2018;Fortaleza;R$ 5.300,00;;;;
HL1918; iPhone ;1;Guilherme;Vianna;87;9/21/2018;Fortaleza;R$ 5.300,00;;;;
HL9962; Android ;5;Breno;Godoy;30;11/07/2018;São Paulo;R$ 3.400,00;;;;
HL1918; iPhone ;2;Matheus;Moraes;23;09/11/2018;Salvador;R$ 5.300,00;;;;
HL4379; Televisão ;1;Khaio;Mesquita;34;07/01/2018;Curitiba;R$ 2.500,00;;;;
HL1148; Câmera ;5;Erick;Soares;90;8/14/2018;São Paulo;R$ 2.100,00;;;;
HL7348; SmartWatch ;2;Lucas;Villanova;56;9/19/2018;Fortaleza;R$ 1.400,00;;;;
HL7348; SmartWatch ;3;Bruno;Temporal;59;04/07/2018;Goiânia;R$ 1.400,00;;;;
HL4379; Televisão ;5;Eduardo;Soares;73;1/16/2018;São Paulo;R$ 2.500,00;;;;
HL1148; Câmera ;1;Catarina;Teixeira;90;09/07/2018;Porto Alegre;R$ 2.100,00;;;;
HL4379; Televisão ;1;Bruna;Silveira;54;11/01/2018;Goiânia;R$ 2.500,00;;;;
HL4379; Televisão ;1;Roberta;Pimenta;18;8/26/2018;Fortaleza;R$ 2.500,00;;;;
HL9962; Android ;3;Lucas;Machado;45;12/24/2018;Belo Horizonte;R$ 3.400,00;;;;
HL1918; iPhone ;3;Joao;Silva;27;06/08/2018;São Paulo;R$ 5.300,00;;;;
HL8851; Notebook ;4;Gabriela;Aliani;83;7/23/2018;Salvador;R$ 3.500,00;;;;
HL2714; Tablet ;2;Ana;Monte;28;9/19/2018;Curitiba;R$ 1.600,00;;;;
HL1918; iPhone ;4;Clarissa;Santos;52;10/10/2018;Salvador;R$ 5.300,00;;;;
HL4379; Televisão ;4;Carolina;Carneiro;77;07/10/2018;Salvador;R$ 2.500,00;;;;
HL1148; Câmera ;3;Felipe;Cavalcanti;39;6/25/2018;Rio de Janeiro;R$ 2.100,00;;;;
HL1918; iPhone ;5;Raul;Silveira;87;2/18/2018;Porto Alegre;R$ 5.300,00;;;;
HL4379; Televisão ;1;Michelle;Pereira;83;1/18/2018;Curitiba;R$ 2.500,00;;;;
HL2714; Tablet ;1;Vitor;Arruda;20;6/26/2018;Salvador;R$ 1.600,00;;;;
HL4379; Televisão ;1;Yasmim;Bittencourt;37;01/11/2018;Rio de Janeiro;R$ 2.500,00;;;;
HL4379; Televisão ;1;Natalia;Guedes;81;6/19/2018;Fortaleza;R$ 2.500,00;;;;
HL4379; Televisão ;5;Patrícia;Amaral;32;12/31/2018;Rio de Janeiro;R$ 2.500,00;;;;
HL8851; Notebook ;2;David;Campelo;73;4/30/2018;Porto Alegre;R$ 3.500,00;;;;
HL7348; SmartWatch ;5;Wendela;Mariz;73;07/11/2018;Goiânia;R$ 1.400,00;;;;
HL2714; Tablet ;4;Alon;Pestana;50;3/16/2018;São Paulo;R$ 1.600,00;;;;
HL1918; iPhone ;2;Victor;Oliveira;37;12/28/2018;São Paulo;R$ 5.300,00;;;;
HL1918; iPhone ;4;Manuela;Merege;38;01/03/2018;Goiânia;R$ 5.300,00;;;;
HL8851; Notebook ;3;Cassio;Faria;19;03/02/2018;Fortaleza;R$ 3.500,00;;;;
HL4379; Televisão ;1;Marcelo;Guadagnino;54;6/19/2018;Recife;R$ 2.500,00;;;;
HL1918; iPhone ;5;Vittorio;Freitas;31;06/03/2018;São Paulo;R$ 5.300,00;;;;
HL9962; Android ;3;Arthur;Souza;68;6/15/2018;Rio de Janeiro;R$ 3.400,00;;;;
HL1918; iPhone ;3;Bernardo;Borges;58;6/20/2018;Recife;R$ 5.300,00;;;;
HL8851; Notebook ;2;Luiz;Limp;35;10/21/2018;Salvador;R$ 3.500,00;;;;
HL7348; SmartWatch ;1;Daniel;Nauenberg;60;12/22/2018;Fortaleza;R$ 1.400,00;;;;
HL1148; Câmera ;1;Amanda;Braga;57;07/06/2018;Belo Horizonte;R$ 2.100,00;;;;
HL8851; Notebook ;1;Lucas;Costa;49;10/08/2018;Belo Horizonte;R$ 3.500,00;;;;
HL1918; iPhone ;3;Ana;Gomes;46;01/02/2018;São Paulo;R$ 5.300,00;;;;
HL1918; iPhone ;2;Felipe;Mendonça;46;09/02/2018;Belo Horizonte;R$ 5.300,00;;;;
HL1918; iPhone ;3;Guilherme;Marchesi;85;9/15/2018;Curitiba;R$ 5.300,00;;;;
HL1918; iPhone ;3;Marina;Mesquita;44;2/15/2018;Salvador;R$ 5.300,00;;;;
HL4379; Televisão ;2;João;Menezes;38;5/23/2018;Belo Horizonte;R$ 2.500,00;;;;
HL4379; Televisão ;4;Raissa;Maia;64;01/08/2018;Salvador;R$ 2.500,00;;;;
HL2714; Tablet ;2;Camille;Silva;23;11/12/2018;São Paulo;R$ 1.600,00;;;;
HL4379; Televisão ;1;Jônatas;Soares;47;9/17/2018;São Paulo;R$ 2.500,00;;;;
HL1918; iPhone ;3;Gabrielle;Figueiredo;26;02/06/2018;Goiânia;R$ 5.300,00;;;;
HL8851; Notebook ;3;Giovanna;Santos;69;4/16/2018;Recife;R$ 3.500,00;;;;
HL8851; Notebook ;3;Matheus;Tostes;79;3/21/2018;Recife;R$ 3.500,00;;;;
HL1918; iPhone ;2;Helena;Chafin;20;01/04/2018;São Paulo;R$ 5.300,00;;;;
HL7348; SmartWatch ;4;Fernanda;Silva;86;7/20/2018;Recife;R$ 1.400,00;;;;
HL1918; iPhone ;3;Victor;Soares;60;1/28/2018;São Paulo;R$ 5.300,00;;;;
HL4379; Televisão ;5;Eric;Júnior;74;6/19/2018;São Paulo;R$ 2.500,00;;;;
HL1918; iPhone ;2;Raísa;Rodrigues;18;8/21/2018;Fortaleza;R$ 5.300,00;;;;
HL9962; Android ;2;Beatriz;Perdomo;82;12/22/2018;Fortaleza;R$ 3.400,00;;;;
HL4379; Televisão ;3;João;Tabet;78;11/16/2018;Curitiba;R$ 2.500,00;;;;
HL1918; iPhone ;2;Raphael;Ferman;80;3/17/2018;Salvador;R$ 5.300,00;;;;
HL1918; iPhone ;4;Pedro;Oliveira;19;5/24/2018;São Paulo;R$ 5.300,00;;;;
HL2714; Tablet ;2;Lívia;Tanaka;28;04/03/2018;São Paulo;R$ 1.600,00;;;;
HL1148; Câmera ;4;Mayara;Soares;87;12/10/2018;Recife;R$ 2.100,00;;;;
HL1918; iPhone ;5;João;Araujo;79;09/08/2018;Rio de Janeiro;R$ 5.300,00;;;;
HL1918; iPhone ;4;Ruan;Lopes;78;11/11/2018;Goiânia;R$ 5.300,00;;;;
HL4379; Televisão ;5;Lenon;Fernandes;65;04/08/2018;São Paulo;R$ 2.500,00;;;;
HL1918; iPhone ;3;Sylvio;Bernhardt;82;7/22/2018;Fortaleza;R$ 5.300,00;;;;
HL8851; Notebook ;5;Bárbara;Lima;24;9/22/2018;Fortaleza;R$ 3.500,00;;;;
HL8851; Notebook ;4;Helvio;Pedrosa;78;12/06/2018;Porto Alegre;R$ 3.500,00;;;;
HL1918; iPhone ;5;Mônica;Rotolo;41;03/08/2018;Curitiba;R$ 5.300,00;;;;
HL7348; SmartWatch ;2;Maria;Cardoso;79;1/21/2018;Belo Horizonte;R$ 1.400,00;;;;
HL1918; iPhone ;1;Raíssa;Nimer;49;11/18/2018;Rio de Janeiro;R$ 5.300,00;;;;
HL8851; Notebook ;1;Philipe;Morete;37;1/16/2018;Recife;R$ 3.500,00;;;;
HL1918; iPhone ;4;Bruno;Velucci;49;06/03/2018;Salvador;R$ 5.300,00;;;;
HL7348; SmartWatch ;3;Renan;Cunha;89;05/01/2018;Salvador;R$ 1.400,00;;;;
HL8851; Notebook ;3;Caio;Fernandes;88;1/20/2018;Salvador;R$ 3.500,00;;;;
HL9962; Android ;5;Pedro;Dalforne;69;11/22/2018;Porto Alegre;R$ 3.400,00;;;;
HL1918; iPhone ;3;João;Guadagnino;61;11/06/2018;Fortaleza;R$ 5.300,00;;;;
HL4379; Televisão ;5;Jeferson;Sone;79;02/05/2018;Rio de Janeiro;R$ 2.500,00;;;;
HL7348; SmartWatch ;5;Isabella;Scalabrin;52;5/17/2018;São Paulo;R$ 1.400,00;;;;
HL1918; iPhone ;5;Pedro;Oliveira;79;2/13/2018;São Paulo;R$ 5.300,00;;;;
HL1148; Câmera ;5;Rodrigo;Silva;34;8/14/2018;São Paulo;R$ 2.100,00;;;;
HL4379; Televisão ;4;Rojane;Lima;55;6/24/2018;Belo Horizonte;R$ 2.500,00;;;;
HL1918; iPhone ;1;Renan;Nascimento;56;01/07/2018;Rio de Janeiro;R$ 5.300,00;;;;
HL1918; iPhone ;2;Giovanna;Santos;40;04/11/2018;São Paulo;R$ 5.300,00;;;;
HL2714; Tablet ;1;Hércules;Júnior;85;3/18/2018;Salvador;R$ 1.600,00;;;;
HL8851; Notebook ;5;Jonatas;Essaber;45;05/08/2018;Rio de Janeiro;R$ 3.500,00;;;;
HL8851; Notebook ;2;Sthefeson;Kohn;68;2/18/2018;São Paulo;R$ 3.500,00;;;;
HL1918; iPhone ;3;Pedro;Pereira;46;7/15/2018;Rio de Janeiro;R$ 5.300,00;;;;
HL2714; Tablet ;5;Daniel;Valente;47;4/24/2018;Fortaleza;R$ 1.600,00;;;;
HL8851; Notebook ;1;Jônatas;Castro;67;7/19/2018;Fortaleza;R$ 3.500,00;;;;
HL8851; Notebook ;1;Ana;Leite;60;12/11/2018;Recife;R$ 3.500,00;;;;
HL8851; Notebook ;2;Breno;Godoy;65;11/07/2018;São Paulo;R$ 3.500,00;;;;
HL1918; iPhone ;3;Breno;Caputo;83;7/18/2018;Belo Horizonte;R$ 5.300,00;;;;
HL7348; SmartWatch ;5;Gabriel;Puntel;90;11/12/2018;Rio de Janeiro;R$ 1.400,00;;;;
HL4379; Televisão ;3;Roger;Rosa;80;12/09/2018;Salvador;R$ 2.500,00;;;;
HL9962; Android ;4;Anna;Figueiredo;35;4/17/2018;Rio de Janeiro;R$ 3.400,00;;;;
HL1918; iPhone ;3;Gustavo;Thome;89;1/28/2018;Recife;R$ 5.300,00;;;;
HL9962; Android ;4;João;Ribeiro;70;2/14/2018;Fortaleza;R$ 3.400,00;;;;
HL1918; iPhone ;4;Priscila;Garcia;40;4/17/2018;São Paulo;R$ 5.300,00;;;;
HL9962; Android ;2;Victor;Oliveira;41;7/20/2018;Belo Horizonte;R$ 3.400,00;;;;
HL1918; iPhone ;2;Mariana;Sousa;86;02/08/2018;Belo Horizonte;R$ 5.300,00;;;;
HL1148; Câmera ;3;Marina;Perdomo;24;04/10/2018;São Paulo;R$ 2.100,00;;;;
HL9962; Android ;1;Jorge;Carvalho;64;12/23/2018;São Paulo;R$ 3.400,00;;;;
HL1918; iPhone ;5;Gabrielle;Costa;79;2/22/2018;Rio de Janeiro;R$ 5.300,00;;;;
HL1148; Câmera ;2;Priscila;Suzano;88;2/27/2018;Salvador;R$ 2.100,00;;;;
HL7348; SmartWatch ;1;Tainah;Nogueira;47;12/05/2018;São Paulo;R$ 1.400,00;;;;
HL8851; Notebook ;4;Luíza;Melo;49;07/12/2018;São Paulo;R$ 3.500,00;;;;
HL8851; Notebook ;4;Rafaela;Rodrigues;74;03/09/2018;São Paulo;R$ 3.500,00;;;;
HL8851; Notebook ;2;Thales;Portillo;21;6/13/2018;Salvador;R$ 3.500,00;;;;
HL9962; Android ;5;Ulisses;Filho;69;7/25/2018;Belo Horizonte;R$ 3.400,00;;;;
HL9962; Android ;4;Fabio;Boccaletti;32;07/09/2018;Curitiba;R$ 3.400,00;;;;
HL1148; Câmera ;3;Gabriel;Rocha;71;4/22/2018;Belo Horizonte;R$ 2.100,00;;;;
HL7348; SmartWatch ;3;Helvio;Pedrosa;73;03/03/2018;Belo Horizonte;R$ 1.400,00;;;;
HL4379; Televisão ;5;Victor;Franco;34;01/07/2018;Fortaleza;R$ 2.500,00;;;;
HL2714; Tablet ;3;Isabella;Santos;86;9/24/2018;Recife;R$ 1.600,00;;;;
HL1918; iPhone ;1;Roberta;Nogueira;90;11/08/2018;Fortaleza;R$ 5.300,00;;;;
HL9962; Android ;2;Maria;Moita;24;01/02/2018;Belo Horizonte;R$ 3.400,00;;;;
HL1918; iPhone ;5;Thayna;Martins;41;07/02/2018;São Paulo;R$ 5.300,00;;;;
HL9962; Android ;3;Bárbara;Cavalcante;23;10/11/2018;Recife;R$ 3.400,00;;;;
HL1918; iPhone ;2;Ana;Fioretti;18;12/18/2018;Porto Alegre;R$ 5.300,00;;;;
HL1148; Câmera ;1;Michelle;Figueiredo;87;5/23/2018;Salvador;R$ 2.100,00;;;;
HL4379; Televisão ;5;Luiza;Procaci;72;11/27/2018;Salvador;R$ 2.500,00;;;;
HL4379; Televisão ;4;Thales;Fanara;64;11/18/2018;Rio de Janeiro;R$ 2.500,00;;;;
HL1918; iPhone ;4;Joao;Silva;47;4/15/2018;Salvador;R$ 5.300,00;;;;
HL1918; iPhone ;4;Rafaela;Gonçalves;45;4/15/2018;Belo Horizonte;R$ 5.300,00;;;;
HL8851; Notebook ;1;Lucas;Destri;31;08/04/2018;Salvador;R$ 3.500,00;;;;
HL1148; Câmera ;1;Gabriel;Azevedo;24;03/03/2018;São Paulo;R$ 2.100,00;;;;
HL4379; Televisão ;2;Matheus;Gomes;54;4/26/2018;Porto Alegre;R$ 2.500,00;;;;
HL2714; Tablet ;2;Caio;Cardoso;59;5/15/2018;São Paulo;R$ 1.600,00;;;;
HL1918; iPhone ;5;Maria;Junior;57;10/28/2018;Fortaleza;R$ 5.300,00;;;;
HL4379; Televisão ;1;Camilla;Vieira;69;7/23/2018;Belo Horizonte;R$ 2.500,00;;;;
HL8851; Notebook ;1;Gustavo;Junior;68;3/29/2018;Porto Alegre;R$ 3.500,00;;;;
HL8851; Notebook ;1;Ylana;Teraoka;31;04/11/2018;São Paulo;R$ 3.500,00;;;;
HL4379; Televisão ;1;Bruno;Mota;69;5/19/2018;Recife;R$ 2.500,00;;;;
HL2714; Tablet ;5;Antônio;Oliveira;46;11/11/2018;Belo Horizonte;R$ 1.600,00;;;;
HL4379; Televisão ;5;Mariana;Miranda;35;8/14/2018;São Paulo;R$ 2.500,00;;;;
HL4379; Televisão ;4;Adrielle;Forte;55;4/22/2018;Porto Alegre;R$ 2.500,00;;;;
HL4379; Televisão ;2;Isabella;Scalabrin;79;10/11/2018;Porto Alegre;R$ 2.500,00;;;;
HL1918; iPhone ;5;Roger;Rosa;39;3/15/2018;São Paulo;R$ 5.300,00;;;;
HL7348; SmartWatch ;2;Pedro;Cardoso;84;09/04/2018;Goiânia;R$ 1.400,00;;;;
HL9962; Android ;4;Manuela;Merege;56;12/15/2018;Salvador;R$ 3.400,00;;;;
HL7348; SmartWatch ;2;Juliana;Barreira;38;2/22/2018;Salvador;R$ 1.400,00;;;;
HL1918; iPhone ;1;Gabriella;Lopes;49;12/19/2018;Goiânia;R$ 5.300,00;;;;
HL4379; Televisão ;2;Anna;Silva;41;10/11/2018;São Paulo;R$ 2.500,00;;;;
HL1918; iPhone ;2;Douglas;Rodrigues;27;4/13/2018;Recife;R$ 5.300,00;;;;
HL1148; Câmera ;2;Victor;Gomes;46;10/02/2018;Salvador;R$ 2.100,00;;;;
HL4379; Televisão ;5;Fernanda;Coutinho;44;8/16/2018;Goiânia;R$ 2.500,00;;;;
HL1918; iPhone ;4;Rafael;Wajnsztok;35;11/06/2018;Goiânia;R$ 5.300,00;;;;
HL9962; Android ;5;Thales;Santos;54;07/01/2018;Fortaleza;R$ 3.400,00;;;;
HL9962; Android ;2;Mayara;Soares;83;12/24/2018;Rio de Janeiro;R$ 3.400,00;;;;
HL4379; Televisão ;5;Caio;Silva;47;9/23/2018;Recife;R$ 2.500,00;;;;
HL2714; Tablet ;4;Izabel;Miura;62;6/27/2018;Rio de Janeiro;R$ 1.600,00;;;;
HL1918; iPhone ;1;Victor;Lira;88;07/07/2018;São Paulo;R$ 5.300,00;;;;
HL1918; iPhone ;1;Pedro;Martins;54;01/08/2018;Porto Alegre;R$ 5.300,00;;;;
HL1918; iPhone ;5;Daniel;Araujo;81;03/04/2018;Salvador;R$ 5.300,00;;;;
HL9962; Android ;1;Rafaela;Gomes;50;11/05/2018;Fortaleza;R$ 3.400,00;;;;
HL8851; Notebook ;1;Fabio;Sepúlveda;44;12/16/2018;Rio de Janeiro;R$ 3.500,00;;;;
HL9962; Android ;1;Lucas;Rocha;82;09/06/2018;Rio de Janeiro;R$ 3.400,00;;;;
HL1918; iPhone ;3;Izabel;Lopes;24;9/19/2018;Belo Horizonte;R$ 5.300,00;;;;
HL4379; Televisão ;2;Matheus;Gomes;85;10/14/2018;São Paulo;R$ 2.500,00;;;;
HL8851; Notebook ;5;Letícia;Leal;73;12/27/2018;Rio de Janeiro;R$ 3.500,00;;;;
HL1918; iPhone ;1;Jônatas;Tanaka;81;11/24/2018;Recife;R$ 5.300,00;;;;
HL1918; iPhone ;4;Matheus;Delgado;26;2/25/2018;Fortaleza;R$ 5.300,00;;;;
HL8851; Notebook ;5;Pedro;Ronfini;32;12/31/2018;Porto Alegre;R$ 3.500,00;;;;
HL8851; Notebook ;2;Eduardo;Nunes;30;3/23/2018;Fortaleza;R$ 3.500,00;;;;
HL4379; Televisão ;2;Giovanna;Santos;67;08/03/2018;São Paulo;R$ 2.500,00;;;;
HL1918; iPhone ;2;Vivianne;Rodrigues;58;10/09/2018;Salvador;R$ 5.300,00;;;;
HL7348; SmartWatch ;2;Rodrigo;Alves;67;9/24/2018;Porto Alegre;R$ 1.400,00;;;;
HL4379; Televisão ;1;Marina;Miranda;26;08/11/2018;Salvador;R$ 2.500,00;;;;
HL8851; Notebook ;1;Isabelle;Gonçalves;70;4/28/2018;São Paulo;R$ 3.500,00;;;;
HL1918; iPhone ;4;Maria;Gasperi;82;02/09/2018;São Paulo;R$ 5.300,00;;;;
HL1918; iPhone ;4;Antônio;Soares;87;9/17/2018;Goiânia;R$ 5.300,00;;;;
HL7348; SmartWatch ;2;Thales;Fanara;88;11/07/2018;Salvador;R$ 1.400,00;;;;
HL1148; Câmera ;2;Andressa;Chou;74;12/01/2018;Porto Alegre;R$ 2.100,00;;;;
HL2714; Tablet ;1;Wen;Braga;51;9/16/2018;São Paulo;R$ 1.600,00;;;;
HL9962; Android ;3;Pedro;Santos;42;10/18/2018;São Paulo;R$ 3.400,00;;;;
HL7348; SmartWatch ;3;Thiago;Veloso;85;07/11/2018;Rio de Janeiro;R$ 1.400,00;;;;
HL1918; iPhone ;5;Raissa;Negrelli;80;3/31/2018;Goiânia;R$ 5.300,00;;;;
HL1148; Câmera ;2;Katharina;Barros;22;6/22/2018;Rio de Janeiro;R$ 2.100,00;;;;
HL9962; Android ;2;Giuseppe;Bhering;50;02/08/2018;Goiânia;R$ 3.400,00;;;;
HL4379; Televisão ;4;Alon;Pestana;37;5/31/2018;Fortaleza;R$ 2.500,00;;;;
HL2714; Tablet ;1;Isabel;Lacerda;78;06/10/2018;Salvador;R$ 1.600,00;;;;
HL9962; Android ;2;Guido;Monteiro;40;12/24/2018;Belo Horizonte;R$ 3.400,00;;;;
HL7348; SmartWatch ;5;Carlos;Galvão;71;12/22/2018;Rio de Janeiro;R$ 1.400,00;;;;
HL8851; Notebook ;1;Ana;Júnior;46;1/18/2018;Rio de Janeiro;R$ 3.500,00;;;;
HL7348; SmartWatch ;3;Anna;Maia;54;2/24/2018;Recife;R$ 1.400,00;;;;
HL7348; SmartWatch ;4;Rafaela;Gonçalves;32;10/31/2018;Porto Alegre;R$ 1.400,00;;;;
HL7348; SmartWatch ;5;Pedro;Oliveira;81;08/06/2018;Recife;R$ 1.400,00;;;;
HL7348; SmartWatch ;4;Juliana;Silva;56;12/03/2018;Curitiba;R$ 1.400,00;;;;
HL7348; SmartWatch ;1;Lucas;Villanova;52;5/14/2018;Porto Alegre;R$ 1.400,00;;;;
HL9962; Android ;2;Luísa;Fonseca;69;2/23/2018;Goiânia;R$ 3.400,00;;;;
HL1918; iPhone ;4;Luiz;Conceição;66;02/06/2018;São Paulo;R$ 5.300,00;;;;
HL1918; iPhone ;3;Luíza;Goulart;48;06/12/2018;Recife;R$ 5.300,00;;;;
HL4379; Televisão ;5;Pedro;Cardoso;50;1/17/2018;São Paulo;R$ 2.500,00;;;;
HL1918; iPhone ;2;Milena;Pereira;31;05/01/2018;Fortaleza;R$ 5.300,00;;;;
HL9962; Android ;4;Carlos;Portela;70;09/10/2018;Porto Alegre;R$ 3.400,00;;;;
HL1918; iPhone ;1;Thiago;Veiga;65;9/28/2018;Goiânia;R$ 5.300,00;;;;
HL2714; Tablet ;3;Carolina;Carneiro;75;04/01/2018;Rio de Janeiro;R$ 1.600,00;;;;
HL7348; SmartWatch ;2;Morgana;Correa;24;07/02/2018;Belo Horizonte;R$ 1.400,00;;;;
HL9962; Android ;4;Gabriel;Rocha;37;10/27/2018;Fortaleza;R$ 3.400,00;;;;
HL1918; iPhone ;4;Luiz;Almeida;54;11/20/2018;Rio de Janeiro;R$ 5.300,00;;;;
HL7348; SmartWatch ;4;Luiza;Ribeiro;69;10/09/2018;Goiânia;R$ 1.400,00;;;;
HL1918; iPhone ;5;Eduardo;Soares;44;09/05/2018;São Paulo;R$ 5.300,00;;;;
HL1918; iPhone ;4;Diego;Marchesi;64;3/25/2018;São Paulo;R$ 5.300,00;;;;
HL4379; Televisão ;2;Victor;Oliveira;88;7/26/2018;Porto Alegre;R$ 2.500,00;;;;
HL2714; Tablet ;3;Philipe;Morete;70;5/29/2018;Recife;R$ 1.600,00;;;;
HL1148; Câmera ;1;Caroline;Cavalcanti;18;10/30/2018;Salvador;R$ 2.100,00;;;;
HL7348; SmartWatch ;3;Mariana;Barrozo;65;10/15/2018;Fortaleza;R$ 1.400,00;;;;
HL8851; Notebook ;4;Ana;Júnior;51;11/23/2018;Belo Horizonte;R$ 3.500,00;;;;
HL1918; iPhone ;5;Daniel;Nauenberg;77;07/08/2018;São Paulo;R$ 5.300,00;;;;
HL7348; SmartWatch ;1;Caio;Moraes;65;06/10/2018;Curitiba;R$ 1.400,00;;;;
HL4379; Televisão ;3;Maria;Motta;27;6/20/2018;São Paulo;R$ 2.500,00;;;;
HL9962; Android ;1;Silvio;Provenzano;81;12/21/2018;São Paulo;R$ 3.400,00;;;;
HL4379; Televisão ;5;Michelle;Figueiredo;70;01/06/2018;Fortaleza;R$ 2.500,00;;;;
HL8851; Notebook ;4;Rafaela;Gonçalves;54;04/01/2018;Rio de Janeiro;R$ 3.500,00;;;;
HL1918; iPhone ;4;David;Vasconcelos;90;12/30/2018;Recife;R$ 5.300,00;;;;
HL8851; Notebook ;5;Luiza;Johnson;51;8/27/2018;Salvador;R$ 3.500,00;;;;
HL1148; Câmera ;1;Caio;Moraes;61;01/03/2018;São Paulo;R$ 2.100,00;;;;
HL9962; Android ;5;Mariana;Rotava;73;11/07/2018;Rio de Janeiro;R$ 3.400,00;;;;
HL1148; Câmera ;5;Dandara;Reis;66;2/19/2018;Salvador;R$ 2.100,00;;;;
HL1918; iPhone ;2;Guilherme;Santos;61;01/01/2018;Goiânia;R$ 5.300,00;;;;
HL1148; Câmera ;3;Mariane;Ferreira;48;1/17/2018;Fortaleza;R$ 2.100,00;;;;
HL8851; Notebook ;3;Carlos;Araujo;21;3/26/2018;Fortaleza;R$ 3.500,00;;;;
HL8851; Notebook ;1;Tainah;Nogueira;77;04/03/2018;São Paulo;R$ 3.500,00;;;;
HL1918; iPhone ;3;Caio;Vianna;83;09/03/2018;São Paulo;R$ 5.300,00;;;;
HL7348; SmartWatch ;5;Deysiane;Medronho;77;11/14/2018;Curitiba;R$ 1.400,00;;;;
HL1918; iPhone ;2;Ana;Gomes;59;8/19/2018;Rio de Janeiro;R$ 5.300,00;;;;
HL1918; iPhone ;2;João;Abraçado;89;06/06/2018;Salvador;R$ 5.300,00;;;;
HL1918; iPhone ;2;João;Luz;80;7/22/2018;São Paulo;R$ 5.300,00;;;;
HL1918; iPhone ;1;Matheus;Ramos;38;06/02/2018;Fortaleza;R$ 5.300,00;;;;
HL1918; iPhone ;3;Bianca;Allevato;63;10/22/2018;São Paulo;R$ 5.300,00;;;;
HL8851; Notebook ;4;Isabela;Resende;78;6/26/2018;Recife;R$ 3.500,00;;;;
HL1918; iPhone ;5;Jônatas;Tanaka;83;12/20/2018;Rio de Janeiro;R$ 5.300,00;;;;
HL2714; Tablet ;3;Cézar;Santos;24;5/23/2018;Fortaleza;R$ 1.600,00;;;;
HL4379; Televisão ;4;Bernardo;Soares;82;2/20/2018;Rio de Janeiro;R$ 2.500,00;;;;
HL4379; Televisão ;1;Isabela;Resende;72;09/06/2018;Belo Horizonte;R$ 2.500,00;;;;
HL7348; SmartWatch ;1;Itai;Puntel;37;08/10/2018;Rio de Janeiro;R$ 1.400,00;;;;
HL1148; Câmera ;5;Marcela;Gasperi;66;06/09/2018;Recife;R$ 2.100,00;;;;
HL8851; Notebook ;2;Daniel;Sousa;78;08/06/2018;Porto Alegre;R$ 3.500,00;;;;
HL1148; Câmera ;3;Thales;Fanara;80;8/28/2018;São Paulo;R$ 2.100,00;;;;
HL8851; Notebook ;4;Tayla;Lima;86;6/19/2018;Porto Alegre;R$ 3.500,00;;;;
HL1918; iPhone ;2;Daniel;Sousa;31;12/01/2018;Fortaleza;R$ 5.300,00;;;;
HL4379; Televisão ;3;Matheus;Ramos;19;9/24/2018;Rio de Janeiro;R$ 2.500,00;;;;
HL2714; Tablet ;3;Carlos;Azevedo;36;04/01/2018;São Paulo;R$ 1.600,00;;;;
HL7348; SmartWatch ;3;Marina;Gama;28;1/16/2018;Curitiba;R$ 1.400,00;;;;
HL7348; SmartWatch ;1;Caroline;Pinto;35;01/10/2018;Salvador;R$ 1.400,00;;;;
HL4379; Televisão ;3;Matheus;Delgado;50;8/19/2018;Rio de Janeiro;R$ 2.500,00;;;;
HL1918; iPhone ;5;Jeferson;Costa;25;3/28/2018;São Paulo;R$ 5.300,00;;;;
HL2714; Tablet ;1;Fernanda;Bhering;47;02/10/2018;Porto Alegre;R$ 1.600,00;;;;
HL1918; iPhone ;4;Giulia;Lopes;36;09/10/2018;Porto Alegre;R$ 5.300,00;;;;
HL1918; iPhone ;2;Helena;Chafin;61;10/23/2018;Goiânia;R$ 5.300,00;;;;
HL1918; iPhone ;5;Chan;Santos;63;6/20/2018;São Paulo;R$ 5.300,00;;;;
HL1918; iPhone ;3;Raphael;Machado;34;09/11/2018;Fortaleza;R$ 5.300,00;;;;
HL1918; iPhone ;5;Raphael;Guedes;55;7/26/2018;São Paulo;R$ 5.300,00;;;;
HL1918; iPhone ;4;Sandy;Figueiredo;22;06/08/2018;Recife;R$ 5.300,00;;;;
HL8851; Notebook ;5;Carolina;Brum;85;03/05/2018;São Paulo;R$ 3.500,00;;;;
HL2714; Tablet ;1;Carlos;Galvão;46;6/16/2018;Salvador;R$ 1.600,00;;;;
HL2714; Tablet ;4;João;Guadagnino;80;1/23/2018;Recife;R$ 1.600,00;;;;
HL9962; Android ;4;João;Fonseca;48;7/30/2018;Fortaleza;R$ 3.400,00;;;;
HL1148; Câmera ;5;Caio;Caldas;63;2/27/2018;Recife;R$ 2.100,00;;;;
HL1918; iPhone ;3;Isabel;Leite;37;11/21/2018;Fortaleza;R$ 5.300,00;;;;
HL7348; SmartWatch ;4;Michelle;Miura;66;2/20/2018;Salvador;R$ 1.400,00;;;;
HL9962; Android ;4;Ana;Júnior;45;06/10/2018;Rio de Janeiro;R$ 3.400,00;;;;
HL1148; Câmera ;4;Luiz;Limp;84;1/24/2018;Fortaleza;R$ 2.100,00;;;;
HL7348; SmartWatch ;4;Eric;Carvalho;75;10/16/2018;São Paulo;R$ 1.400,00;;;;
HL4379; Televisão ;2;Beatriz;Biase;54;2/13/2018;Fortaleza;R$ 2.500,00;;;;
HL2714; Tablet ;4;Guilherme;Castilho;52;12/09/2018;São Paulo;R$ 1.600,00;;;;
HL1148; Câmera ;1;Victoria;Mazza;65;04/03/2018;Fortaleza;R$ 2.100,00;;;;
HL4379; Televisão ;2;Eduardo;Pacheco;48;6/17/2018;Salvador;R$ 2.500,00;;;;
HL7348; SmartWatch ;5;Júlio;Fraga;65;6/19/2018;Fortaleza;R$ 1.400,00;;;;
HL7348; SmartWatch ;5;Gabrielle;Viríssimo;25;02/07/2018;Fortaleza;R$ 1.400,00;;;;
HL1918; iPhone ;4;Victor;Lira;24;1/20/2018;Fortaleza;R$ 5.300,00;;;;
HL9962; Android ;4;Gustavo;Guimarães;75;10/16/2018;São Paulo;R$ 3.400,00;;;;
HL2714; Tablet ;1;Gustavo;Guimarães;35;10/04/2018;Rio de Janeiro;R$ 1.600,00;;;;
HL2714; Tablet ;3;Luana;Santana;46;10/23/2018;Rio de Janeiro;R$ 1.600,00;;;;
HL4379; Televisão ;5;Gabriela;Mello;55;06/02/2018;Curitiba;R$ 2.500,00;;;;
HL1918; iPhone ;5;Victor;Franco;70;07/01/2018;Porto Alegre;R$ 5.300,00;;;;
HL7348; SmartWatch ;1;Katharina;Barros;18;6/17/2018;Rio de Janeiro;R$ 1.400,00;;;;
HL8851; Notebook ;2;Pedro;Cardoso;86;1/15/2018;Fortaleza;R$ 3.500,00;;;;
HL7348; SmartWatch ;4;Clara;Bruno;51;11/05/2018;Porto Alegre;R$ 1.400,00;;;;
HL2714; Tablet ;3;Gabrielle;Figueiredo;31;04/11/2018;Fortaleza;R$ 1.600,00;;;;
HL7348; SmartWatch ;3;Raphael;Mattos;53;5/23/2018;Fortaleza;R$ 1.400,00;;;;
HL1918; iPhone ;3;Michelle;Pereira;81;03/04/2018;Recife;R$ 5.300,00;;;;
HL1918; iPhone ;5;Sylvio;Bernhardt;62;12/19/2018;São Paulo;R$ 5.300,00;;;;
HL1918; iPhone ;3;Bruno;Velucci;89;4/14/2018;Belo Horizonte;R$ 5.300,00;;;;
HL1148; Câmera ;5;Mariane;Racy;41;3/21/2018;Fortaleza;R$ 2.100,00;;;;
HL1148; Câmera ;3;Jeferson;Sone;45;10/31/2018;Belo Horizonte;R$ 2.100,00;;;;
HL1918; iPhone ;3;Eduardo;Veiga;21;1/30/2018;Belo Horizonte;R$ 5.300,00;;;;
HL1918; iPhone ;4;Cícero;Ramos;20;12/24/2018;São Paulo;R$ 5.300,00;;;;
HL1918; iPhone ;2;Lucas;Junior;58;05/07/2018;Porto Alegre;R$ 5.300,00;;;;
HL7348; SmartWatch ;3;Milena;Alcoforado;76;09/06/2018;Rio de Janeiro;R$ 1.400,00;;;;
HL2714; Tablet ;2;Bianca;Ferezin;74;1/25/2018;Rio de Janeiro;R$ 1.600,00;;;;
HL4379; Televisão ;5;William;Mendonça;86;02/07/2018;Curitiba;R$ 2.500,00;;;;
HL4379; Televisão ;5;Giulia;Lopes;52;04/12/2018;Goiânia;R$ 2.500,00;;;;
HL1918; iPhone ;2;Luísa;Fonseca;75;01/08/2018;Rio de Janeiro;R$ 5.300,00;;;;
HL1918; iPhone ;3;Raphael;Rezende;80;7/23/2018;Curitiba;R$ 5.300,00;;;;
HL4379; Televisão ;2;Diego;Marchesi;77;9/30/2018;São Paulo;R$ 2.500,00;;;;
HL2714; Tablet ;1;Felipe;Mendonça;60;2/28/2018;São Paulo;R$ 1.600,00;;;;
HL2714; Tablet ;4;Ylana;Teraoka;66;06/05/2018;Goiânia;R$ 1.600,00;;;;
HL1148; Câmera ;2;Ulisses;Quinto;52;09/05/2018;Goiânia;R$ 2.100,00;;;;
HL8851; Notebook ;5;Marcela;Gasperi;61;6/16/2018;São Paulo;R$ 3.500,00;;;;
HL4379; Televisão ;3;Sandy;Figueiredo;23;12/06/2018;São Paulo;R$ 2.500,00;;;;
HL7348; SmartWatch ;4;Breno;Varella;81;09/07/2018;Belo Horizonte;R$ 1.400,00;;;;
HL4379; Televisão ;3;Renan;Nascimento;27;01/06/2018;Recife;R$ 2.500,00;;;;
HL1148; Câmera ;2;Carla;Zakhm;32;09/01/2018;São Paulo;R$ 2.100,00;;;;
HL2714; Tablet ;5;David;Assumpção;50;04/02/2018;Fortaleza;R$ 1.600,00;;;;
HL1148; Câmera ;2;Luã;Sá;90;1/31/2018;São Paulo;R$ 2.100,00;;;;
HL9962; Android ;4;Lucas;Cavalcanti;89;03/01/2018;Salvador;R$ 3.400,00;;;;
HL4379; Televisão ;1;Carolina;Siqueira;20;06/10/2018;Rio de Janeiro;R$ 2.500,00;;;;
HL1918; iPhone ;3;Gustavo;Aragão;89;8/31/2018;Recife;R$ 5.300,00;;;;
HL9962; Android ;1;Giuseppe;Bhering;27;8/13/2018;Porto Alegre;R$ 3.400,00;;;;
HL1148; Câmera ;4;Vanessa;Rodrigues;37;8/13/2018;São Paulo;R$ 2.100,00;;;;
HL1918; iPhone ;2;Natália;Appel;56;4/30/2018;Porto Alegre;R$ 5.300,00;;;;
HL9962; Android ;4;Maria;Junior;54;3/20/2018;Belo Horizonte;R$ 3.400,00;;;;
HL4379; Televisão ;5;Matheus;Sapir;56;11/23/2018;Belo Horizonte;R$ 2.500,00;;;;
HL8851; Notebook ;5;Bernardo;Nauenberg;71;10/09/2018;Rio de Janeiro;R$ 3.500,00;;;;
HL1918; iPhone ;4;Victoria;Mazza;18;11/05/2018;Salvador;R$ 5.300,00;;;;
HL8851; Notebook ;3;Breno;Quinto;22;7/14/2018;Porto Alegre;R$ 3.500,00;;;;
HL7348; SmartWatch ;5;Thaís;Pereira;38;3/30/2018;Fortaleza;R$ 1.400,00;;;;
HL1918; iPhone ;3;Pedro;Martins;62;06/11/2018;Fortaleza;R$ 5.300,00;;;;
HL2714; Tablet ;3;Luis;Silva;56;12/02/2018;Fortaleza;R$ 1.600,00;;;;
HL4379; Televisão ;5;Natali;Rangel;24;04/06/2018;Rio de Janeiro;R$ 2.500,00;;;;
HL4379; Televisão ;4;Julia;Figueiredo;38;11/20/2018;Belo Horizonte;R$ 2.500,00;;;;
HL9962; Android ;3;Alberto;Silveira;63;6/17/2018;Rio de Janeiro;R$ 3.400,00;;;;
HL1148; Câmera ;4;Antonio;Manhães;23;10/27/2018;Fortaleza;R$ 2.100,00;;;;
HL1918; iPhone ;4;Bruna;Londero;49;8/18/2018;Salvador;R$ 5.300,00;;;;
HL4379; Televisão ;3;Rodrigo;Silva;73;12/05/2018;Fortaleza;R$ 2.500,00;;;;
HL9962; Android ;3;Camille;Silva;63;3/30/2018;Salvador;R$ 3.400,00;;;;
HL1918; iPhone ;2;Catarina;Teixeira;72;7/27/2018;São Paulo;R$ 5.300,00;;;;
HL4379; Televisão ;5;Juan;Barbosa;40;12/01/2018;Belo Horizonte;R$ 2.500,00;;;;
HL9962; Android ;1;Luis;Silva;32;8/17/2018;Curitiba;R$ 3.400,00;;;;
HL1918; iPhone ;4;Giselia;Thiele;77;02/09/2018;Salvador;R$ 5.300,00;;;;
HL1918; iPhone ;3;Victoria;Tavares;73;8/24/2018;Rio de Janeiro;R$ 5.300,00;;;;
HL1918; iPhone ;5;Daniel;Ortiz;53;01/07/2018;São Paulo;R$ 5.300,00;;;;
HL1918; iPhone ;3;Pedro;Rodrigues;39;4/23/2018;Belo Horizonte;R$ 5.300,00;;;;
HL1918; iPhone ;2;João;Guadagnino;37;01/08/2018;Porto Alegre;R$ 5.300,00;;;;
HL1918; iPhone ;4;Caio;Vianna;88;12/16/2018;São Paulo;R$ 5.300,00;;;;
HL9962; Android ;4;Rafaela;Gonçalves;35;02/10/2018;Salvador;R$ 3.400,00;;;;
HL8851; Notebook ;1;Fabio;Boccaletti;25;8/16/2018;Rio de Janeiro;R$ 3.500,00;;;;
HL4379; Televisão ;5;Beatriz;Rocha;47;12/18/2018;Curitiba;R$ 2.500,00;;;;
HL8851; Notebook ;3;Daniel;Ortiz;73;9/14/2018;Recife;R$ 3.500,00;;;;
HL8851; Notebook ;5;Daniel;Ortiz;59;1/13/2018;Goiânia;R$ 3.500,00;;;;
HL7348; SmartWatch ;5;João;Matheus;67;8/26/2018;Goiânia;R$ 1.400,00;;;;
HL1918; iPhone ;1;Dykson;Silva;43;01/01/2018;Fortaleza;R$ 5.300,00;;;;
HL1918; iPhone ;3;Natalia;Andrade;27;07/02/2018;Salvador;R$ 5.300,00;;;;
HL9962; Android ;3;Beatriz;Cavalcanti;78;6/29/2018;Salvador;R$ 3.400,00;;;;
HL9962; Android ;1;Andre;Sampaio;34;3/30/2018;São Paulo;R$ 3.400,00;;;;
HL4379; Televisão ;5;Pedro;Cardoso;25;11/17/2018;Curitiba;R$ 2.500,00;;;;
HL1918; iPhone ;5;Leandro;Ferreira;45;3/15/2018;Porto Alegre;R$ 5.300,00;;;;
HL7348; SmartWatch ;1;Breno;Godoy;51;03/04/2018;São Paulo;R$ 1.400,00;;;;
HL1918; iPhone ;1;Isabel;Leite;32;4/30/2018;Goiânia;R$ 5.300,00;;;;
HL9962; Android ;1;Lucas;Cavalcanti;68;6/29/2018;Salvador;R$ 3.400,00;;;;
HL8851; Notebook ;2;Daniel;Terra;61;10/09/2018;São Paulo;R$ 3.500,00;;;;
HL7348; SmartWatch ;1;Bruno;Oliveira;39;5/16/2018;São Paulo;R$ 1.400,00;;;;
HL1918; iPhone ;4;Bruna;Rosa;86;5/13/2018;Salvador;R$ 5.300,00;;;;
HL1918; iPhone ;2;André;Alves;28;8/15/2018;São Paulo;R$ 5.300,00;;;;
HL7348; SmartWatch ;2;Julia;Teixeira;89;3/14/2018;Goiânia;R$ 1.400,00;;;;
HL2714; Tablet ;2;Rebeca;Manhães;56;04/03/2018;São Paulo;R$ 1.600,00;;;;
HL1148; Câmera ;2;Alon;Palmeira;77;4/24/2018;Salvador;R$ 2.100,00;;;;
HL1918; iPhone ;4;Gustavo;Azevedo;88;10/02/2018;Fortaleza;R$ 5.300,00;;;;
HL4379; Televisão ;4;Thaís;Moura;51;12/01/2018;São Paulo;R$ 2.500,00;;;;
HL2714; Tablet ;4;Bernardo;Botelho;19;3/21/2018;São Paulo;R$ 1.600,00;;;;
HL9962; Android ;2;Pedro;Cardoso;55;11/08/2018;Curitiba;R$ 3.400,00;;;;
HL7348; SmartWatch ;3;Felipe;Jorge;33;8/26/2018;Salvador;R$ 1.400,00;;;;
HL8851; Notebook ;2;Antônio;Soares;34;9/20/2018;São Paulo;R$ 3.500,00;;;;
HL8851; Notebook ;3;Matheus;Silva;36;10/28/2018;Rio de Janeiro;R$ 3.500,00;;;;
HL9962; Android ;4;Juan;Barbosa;45;01/12/2018;Rio de Janeiro;R$ 3.400,00;;;;
HL9962; Android ;3;Morgana;Correa;52;5/30/2018;Salvador;R$ 3.400,00;;;;
HL9962; Android ;3;Carolina;Alfradique;87;12/27/2018;Fortaleza;R$ 3.400,00;;;;
HL7348; SmartWatch ;4;Bruno;Souza;39;01/05/2018;Porto Alegre;R$ 1.400,00;;;;
HL1918; iPhone ;2;Stephanie;Novak;74;6/19/2018;Salvador;R$ 5.300,00;;;;
HL4379; Televisão ;1;Julia;Leite;50;7/31/2018;Salvador;R$ 2.500,00;;;;
HL1918; iPhone ;5;Lorena;Carvalho;84;5/24/2018;Goiânia;R$ 5.300,00;;;;
HL2714; Tablet ;2;Lucas;Rodrigues;73;06/02/2018;Salvador;R$ 1.600,00;;;;
HL8851; Notebook ;1;Diego;Barros;36;10/30/2018;São Paulo;R$ 3.500,00;;;;
HL9962; Android ;3;Bruno;Velucci;22;7/25/2018;Curitiba;R$ 3.400,00;;;;
HL4379; Televisão ;1;Adriana;Carneiro;57;09/11/2018;São Paulo;R$ 2.500,00;;;;
HL1918; iPhone ;1;Bruna;Ramos;40;3/20/2018;São Paulo;R$ 5.300,00;;;;
HL4379; Televisão ;3;Ana;Júnior;53;1/13/2018;Porto Alegre;R$ 2.500,00;;;;
HL1918; iPhone ;1;Maria;Junior;60;8/18/2018;Porto Alegre;R$ 5.300,00;;;;
HL2714; Tablet ;3;Juliana;Pacheco;25;08/06/2018;Fortaleza;R$ 1.600,00;;;;
HL8851; Notebook ;4;Danilo;Alves;31;4/16/2018;Salvador;R$ 3.500,00;;;;
HL1148; Câmera ;5;Marcos;Nucci;40;08/04/2018;Rio de Janeiro;R$ 2.100,00;;;;
HL2714; Tablet ;4;Vitor;Arruda;54;12/30/2018;São Paulo;R$ 1.600,00;;;;
HL1918; iPhone ;5;Rodrigo;Ramos;24;11/25/2018;São Paulo;R$ 5.300,00;;;;
HL1918; iPhone ;2;Bianca;Allevato;51;08/07/2018;Goiânia;R$ 5.300,00;;;;
HL1918; iPhone ;1;Deysiane;Medronho;77;4/24/2018;Salvador;R$ 5.300,00;;;;
HL1918; iPhone ;2;Lázaro;Nascimento;65;8/16/2018;Recife;R$ 5.300,00;;;;
HL1148; Câmera ;4;Diego;Mello;44;5/23/2018;Rio de Janeiro;R$ 2.100,00;;;;
HL8851; Notebook ;5;Lorena;Carvalho;58;10/25/2018;Fortaleza;R$ 3.500,00;;;;
HL7348; SmartWatch ;4;Daniel;Alcoforado;53;2/23/2018;Fortaleza;R$ 1.400,00;;;;
HL2714; Tablet ;3;Diego;Barros;46;06/10/2018;São Paulo;R$ 1.600,00;;;;
HL1918; iPhone ;5;Joao;Pereira;33;07/10/2018;Recife;R$ 5.300,00;;;;
HL2714; Tablet ;2;Carlos;Silva;76;01/06/2018;Goiânia;R$ 1.600,00;;;;
HL7348; SmartWatch ;5;Hanna;Fonseca;76;12/31/2018;São Paulo;R$ 1.400,00;;;;
HL4379; Televisão ;3;Carlos;Galvão;50;2/17/2018;Rio de Janeiro;R$ 2.500,00;;;;
HL7348; SmartWatch ;1;Felipe;Mello;34;05/06/2018;Fortaleza;R$ 1.400,00;;;;
HL1918; iPhone ;2;Guilherme;Lima;66;4/14/2018;Fortaleza;R$ 5.300,00;;;;
HL1918; iPhone ;2;Victor;Corrêa;21;08/06/2018;Rio de Janeiro;R$ 5.300,00;;;;
HL8851; Notebook ;1;Raphael;Filho;30;11/23/2018;São Paulo;R$ 3.500,00;;;;
HL8851; Notebook ;3;Gustavo;Accardo;77;3/17/2018;Salvador;R$ 3.500,00;;;;
HL4379; Televisão ;2;Pedro;Delgado;48;6/13/2018;Fortaleza;R$ 2.500,00;;;;
HL4379; Televisão ;2;Caio;Moura;87;3/24/2018;Porto Alegre;R$ 2.500,00;;;;
HL2714; Tablet ;3;Diogo;Peixoto;76;09/05/2018;Fortaleza;R$ 1.600,00;;;;
HL2714; Tablet ;3;Juliana;Barreira;21;11/19/2018;Rio de Janeiro;R$ 1.600,00;;;;
HL9962; Android ;5;Bruno;Souza;25;10/08/2018;São Paulo;R$ 3.400,00;;;;
HL1918; iPhone ;4;Barbara;Procaci;77;2/23/2018;Porto Alegre;R$ 5.300,00;;;;
HL1918; iPhone ;4;Thomaz;Ferreira;77;10/02/2018;Curitiba;R$ 5.300,00;;;;
HL8851; Notebook ;2;Beatriz;Cavalcanti;57;09/11/2018;São Paulo;R$ 3.500,00;;;;
HL4379; Televisão ;1;David;Assumpção;87;12/26/2018;São Paulo;R$ 2.500,00;;;;
HL1918; iPhone ;4;Lucas;Araújo;34;09/12/2018;São Paulo;R$ 5.300,00;;;;
HL1918; iPhone ;2;Carolina;Alfradique;85;6/15/2018;Goiânia;R$ 5.300,00;;;;
HL2714; Tablet ;2;Jéssica;Teixeira;76;6/22/2018;Salvador;R$ 1.600,00;;;;
HL8851; Notebook ;1;Anna;Maia;78;10/19/2018;Goiânia;R$ 3.500,00;;;;
HL1918; iPhone ;5;Marina;Miranda;75;1/28/2018;Fortaleza;R$ 5.300,00;;;;
HL7348; SmartWatch ;2;Gustavo;Aragão;42;8/31/2018;Recife;R$ 1.400,00;;;;
HL9962; Android ;5;Katharina;Barros;18;2/27/2018;Goiânia;R$ 3.400,00;;;;
HL1918; iPhone ;2;Rachel;Silva;55;03/01/2018;Rio de Janeiro;R$ 5.300,00;;;;
HL8851; Notebook ;2;Gustavo;Gomes;56;11/04/2018;São Paulo;R$ 3.500,00;;;;
HL8851; Notebook ;5;Pedro;Macckione;60;08/02/2018;Goiânia;R$ 3.500,00;;;;
HL1918; iPhone ;1;Gabriella;Sagrillo;61;4/26/2018;Porto Alegre;R$ 5.300,00;;;;
HL7348; SmartWatch ;4;Pedro;Cardoso;90;8/19/2018;Porto Alegre;R$ 1.400,00;;;;
HL1918; iPhone ;2;Rafael;Guimarães;38;05/02/2018;São Paulo;R$ 5.300,00;;;;
HL7348; SmartWatch ;1;Bruno;Mota;25;12/14/2018;Salvador;R$ 1.400,00;;;;
HL4379; Televisão ;3;Lívia;Tanaka;57;11/07/2018;São Paulo;R$ 2.500,00;;;;
HL9962; Android ;3;Beatriz;Perdomo;49;4/20/2018;Curitiba;R$ 3.400,00;;;;
HL4379; Televisão ;4;Raul;Junqueira;68;6/14/2018;Belo Horizonte;R$ 2.500,00;;;;
HL8851; Notebook ;4;Gabrielle;Wanderley;85;10/13/2018;Porto Alegre;R$ 3.500,00;;;;
HL1918; iPhone ;2;Gustavo;Erthal;69;9/21/2018;Salvador;R$ 5.300,00;;;;
HL7348; SmartWatch ;1;Lucas;Freire;20;11/03/2018;São Paulo;R$ 1.400,00;;;;
HL9962; Android ;3;Jonatas;Essaber;74;12/21/2018;Salvador;R$ 3.400,00;;;;
HL4379; Televisão ;3;Lucas;Rodrigues;76;07/05/2018;Belo Horizonte;R$ 2.500,00;;;;
HL1918; iPhone ;5;Caroline;Pinto;63;11/24/2018;Fortaleza;R$ 5.300,00;;;;
HL8851; Notebook ;3;Thaís;Pereira;62;2/21/2018;Curitiba;R$ 3.500,00;;;;
HL1918; iPhone ;5;Thiago;Veiga;87;11/06/2018;Rio de Janeiro;R$ 5.300,00;;;;
HL4379; Televisão ;1;Maria;Mello;45;7/29/2018;Goiânia;R$ 2.500,00;;;;
HL1918; iPhone ;2;Milena;Alcoforado;25;09/04/2018;Rio de Janeiro;R$ 5.300,00;;;;
HL4379; Televisão ;1;Luana;Santana;36;08/05/2018;Fortaleza;R$ 2.500,00;;;;
HL9962; Android ;4;Livia;Cozendey;21;4/29/2018;São Paulo;R$ 3.400,00;;;;
HL1918; iPhone ;1;Lucas;Araújo;30;4/14/2018;São Paulo;R$ 5.300,00;;;;
HL1918; iPhone ;2;Mariane;Ferreira;22;01/03/2018;Rio de Janeiro;R$ 5.300,00;;;;
HL1148; Câmera ;3;Lenon;Fernandes;61;3/27/2018;São Paulo;R$ 2.100,00;;;;
HL8851; Notebook ;2;Felipe;Freitas;27;4/26/2018;Curitiba;R$ 3.500,00;;;;
HL1918; iPhone ;1;Rafaela;Rodrigues;87;1/18/2018;Porto Alegre;R$ 5.300,00;;;;
HL2714; Tablet ;3;Gabriela;Cavalcanti;31;01/03/2018;Recife;R$ 1.600,00;;;;
HL4379; Televisão ;2;Luis;Oliveira;25;04/01/2018;Fortaleza;R$ 2.500,00;;;;
HL4379; Televisão ;3;Bruna;Silva;48;6/27/2018;Goiânia;R$ 2.500,00;;;;
HL1918; iPhone ;3;Juliana;Hollander;21;5/17/2018;São Paulo;R$ 5.300,00;;;;
HL2714; Tablet ;2;Juliana;Correa;56;8/31/2018;Rio de Janeiro;R$ 1.600,00;;;;
HL1918; iPhone ;4;Luiz;Freire;84;01/11/2018;Rio de Janeiro;R$ 5.300,00;;;;
HL1918; iPhone ;4;Thaís;Moura;47;10/09/2018;São Paulo;R$ 5.300,00;;;;
HL2714; Tablet ;1;Eric;Júnior;57;7/22/2018;Recife;R$ 1.600,00;;;;
HL1918; iPhone ;3;Catarina;Teixeira;53;05/11/2018;Recife;R$ 5.300,00;;;;
HL4379; Televisão ;3;Arthur;Portela;59;06/04/2018;Goiânia;R$ 2.500,00;;;;
HL4379; Televisão ;1;Stefan;Santos;43;1/17/2018;Curitiba;R$ 2.500,00;;;;
HL1918; iPhone ;3;Bruna;Franco;69;7/30/2018;São Paulo;R$ 5.300,00;;;;
HL4379; Televisão ;1;Anna;Maia;62;11/27/2018;Salvador;R$ 2.500,00;;;;
HL4379; Televisão ;3;Henrique;Silva;90;2/25/2018;Salvador;R$ 2.500,00;;;;
HL9962; Android ;5;Gabrielle;Viríssimo;44;11/29/2018;Goiânia;R$ 3.400,00;;;;
HL2714; Tablet ;1;Raíza;Lopes;24;11/22/2018;Salvador;R$ 1.600,00;;;;
HL1148; Câmera ;1;Daniel;Valente;26;07/02/2018;Salvador;R$ 2.100,00;;;;
HL4379; Televisão ;1;Luis;Villanova;52;7/23/2018;Porto Alegre;R$ 2.500,00;;;;
HL2714; Tablet ;3;Ana;Gonzaga;39;08/01/2018;Fortaleza;R$ 1.600,00;;;;
HL1148; Câmera ;4;Luíza;Garcia;44;9/22/2018;Recife;R$ 2.100,00;;;;
HL1918; iPhone ;5;Thiago;Miura;71;05/04/2018;Salvador;R$ 5.300,00;;;;
HL1918; iPhone ;4;Gabriel;Ribeiro;56;5/27/2018;Fortaleza;R$ 5.300,00;;;;
HL8851; Notebook ;3;Gabrielle;Porto;89;8/18/2018;Rio de Janeiro;R$ 3.500,00;;;;
HL1148; Câmera ;1;Diego;Barros;61;09/10/2018;Rio de Janeiro;R$ 2.100,00;;;;
HL2714; Tablet ;5;Luíza;Melo;65;9/25/2018;Belo Horizonte;R$ 1.600,00;;;;
HL1918; iPhone ;5;Dandara;Reis;79;03/10/2018;Recife;R$ 5.300,00;;;;
HL4379; Televisão ;2;Marina;Aragão;80;02/08/2018;Rio de Janeiro;R$ 2.500,00;;;;
HL1918; iPhone ;2;Raphael;Kurtz;73;8/13/2018;Fortaleza;R$ 5.300,00;;;;
HL1918; iPhone ;4;Lara;Moreira;36;11/30/2018;Salvador;R$ 5.300,00;;;;
HL1918; iPhone ;1;Ylana;Teraoka;26;1/30/2018;Fortaleza;R$ 5.300,00;;;;
HL8851; Notebook ;5;Gabriel;Azevedo;74;09/03/2018;Fortaleza;R$ 3.500,00;;;;
HL8851; Notebook ;4;Luiz;Xavier;49;11/06/2018;São Paulo;R$ 3.500,00;;;;
HL8851; Notebook ;3;Priscila;Garcia;89;04/09/2018;Rio de Janeiro;R$ 3.500,00;;;;
HL1918; iPhone ;2;Júlio;Fraga;47;09/07/2018;Belo Horizonte;R$ 5.300,00;;;;
HL4379; Televisão ;1;Gabrielle;Silva;61;4/29/2018;São Paulo;R$ 2.500,00;;;;
HL9962; Android ;2;Gustavo;Thome;87;1/27/2018;São Paulo;R$ 3.400,00;;;;
HL4379; Televisão ;5;Rilson;Dias;72;12/22/2018;Rio de Janeiro;R$ 2.500,00;;;;
HL9962; Android ;3;Lucas;Freitas;52;09/06/2018;São Paulo;R$ 3.400,00;;;;
HL1918; iPhone ;3;Wilson;Meirelles;27;9/21/2018;Salvador;R$ 5.300,00;;;;
HL7348; SmartWatch ;4;Ana;Silva;41;08/04/2018;Curitiba;R$ 1.400,00;;;;
HL4379; Televisão ;3;Mayara;Soares;56;6/30/2018;Fortaleza;R$ 2.500,00;;;;
HL7348; SmartWatch ;2;Luiz;Mendonça;27;4/18/2018;Goiânia;R$ 1.400,00;;;;
HL4379; Televisão ;1;Samara;Pinto;38;06/07/2018;Goiânia;R$ 2.500,00;;;;
HL1918; iPhone ;2;Stephanie;Novak;54;9/27/2018;São Paulo;R$ 5.300,00;;;;
HL4379; Televisão ;3;Sandy;Figueiredo;51;04/09/2018;Porto Alegre;R$ 2.500,00;;;;
HL1918; iPhone ;4;Lívia;Marques;18;01/05/2018;Belo Horizonte;R$ 5.300,00;;;;
HL1918; iPhone ;4;Matheus;Gomes;29;10/16/2018;São Paulo;R$ 5.300,00;;;;
HL9962; Android ;2;Gabriella;Sagrillo;75;10/19/2018;São Paulo;R$ 3.400,00;;;;
HL1918; iPhone ;5;Julia;Leite;72;09/08/2018;Rio de Janeiro;R$ 5.300,00;;;;
HL1918; iPhone ;3;Julia;Aliani;22;11/12/2018;São Paulo;R$ 5.300,00;;;;
HL1148; Câmera ;5;Alvaro;Kranz;58;7/31/2018;Recife;R$ 2.100,00;;;;
HL4379; Televisão ;4;Leandro;Melo;50;1/27/2018;Rio de Janeiro;R$ 2.500,00;;;;
HL8851; Notebook ;3;Bruno;Barcessat;74;12/31/2018;São Paulo;R$ 3.500,00;;;;
HL4379; Televisão ;4;Wilson;Meirelles;37;12/16/2018;Belo Horizonte;R$ 2.500,00;;;;
HL1918; iPhone ;1;Wilson;Meirelles;82;9/23/2018;Curitiba;R$ 5.300,00;;;;
HL4379; Televisão ;3;Thays;Castro;88;8/14/2018;Salvador;R$ 2.500,00;;;;
HL7348; SmartWatch ;5;Pedro;Macckione;30;11/21/2018;Fortaleza;R$ 1.400,00;;;;
HL4379; Televisão ;5;Julie;Ferreira;21;6/21/2018;São Paulo;R$ 2.500,00;;;;
HL8851; Notebook ;5;Victor;Lira;65;03/05/2018;Goiânia;R$ 3.500,00;;;;
HL4379; Televisão ;4;Audir;Franco;71;8/23/2018;São Paulo;R$ 2.500,00;;;;
HL4379; Televisão ;4;Priscila;Vogel;69;10/30/2018;Curitiba;R$ 2.500,00;;;;
HL1918; iPhone ;4;Bárbara;Cavalcante;30;02/02/2018;São Paulo;R$ 5.300,00;;;;
HL4379; Televisão ;2;Bianca;Piero;61;7/30/2018;Goiânia;R$ 2.500,00;;;;
HL9962; Android ;1;Debora;Silva;89;8/13/2018;Porto Alegre;R$ 3.400,00;;;;
HL4379; Televisão ;4;Gustavo;Aragão;35;11/26/2018;Curitiba;R$ 2.500,00;;;;
HL1148; Câmera ;3;Rafaela;Ferreira;51;12/28/2018;São Paulo;R$ 2.100,00;;;;
HL1148; Câmera ;4;Fernanda;Junior;34;3/20/2018;São Paulo;R$ 2.100,00;;;;
HL1918; iPhone ;5;Gustavo;Guimarães;32;12/13/2018;São Paulo;R$ 5.300,00;;;;
HL2714; Tablet ;5;Renan;Firmino;31;04/11/2018;Rio de Janeiro;R$ 1.600,00;;;;
HL1148; Câmera ;2;Arthur;Souza;30;1/26/2018;Porto Alegre;R$ 2.100,00;;;;
HL2714; Tablet ;5;Roberto;Nogueira;34;02/06/2018;Curitiba;R$ 1.600,00;;;;
HL1918; iPhone ;4;Viviane;Souza;82;6/28/2018;Porto Alegre;R$ 5.300,00;;;;
HL9962; Android ;4;Victor;Ferreira;72;12/16/2018;São Paulo;R$ 3.400,00;;;;
HL8851; Notebook ;3;Mariane;Racy;75;9/17/2018;São Paulo;R$ 3.500,00;;;;
HL2714; Tablet ;5;Nina;Magalhães;75;05/07/2018;Rio de Janeiro;R$ 1.600,00;;;;
HL1918; iPhone ;4;Caio;Vianna;27;12/31/2018;Salvador;R$ 5.300,00;;;;
HL1918; iPhone ;3;Bruno;Mota;18;4/14/2018;Rio de Janeiro;R$ 5.300,00;;;;
HL7348; SmartWatch ;1;Diego;Rodrigues;38;7/17/2018;Rio de Janeiro;R$ 1.400,00;;;;
HL1918; iPhone ;4;Luis;Garcia;74;04/12/2018;Fortaleza;R$ 5.300,00;;;;
HL9962; Android ;2;Carolina;Brum;84;4/23/2018;Salvador;R$ 3.400,00;;;;
HL1148; Câmera ;1;Gabrielle;Costa;41;7/26/2018;Rio de Janeiro;R$ 2.100,00;;;;
HL7348; SmartWatch ;2;Sthefeson;Kohn;74;1/25/2018;São Paulo;R$ 1.400,00;;;;
HL1918; iPhone ;3;Kimberly;Sad;68;5/19/2018;Recife;R$ 5.300,00;;;;
HL4379; Televisão ;5;Thaís;Moura;34;05/08/2018;Curitiba;R$ 2.500,00;;;;
HL2714; Tablet ;3;Carolina;Vasconcelos;48;12/21/2018;Curitiba;R$ 1.600,00;;;;
HL2714; Tablet ;2;Amanda;Amaral;53;10/25/2018;Belo Horizonte;R$ 1.600,00;;;;
HL1918; iPhone ;5;Julia;Leite;48;01/01/2018;Belo Horizonte;R$ 5.300,00;;;;
HL4379; Televisão ;3;Pedro;Cardoso;55;08/09/2018;Salvador;R$ 2.500,00;;;;
HL2714; Tablet ;3;Giselia;Thiele;27;6/25/2018;Belo Horizonte;R$ 1.600,00;;;;
HL4379; Televisão ;2;Pedro;Cardoso;88;08/08/2018;São Paulo;R$ 2.500,00;;;;
HL9962; Android ;1;Marcela;Medeiros;71;3/26/2018;Rio de Janeiro;R$ 3.400,00;;;;
HL8851; Notebook ;1;Pedro;Bitencourt;82;10/05/2018;Rio de Janeiro;R$ 3.500,00;;;;
HL1918; iPhone ;3;João;Silva;42;09/01/2018;São Paulo;R$ 5.300,00;;;;
HL1148; Câmera ;4;Victor;Soares;47;12/07/2018;Rio de Janeiro;R$ 2.100,00;;;;
HL7348; SmartWatch ;1;Wilson;Brandão;20;5/19/2018;Belo Horizonte;R$ 1.400,00;;;;
HL4379; Televisão ;3;Jessica;Cordovil;40;10/24/2018;Rio de Janeiro;R$ 2.500,00;;;;
HL1148; Câmera ;3;Victor;Lira;71;03/04/2018;Porto Alegre;R$ 2.100,00;;;;
HL1918; iPhone ;5;Giovanna;Santos;37;05/06/2018;Goiânia;R$ 5.300,00;;;;
HL4379; Televisão ;2;Beatriz;Almeida;68;6/22/2018;São Paulo;R$ 2.500,00;;;;
HL2714; Tablet ;3;Milena;Almeida;67;09/01/2018;São Paulo;R$ 1.600,00;;;;
HL1918; iPhone ;2;Alessandra;Martins;90;06/07/2018;São Paulo;R$ 5.300,00;;;;
HL1148; Câmera ;1;Lorena;Kohn;20;04/01/2018;São Paulo;R$ 2.100,00;;;;
HL1918; iPhone ;4;Vinícius;Antunes;28;2/14/2018;São Paulo;R$ 5.300,00;;;;
HL8851; Notebook ;1;Thiago;Veiga;24;03/10/2018;Rio de Janeiro;R$ 3.500,00;;;;
HL1918; iPhone ;1;Laura;Araujo;50;04/01/2018;Porto Alegre;R$ 5.300,00;;;;
HL1918; iPhone ;5;Viviane;Souza;18;07/05/2018;Salvador;R$ 5.300,00;;;;
HL2714; Tablet ;3;Ana;Gomes;88;11/26/2018;Salvador;R$ 1.600,00;;;;
HL1918; iPhone ;3;Gabriella;Sagrillo;56;12/08/2018;Fortaleza;R$ 5.300,00;;;;
HL1918; iPhone ;1;Luis;Silva;29;09/11/2018;Fortaleza;R$ 5.300,00;;;;
HL9962; Android ;1;Gabriella;Lopes;50;4/24/2018;Salvador;R$ 3.400,00;;;;
HL1918; iPhone ;3;Alon;Pestana;75;1/22/2018;Curitiba;R$ 5.300,00;;;;
HL2714; Tablet ;4;Giovanna;Santos;84;11/10/2018;São Paulo;R$ 1.600,00;;;;
HL1918; iPhone ;2;Thaís;Moura;60;04/04/2018;Recife;R$ 5.300,00;;;;
HL4379; Televisão ;3;Bernardo;Ribeiro;29;7/16/2018;Recife;R$ 2.500,00;;;;
HL1148; Câmera ;3;Beatriz;Rodrigues;74;8/21/2018;Fortaleza;R$ 2.100,00;;;;
HL1918; iPhone ;3;Bernard;Pedrosa;72;06/02/2018;Salvador;R$ 5.300,00;;;;
HL1918; iPhone ;5;Lucas;Neto;36;6/27/2018;São Paulo;R$ 5.300,00;;;;
HL1148; Câmera ;4;Thiago;Veiga;41;8/22/2018;Rio de Janeiro;R$ 2.100,00;;;;
HL8851; Notebook ;2;Livia;Corrêa;46;04/07/2018;Rio de Janeiro;R$ 3.500,00;;;;
HL2714; Tablet ;5;Isabella;Montanholi;33;01/11/2018;Fortaleza;R$ 1.600,00;;;;
HL8851; Notebook ;5;Marina;Correa;37;9/28/2018;Porto Alegre;R$ 3.500,00;;;;
HL9962; Android ;3;Sthefeson;Pereira;37;04/07/2018;São Paulo;R$ 3.400,00;;;;
HL1148; Câmera ;3;Bernardo;Ribeiro;37;4/29/2018;Recife;R$ 2.100,00;;;;
HL1148; Câmera ;1;João;Capitulo;36;9/20/2018;Curitiba;R$ 2.100,00;;;;
HL9962; Android ;5;Juliana;Goes;32;9/29/2018;Belo Horizonte;R$ 3.400,00;;;;
HL7348; SmartWatch ;1;Letícia;Araujo;63;5/19/2018;Recife;R$ 1.400,00;;;;
HL2714; Tablet ;1;Matheus;Delgado;53;05/09/2018;Salvador;R$ 1.600,00;;;;
HL1148; Câmera ;5;Beatriz;Rodrigues;30;11/27/2018;Salvador;R$ 2.100,00;;;;
HL9962; Android ;4;Luiz;Campista;87;11/22/2018;São Paulo;R$ 3.400,00;;;;
HL8851; Notebook ;3;Bárbara;Lima;32;5/31/2018;Fortaleza;R$ 3.500,00;;;;
HL4379; Televisão ;3;Clara;Bruno;65;10/27/2018;Rio de Janeiro;R$ 2.500,00;;;;
HL8851; Notebook ;3;Luana;Santos;38;10/19/2018;Rio de Janeiro;R$ 3.500,00;;;;
HL1918; iPhone ;1;Ravena;Bhering;35;11/09/2018;Porto Alegre;R$ 5.300,00;;;;
HL8851; Notebook ;3;Raíza;Lopes;19;05/08/2018;Recife;R$ 3.500,00;;;;
HL2714; Tablet ;5;Anna;Silva;29;3/30/2018;Fortaleza;R$ 1.600,00;;;;
HL1918; iPhone ;5;Lucas;Cavalcanti;62;03/06/2018;São Paulo;R$ 5.300,00;;;;
HL2714; Tablet ;1;Maria;Mello;63;01/03/2018;Rio de Janeiro;R$ 1.600,00;;;;
HL4379; Televisão ;2;Joao;Pereira;61;02/09/2018;Porto Alegre;R$ 2.500,00;;;;
HL7348; SmartWatch ;1;Mônica;Rotolo;59;9/15/2018;Recife;R$ 1.400,00;;;;
HL1918; iPhone ;3;Victor;Gomes;89;11/01/2018;Goiânia;R$ 5.300,00;;;;
HL1148; Câmera ;3;Sarah;Souza;83;9/15/2018;Porto Alegre;R$ 2.100,00;;;;
HL1148; Câmera ;5;Fabio;Boccaletti;78;6/21/2018;Goiânia;R$ 2.100,00;;;;
HL8851; Notebook ;2;Glenda;Santos;78;02/04/2018;Rio de Janeiro;R$ 3.500,00;;;;
HL9962; Android ;5;Henrique;Oliveira;30;12/30/2018;São Paulo;R$ 3.400,00;;;;
HL1918; iPhone ;1;Guilherme;Merotto;53;2/15/2018;Rio de Janeiro;R$ 5.300,00;;;;
HL1918; iPhone ;1;Jessica;Ferreira;80;4/20/2018;Salvador;R$ 5.300,00;;;;
HL2714; Tablet ;5;Thaís;Pereira;70;7/27/2018;Fortaleza;R$ 1.600,00;;;;
HL1148; Câmera ;5;Adriana;Passos;49;07/06/2018;Goiânia;R$ 2.100,00;;;;
HL4379; Televisão ;4;Guilherme;Seixas;89;5/16/2018;Fortaleza;R$ 2.500,00;;;;
HL4379; Televisão ;1;Adrielle;Gabriel;62;01/03/2018;São Paulo;R$ 2.500,00;;;;
HL9962; Android ;5;João;Júnior;58;1/24/2018;São Paulo;R$ 3.400,00;;;;
HL1148; Câmera ;1;Lara;Moreira;51;4/23/2018;São Paulo;R$ 2.100,00;;;;
HL8851; Notebook ;3;Thayane;Resende;38;3/14/2018;São Paulo;R$ 3.500,00;;;;
HL7348; SmartWatch ;4;Isabela;Rodrigues;40;11/08/2018;Porto Alegre;R$ 1.400,00;;;;
HL1148; Câmera ;3;Helena;Chafin;69;4/28/2018;Salvador;R$ 2.100,00;;;;
HL9962; Android ;3;Gabriel;Silva;27;06/03/2018;Belo Horizonte;R$ 3.400,00;;;;
HL2714; Tablet ;3;Sthefeson;Barroso;76;11/28/2018;Fortaleza;R$ 1.600,00;;;;
HL8851; Notebook ;2;Pedro;Martins;34;01/08/2018;São Paulo;R$ 3.500,00;;;;
HL4379; Televisão ;5;Matheus;Moraes;83;6/17/2018;São Paulo;R$ 2.500,00;;;;
HL1148; Câmera ;2;Marina;Delgado;80;5/13/2018;Fortaleza;R$ 2.100,00;;;;
HL4379; Televisão ;3;Bruno;Temporal;70;12/28/2018;Rio de Janeiro;R$ 2.500,00;;;;
HL7348; SmartWatch ;1;Andre;Sampaio;23;2/27/2018;Rio de Janeiro;R$ 1.400,00;;;;
HL4379; Televisão ;4;Rafaela;Gonçalves;83;07/10/2018;Porto Alegre;R$ 2.500,00;;;;
HL1918; iPhone ;2;Mariana;Barrozo;21;06/10/2018;Recife;R$ 5.300,00;;;;
HL4379; Televisão ;1;Gabriela;Mello;86;11/04/2018;Porto Alegre;R$ 2.500,00;;;;
HL8851; Notebook ;5;Priscila;Carvalho;51;7/30/2018;Fortaleza;R$ 3.500,00;;;;
HL4379; Televisão ;3;Lucas;Lemos;87;10/19/2018;Curitiba;R$ 2.500,00;;;;
HL2714; Tablet ;2;Renan;Nascimento;89;8/29/2018;Fortaleza;R$ 1.600,00;;;;
HL7348; SmartWatch ;2;Carolina;Motta;70;7/29/2018;Rio de Janeiro;R$ 1.400,00;;;;
HL8851; Notebook ;4;Joyce;Souza;23;12/04/2018;Fortaleza;R$ 3.500,00;;;;
HL9962; Android ;1;Jessica;Ferreira;55;2/19/2018;Fortaleza;R$ 3.400,00;;;;
HL8851; Notebook ;4;Brenno;Santos;55;08/09/2018;Fortaleza;R$ 3.500,00;;;;
HL4379; Televisão ;5;Arthur;Pereira;33;7/19/2018;Fortaleza;R$ 2.500,00;;;;
HL7348; SmartWatch ;2;Guilherme;Rachide;41;6/16/2018;São Paulo;R$ 1.400,00;;;;
HL8851; Notebook ;3;Miguel;Carneiro;26;8/15/2018;Salvador;R$ 3.500,00;;;;
HL2714; Tablet ;5;Pedro;Macckione;21;10/27/2018;Goiânia;R$ 1.600,00;;;;
HL8851; Notebook ;5;Leandro;Ferreira;78;12/15/2018;Goiânia;R$ 3.500,00;;;;
HL8851; Notebook ;2;Carlos;Azevedo;64;5/24/2018;Rio de Janeiro;R$ 3.500,00;;;;
HL4379; Televisão ;2;Raíza;Lopes;21;3/13/2018;São Paulo;R$ 2.500,00;;;;
HL9962; Android ;2;Bruna;Rosa;30;1/24/2018;Fortaleza;R$ 3.400,00;;;;
HL2714; Tablet ;1;Beatriz;Biase;49;07/10/2018;Fortaleza;R$ 1.600,00;;;;
HL2714; Tablet ;2;Jéssica;Netto;76;2/19/2018;Belo Horizonte;R$ 1.600,00;;;;
HL9962; Android ;1;Anízio;Carvalho;34;2/19/2018;Salvador;R$ 3.400,00;;;;
HL1918; iPhone ;2;Guilherme;Monteiro;30;03/06/2018;Goiânia;R$ 5.300,00;;;;
HL4379; Televisão ;3;Wilson;Brandão;58;2/21/2018;Rio de Janeiro;R$ 2.500,00;;;;
HL4379; Televisão ;3;Luis;Garcia;33;08/08/2018;Fortaleza;R$ 2.500,00;;;;
HL1918; iPhone ;2;Gabriella;Sagrillo;22;03/08/2018;Curitiba;R$ 5.300,00;;;;
HL1918; iPhone ;1;Victor;Lira;54;05/05/2018;Recife;R$ 5.300,00;;;;
HL2714; Tablet ;4;João;Bach;23;06/04/2018;Recife;R$ 1.600,00;;;;
HL8851; Notebook ;3;Matheus;Gomes;38;5/18/2018;Fortaleza;R$ 3.500,00;;;;
HL1918; iPhone ;1;Wen;Santos;25;06/01/2018;Salvador;R$ 5.300,00;;;;
HL8851; Notebook ;5;Rafael;Ramos;84;9/18/2018;Recife;R$ 3.500,00;;;;
HL9962; Android ;4;Thales;Andrade;26;8/20/2018;Fortaleza;R$ 3.400,00;;;;
HL7348; SmartWatch ;2;Rafael;Portela;27;6/23/2018;Recife;R$ 1.400,00;;;;
HL9962; Android ;4;Rafael;Portela;22;8/30/2018;Rio de Janeiro;R$ 3.400,00;;;;
HL1918; iPhone ;4;Rilson;Dias;84;4/16/2018;Belo Horizonte;R$ 5.300,00;;;;
HL4379; Televisão ;4;Jorge;Fonseca;40;12/09/2018;Porto Alegre;R$ 2.500,00;;;;
HL8851; Notebook ;4;Daniel;Felippe;88;12/12/2018;Salvador;R$ 3.500,00;;;;
HL7348; SmartWatch ;4;Matheus;Silva;70;1/24/2018;Fortaleza;R$ 1.400,00;;;;
HL1918; iPhone ;2;Caio;Cardoso;57;02/06/2018;Goiânia;R$ 5.300,00;;;;
HL9962; Android ;4;Desirée;Heimlich;46;04/10/2018;São Paulo;R$ 3.400,00;;;;
HL8851; Notebook ;5;Giulia;Lopes;21;07/03/2018;Porto Alegre;R$ 3.500,00;;;;
HL7348; SmartWatch ;1;Michelle;Miura;37;06/01/2018;São Paulo;R$ 1.400,00;;;;
HL4379; Televisão ;3;Gustavo;Erthal;50;06/03/2018;Rio de Janeiro;R$ 2.500,00;;;;
HL1918; iPhone ;4;Gustavo;Azevedo;33;12/18/2018;Fortaleza;R$ 5.300,00;;;;
HL1918; iPhone ;4;Victor;Ferreira;58;3/15/2018;São Paulo;R$ 5.300,00;;;;
HL1918; iPhone ;2;Matheus;Gomes;82;3/26/2018;Fortaleza;R$ 5.300,00;;;;
HL8851; Notebook ;2;Mariana;Baptista;77;3/27/2018;Porto Alegre;R$ 3.500,00;;;;
HL4379; Televisão ;1;Ulisses;Arruda;89;9/25/2018;Rio de Janeiro;R$ 2.500,00;;;;
HL1918; iPhone ;5;Victor;Lira;53;06/06/2018;Salvador;R$ 5.300,00;;;;
HL1918; iPhone ;2;Alberto;Silveira;29;10/22/2018;Salvador;R$ 5.300,00;;;;
HL1918; iPhone ;5;Ana;Carvalho;75;2/13/2018;Salvador;R$ 5.300,00;;;;
HL1918; iPhone ;1;Julia;Leig;27;08/07/2018;São Paulo;R$ 5.300,00;;;;
HL4379; Televisão ;3;Caroline;Delgado;28;11/19/2018;São Paulo;R$ 2.500,00;;;;
HL9962; Android ;3;Gabrielle;Figueiredo;62;7/28/2018;São Paulo;R$ 3.400,00;;;;
HL7348; SmartWatch ;5;Marcelo;Guadagnino;29;01/08/2018;Fortaleza;R$ 1.400,00;;;;
HL1148; Câmera ;2;Eduardo;Lopes;55;08/07/2018;São Paulo;R$ 2.100,00;;;;
HL1148; Câmera ;3;Eduardo;Pacheco;90;11/15/2018;São Paulo;R$ 2.100,00;;;;
HL4379; Televisão ;4;Izabel;Lopes;69;03/10/2018;Rio de Janeiro;R$ 2.500,00;;;;
HL1918; iPhone ;2;Rodrigo;Bruno;19;2/14/2018;Belo Horizonte;R$ 5.300,00;;;;
HL4379; Televisão ;4;Gabriella;Sagrillo;19;03/11/2018;Salvador;R$ 2.500,00;;;;
HL9962; Android ;1;Carlos;Cardoso;88;10/31/2018;Recife;R$ 3.400,00;;;;
HL1918; iPhone ;3;Luíza;Garcia;58;11/09/2018;Fortaleza;R$ 5.300,00;;;;
HL8851; Notebook ;2;Diego;Marchesi;56;5/25/2018;São Paulo;R$ 3.500,00;;;;
HL8851; Notebook ;1;Sandy;Moreira;56;1/22/2018;Goiânia;R$ 3.500,00;;;;
HL1918; iPhone ;1;Rafael;Rocha;27;11/05/2018;Salvador;R$ 5.300,00;;;;
HL1918; iPhone ;2;Julia;Leig;64;3/30/2018;Salvador;R$ 5.300,00;;;;
HL1918; iPhone ;3;Gabriel;Brito;79;12/08/2018;Salvador;R$ 5.300,00;;;;
HL8851; Notebook ;4;Guilherme;Vianna;69;5/28/2018;Salvador;R$ 3.500,00;;;;
HL1918; iPhone ;2;Carolina;Bernardes;36;9/13/2018;São Paulo;R$ 5.300,00;;;;
HL9962; Android ;5;Larissa;Nauenberg;68;01/02/2018;São Paulo;R$ 3.400,00;;;;
HL1918; iPhone ;1;Henrique;Villanova;33;9/16/2018;Salvador;R$ 5.300,00;;;;
HL1918; iPhone ;4;Raphael;Ferman;18;10/01/2018;São Paulo;R$ 5.300,00;;;;
HL4379; Televisão ;4;Lunna;Vannier;57;12/25/2018;Fortaleza;R$ 2.500,00;;;;
HL7348; SmartWatch ;4;Mariana;Freire;86;11/07/2018;Salvador;R$ 1.400,00;;;;
HL2714; Tablet ;2;Luis;Garcia;26;11/07/2018;São Paulo;R$ 1.600,00;;;;
HL1918; iPhone ;5;Vitor;Arruda;39;03/11/2018;Salvador;R$ 5.300,00;;;;
HL9962; Android ;1;Natali;Rangel;89;1/31/2018;Rio de Janeiro;R$ 3.400,00;;;;
HL4379; Televisão ;3;Lucas;Neto;34;02/12/2018;Goiânia;R$ 2.500,00;;;;
HL1918; iPhone ;2;Carlos;Galvão;26;11/16/2018;Porto Alegre;R$ 5.300,00;;;;
HL8851; Notebook ;2;Luiza;Procaci;68;3/17/2018;Recife;R$ 3.500,00;;;;
HL2714; Tablet ;4;Thiago;Nóbrega;37;1/23/2018;Goiânia;R$ 1.600,00;;;;
HL4379; Televisão ;5;Lázaro;Villanova;31;10/26/2018;Porto Alegre;R$ 2.500,00;;;;
HL4379; Televisão ;4;Gabriel;Assis;31;9/29/2018;São Paulo;R$ 2.500,00;;;;
HL1148; Câmera ;1;Pedro;Lyra;38;1/25/2018;Fortaleza;R$ 2.100,00;;;;
HL1918; iPhone ;2;Bruno;Oliveira;40;7/25/2018;São Paulo;R$ 5.300,00;;;;
HL2714; Tablet ;2;Bernardo;Ribeiro;48;9/24/2018;Salvador;R$ 1.600,00;;;;
HL7348; SmartWatch ;4;Roger;Rosa;21;5/31/2018;Recife;R$ 1.400,00;;;;
HL8851; Notebook ;1;Thiago;Nóbrega;77;10/28/2018;Goiânia;R$ 3.500,00;;;;
HL8851; Notebook ;4;Caio;Silva;46;3/25/2018;Fortaleza;R$ 3.500,00;;;;
HL2714; Tablet ;1;Lara;Moreira;77;05/07/2018;Rio de Janeiro;R$ 1.600,00;;;;
HL1918; iPhone ;2;Ramon;Araujo;54;04/09/2018;Porto Alegre;R$ 5.300,00;;;;
HL8851; Notebook ;2;Maria;Mello;29;11/06/2018;Salvador;R$ 3.500,00;;;;
HL4379; Televisão ;4;Marina;Mesquita;59;7/24/2018;Recife;R$ 2.500,00;;;;
HL1918; iPhone ;3;José;Fonseca;62;3/30/2018;Salvador;R$ 5.300,00;;;;
HL1918; iPhone ;5;Lázaro;Villanova;66;02/06/2018;Fortaleza;R$ 5.300,00;;;;
HL7348; SmartWatch ;2;Milena;Pereira;58;4/17/2018;Salvador;R$ 1.400,00;;;;
HL4379; Televisão ;3;Renan;Ventura;42;10/18/2018;Salvador;R$ 2.500,00;;;;
HL9962; Android ;2;Julia;Figueiredo;57;4/29/2018;Rio de Janeiro;R$ 3.400,00;;;;
HL1918; iPhone ;3;Giulia;Pessanha;25;11/20/2018;Recife;R$ 5.300,00;;;;
HL4379; Televisão ;4;Juliana;Mesquita;63;08/08/2018;Salvador;R$ 2.500,00;;;;
HL4379; Televisão ;2;Cláudio;Aragão;33;03/10/2018;Salvador;R$ 2.500,00;;;;
HL4379; Televisão ;1;Andressa;Rotsztejn;19;10/13/2018;Curitiba;R$ 2.500,00;;;;
HL4379; Televisão ;5;Sandy;Moreira;79;02/04/2018;Fortaleza;R$ 2.500,00;;;;
HL1148; Câmera ;4;Kim;Ferreira;54;4/16/2018;Rio de Janeiro;R$ 2.100,00;;;;
HL4379; Televisão ;5;Guilherme;Merotto;42;1/16/2018;Porto Alegre;R$ 2.500,00;;;;
HL1918; iPhone ;2;Isabela;Resende;44;05/03/2018;São Paulo;R$ 5.300,00;;;;
HL9962; Android ;2;Lucas;Baptista;24;7/26/2018;Goiânia;R$ 3.400,00;;;;
HL1918; iPhone ;1;Alberto;Silveira;31;1/29/2018;Rio de Janeiro;R$ 5.300,00;;;;
HL9962; Android ;3;Rafael;Wajnsztok;47;02/06/2018;Salvador;R$ 3.400,00;;;;
HL9962; Android ;4;João;Pedrazza;78;07/09/2018;Belo Horizonte;R$ 3.400,00;;;;
HL9962; Android ;3;Mariana;Baptista;29;08/08/2018;Salvador;R$ 3.400,00;;;;
HL1918; iPhone ;5;José;Carvalho;83;03/07/2018;São Paulo;R$ 5.300,00;;;;
HL4379; Televisão ;1;João;Fonseca;39;8/15/2018;Curitiba;R$ 2.500,00;;;;
HL2714; Tablet ;5;Lucas;Lima;87;8/24/2018;Salvador;R$ 1.600,00;;;;
HL4379; Televisão ;1;Bianca;Tatsch;44;11/20/2018;Fortaleza;R$ 2.500,00;;;;
HL1918; iPhone ;4;Erick;Soares;34;11/10/2018;Salvador;R$ 5.300,00;;;;
HL1148; Câmera ;5;Diogo;Ressurreição;33;8/13/2018;São Paulo;R$ 2.100,00;;;;
HL7348; SmartWatch ;5;Pedro;Bitencourt;81;7/28/2018;Recife;R$ 1.400,00;;;;
HL7348; SmartWatch ;5;Bianca;Piero;34;10/17/2018;Salvador;R$ 1.400,00;;;;
HL1918; iPhone ;4;Gustavo;Junior;47;12/06/2018;Salvador;R$ 5.300,00;;;;
HL1148; Câmera ;5;Bernardo;Ribeiro;89;12/29/2018;Rio de Janeiro;R$ 2.100,00;;;;
HL4379; Televisão ;1;Iuri;Neto;60;8/14/2018;São Paulo;R$ 2.500,00;;;;
HL1918; iPhone ;4;Roberto;Nogueira;87;12/03/2018;Rio de Janeiro;R$ 5.300,00;;;;
HL7348; SmartWatch ;2;Gabrielle;Costa;83;8/29/2018;Belo Horizonte;R$ 1.400,00;;;;
HL1918; iPhone ;1;Paula;Cavalcanti;62;4/15/2018;São Paulo;R$ 5.300,00;;;;
HL7348; SmartWatch ;5;Julia;Silva;43;9/27/2018;São Paulo;R$ 1.400,00;;;;
HL1918; iPhone ;5;Gabrielle;Porto;40;02/11/2018;Rio de Janeiro;R$ 5.300,00;;;;
HL4379; Televisão ;3;Paula;Cavalcanti;79;2/22/2018;Salvador;R$ 2.500,00;;;;
HL1918; iPhone ;3;Fernanda;Figueiredo;72;9/27/2018;São Paulo;R$ 5.300,00;;;;
HL7348; SmartWatch ;4;Matheus;Santos;74;3/31/2018;Porto Alegre;R$ 1.400,00;;;;
HL2714; Tablet ;1;Luíza;Goulart;71;03/07/2018;Goiânia;R$ 1.600,00;;;;
HL2714; Tablet ;5;Arthur;Souza;65;11/17/2018;Goiânia;R$ 1.600,00;;;;
HL4379; Televisão ;4;Lucas;Reis;49;10/25/2018;Porto Alegre;R$ 2.500,00;;;;
HL4379; Televisão ;4;Breno;Quinto;26;08/02/2018;Rio de Janeiro;R$ 2.500,00;;;;
HL1918; iPhone ;3;João;Aires;68;7/26/2018;Goiânia;R$ 5.300,00;;;;
HL1918; iPhone ;1;Matheus;Souza;84;12/05/2018;Porto Alegre;R$ 5.300,00;;;;
HL2714; Tablet ;1;Eduardo;Lopes;30;11/23/2018;Salvador;R$ 1.600,00;;;;
HL4379; Televisão ;5;Stefan;Nunes;42;11/10/2018;Fortaleza;R$ 2.500,00;;;;
HL2714; Tablet ;4;Rebeca;Taylor;46;4/20/2018;Porto Alegre;R$ 1.600,00;;;;
HL7348; SmartWatch ;2;Alon;Palmeira;30;09/12/2018;Fortaleza;R$ 1.400,00;;;;
HL7348; SmartWatch ;1;Fabio;Boccaletti;50;10/23/2018;Curitiba;R$ 1.400,00;;;;
HL4379; Televisão ;4;Carolina;Santos;44;10/09/2018;Fortaleza;R$ 2.500,00;;;;
HL7348; SmartWatch ;4;Bernardo;Botelho;22;05/10/2018;Salvador;R$ 1.400,00;;;;
HL4379; Televisão ;1;Iuri;Neto;41;12/15/2018;Curitiba;R$ 2.500,00;;;;
HL1918; iPhone ;4;Daniela;Rosa;26;11/14/2018;Belo Horizonte;R$ 5.300,00;;;;
HL8851; Notebook ;3;Anna;Maia;51;11/30/2018;Salvador;R$ 3.500,00;;;;
HL4379; Televisão ;2;Beatriz;Rocha;23;5/24/2018;Salvador;R$ 2.500,00;;;;
HL1918; iPhone ;1;Anna;Silva;77;10/29/2018;São Paulo;R$ 5.300,00;;;;
HL8851; Notebook ;1;Luana;Santana;74;7/28/2018;Recife;R$ 3.500,00;;;;
HL4379; Televisão ;2;Kim;Ferreira;66;7/19/2018;Recife;R$ 2.500,00;;;;
HL2714; Tablet ;3;Livia;Corrêa;44;05/10/2018;Recife;R$ 1.600,00;;;;
HL2714; Tablet ;3;Beatriz;Silva;26;07/01/2018;Goiânia;R$ 1.600,00;;;;
HL2714; Tablet ;3;Victor;Oliveira;19;08/10/2018;Salvador;R$ 1.600,00;;;;
HL4379; Televisão ;3;Miguel;Carneiro;83;8/27/2018;Fortaleza;R$ 2.500,00;;;;
HL1148; Câmera ;2;Rodrigo;Feijo;36;3/30/2018;Fortaleza;R$ 2.100,00;;;;
HL2714; Tablet ;3;Bruno;Salomão;69;12/25/2018;Goiânia;R$ 1.600,00;;;;
HL8851; Notebook ;2;Bianca;Piero;76;2/17/2018;São Paulo;R$ 3.500,00;;;;
HL2714; Tablet ;2;Lucas;Freitas;52;1/21/2018;Fortaleza;R$ 1.600,00;;;;
HL4379; Televisão ;1;Lucas;Rodrigues;74;10/13/2018;Rio de Janeiro;R$ 2.500,00;;;;
HL1918; iPhone ;4;Fabio;Ramos;41;5/31/2018;Fortaleza;R$ 5.300,00;;;;
HL1918; iPhone ;1;Pedro;Xavier;54;4/24/2018;São Paulo;R$ 5.300,00;;;;
HL1918; iPhone ;1;Guilherme;Lima;66;4/20/2018;Curitiba;R$ 5.300,00;;;;
HL7348; SmartWatch ;1;João;Rodrigues;30;1/24/2018;São Paulo;R$ 1.400,00;;;;
HL9962; Android ;4;Cícero;Ramos;75;11/02/2018;Salvador;R$ 3.400,00;;;;
HL1918; iPhone ;5;Maria;Cardoso;74;3/21/2018;Belo Horizonte;R$ 5.300,00;;;;
HL8851; Notebook ;5;Joana;Calmon;32;6/26/2018;Rio de Janeiro;R$ 3.500,00;;;;
HL4379; Televisão ;5;Vanessa;Rodrigues;69;8/24/2018;Fortaleza;R$ 2.500,00;;;;
HL1918; iPhone ;1;Larissa;Vasconcellos;79;11/14/2018;Salvador;R$ 5.300,00;;;;
HL9962; Android ;2;Pedro;Delgado;66;09/07/2018;Porto Alegre;R$ 3.400,00;;;;
HL7348; SmartWatch ;5;Carolina;Alfradique;31;12/03/2018;São Paulo;R$ 1.400,00;;;;
HL1918; iPhone ;2;Antonio;Bernhardt;27;07/06/2018;Recife;R$ 5.300,00;;;;
HL2714; Tablet ;3;Isabelle;Gonçalves;70;6/30/2018;Salvador;R$ 1.600,00;;;;
HL9962; Android ;2;Aline;Andrade;48;11/18/2018;Recife;R$ 3.400,00;;;;
HL1918; iPhone ;5;Ana;Gomes;70;1/24/2018;Salvador;R$ 5.300,00;;;;
HL4379; Televisão ;1;Gustavo;Erthal;47;05/03/2018;Belo Horizonte;R$ 2.500,00;;;;
HL1918; iPhone ;5;Patrick;Silva;37;08/09/2018;Recife;R$ 5.300,00;;;;
HL1918; iPhone ;2;Pedro;Macckione;20;5/27/2018;Salvador;R$ 5.300,00;;;;
HL1918; iPhone ;3;Lucas;Assunção;53;3/27/2018;São Paulo;R$ 5.300,00;;;;
HL8851; Notebook ;5;Lenon;Fernandes;76;2/17/2018;São Paulo;R$ 3.500,00;;;;
HL2714; Tablet ;3;Bruna;Ramos;72;10/11/2018;Recife;R$ 1.600,00;;;;
HL1918; iPhone ;4;Wilson;Brandão;31;12/14/2018;São Paulo;R$ 5.300,00;;;;
HL4379; Televisão ;5;Luiza;Marques;32;01/12/2018;Salvador;R$ 2.500,00;;;;
HL1918; iPhone ;4;Priscila;Suzano;52;3/29/2018;Fortaleza;R$ 5.300,00;;;;
HL1918; iPhone ;4;Eric;Neves;80;6/20/2018;Salvador;R$ 5.300,00;;;;
HL1918; iPhone ;5;Bernardo;Nauenberg;73;7/13/2018;São Paulo;R$ 5.300,00;;;;
HL4379; Televisão ;1;João;Castilho;77;02/06/2018;Goiânia;R$ 2.500,00;;;;
HL4379; Televisão ;1;Lázaro;Villanova;55;5/24/2018;Curitiba;R$ 2.500,00;;;;
HL2714; Tablet ;4;Patrícia;Fernandes;67;6/24/2018;São Paulo;R$ 1.600,00;;;;
HL7348; SmartWatch ;5;Gabriela;Aliani;19;4/23/2018;Salvador;R$ 1.400,00;;;;
HL9962; Android ;4;Isabella;Scalabrin;75;1/28/2018;São Paulo;R$ 3.400,00;;;;
HL1918; iPhone ;2;Adrielle;Vieira;34;1/22/2018;São Paulo;R$ 5.300,00;;;;
HL2714; Tablet ;1;Camille;Silva;89;2/18/2018;São Paulo;R$ 1.600,00;;;;
HL9962; Android ;2;Marina;Marins;83;8/27/2018;São Paulo;R$ 3.400,00;;;;
HL1148; Câmera ;3;Camille;Silva;90;6/22/2018;São Paulo;R$ 2.100,00;;;;
HL9962; Android ;5;Roberto;Tiradentes;81;1/19/2018;São Paulo;R$ 3.400,00;;;;
HL4379; Televisão ;5;Caio;Fernandes;62;2/20/2018;São Paulo;R$ 2.500,00;;;;
HL7348; SmartWatch ;4;Matheus;Gomes;89;09/09/2018;São Paulo;R$ 1.400,00;;;;
HL7348; SmartWatch ;1;Guilherme;Marchesi;26;12/04/2018;Goiânia;R$ 1.400,00;;;;
HL9962; Android ;2;Gabriela;Fernandes;65;11/30/2018;Curitiba;R$ 3.400,00;;;;
HL1918; iPhone ;3;Vittorio;Freitas;71;1/15/2018;Fortaleza;R$ 5.300,00;;;;
HL9962; Android ;4;Camila;Sobral;40;3/18/2018;Rio de Janeiro;R$ 3.400,00;;;;
HL9962; Android ;2;Fernanda;Rubim;59;2/14/2018;São Paulo;R$ 3.400,00;;;;
HL1918; iPhone ;2;Marina;Marins;48;04/12/2018;São Paulo;R$ 5.300,00;;;;
HL1918; iPhone ;5;Maria;Costa;37;10/31/2018;Recife;R$ 5.300,00;;;;
HL1918; iPhone ;3;Karina;Camara;43;03/07/2018;São Paulo;R$ 5.300,00;;;;
HL4379; Televisão ;3;Luiz;Xavier;25;10/20/2018;São Paulo;R$ 2.500,00;;;;
HL4379; Televisão ;3;Khaio;Mesquita;63;9/14/2018;Goiânia;R$ 2.500,00;;;;
HL8851; Notebook ;5;Deysiane;Medronho;84;9/22/2018;Rio de Janeiro;R$ 3.500,00;;;;
HL4379; Televisão ;5;Thainá;Binello;88;6/20/2018;Salvador;R$ 2.500,00;;;;
HL1918; iPhone ;1;Rafael;Carneiro;69;2/25/2018;Fortaleza;R$ 5.300,00;;;;
HL1918; iPhone ;5;Antônio;Oliveira;33;12/21/2018;São Paulo;R$ 5.300,00;;;;
HL1918; iPhone ;4;Guilherme;Rachide;80;7/20/2018;São Paulo;R$ 5.300,00;;;;
HL8851; Notebook ;4;Bianca;Ferezin;21;1/18/2018;Porto Alegre;R$ 3.500,00;;;;
HL4379; Televisão ;1;Beatriz;Santos;42;9/13/2018;Recife;R$ 2.500,00;;;;
HL1918; iPhone ;4;Ruan;Lopes;88;06/08/2018;Recife;R$ 5.300,00;;;;
HL1918; iPhone ;4;João;Bach;19;08/10/2018;São Paulo;R$ 5.300,00;;;;
HL2714; Tablet ;2;Bruno;Ursulino;34;1/28/2018;Belo Horizonte;R$ 1.600,00;;;;
HL1918; iPhone ;5;Lucas;Lacerda;32;11/14/2018;Rio de Janeiro;R$ 5.300,00;;;;
HL1148; Câmera ;3;Pedro;Conceição;35;4/16/2018;Porto Alegre;R$ 2.100,00;;;;
HL2714; Tablet ;3;Giuseppe;Bhering;81;12/17/2018;São Paulo;R$ 1.600,00;;;;
HL1918; iPhone ;3;Raul;Silveira;61;7/24/2018;Goiânia;R$ 5.300,00;;;;
HL7348; SmartWatch ;2;Ives;Pinheiro;88;6/20/2018;Fortaleza;R$ 1.400,00;;;;
HL2714; Tablet ;3;Marina;Marins;32;11/18/2018;Recife;R$ 1.600,00;;;;
HL1918; iPhone ;3;Luiza;Farias;69;8/19/2018;Rio de Janeiro;R$ 5.300,00;;;;
HL4379; Televisão ;3;João;Monteiro;25;11/22/2018;Fortaleza;R$ 2.500,00;;;;
HL2714; Tablet ;1;Giovana;Vilela;66;06/02/2018;Curitiba;R$ 1.600,00;;;;
HL1918; iPhone ;5;Mateus;Polastri;75;12/27/2018;Curitiba;R$ 5.300,00;;;;
HL1148; Câmera ;1;Thaís;Pereira;21;12/11/2018;Salvador;R$ 2.100,00;;;;
HL1918; iPhone ;2;Michelle;Figueiredo;56;6/21/2018;Rio de Janeiro;R$ 5.300,00;;;;
HL4379; Televisão ;3;Lucas;Costa;73;2/16/2018;Rio de Janeiro;R$ 2.500,00;;;;
HL4379; Televisão ;4;Hygor;Essaber;28;7/30/2018;São Paulo;R$ 2.500,00;;;;
HL4379; Televisão ;1;Luiza;Farias;69;3/21/2018;Recife;R$ 2.500,00;;;;
HL4379; Televisão ;4;Raíssa;Oliveira;25;6/27/2018;São Paulo;R$ 2.500,00;;;;
HL1918; iPhone ;3;Eduardo;Soares;55;10/16/2018;Belo Horizonte;R$ 5.300,00;;;;
HL1148; Câmera ;2;Raul;Silveira;35;09/10/2018;Rio de Janeiro;R$ 2.100,00;;;;
HL1918; iPhone ;5;Isabela;Resende;66;12/14/2018;Salvador;R$ 5.300,00;;;;
HL1918; iPhone ;1;Paula;Cavalcanti;64;02/08/2018;São Paulo;R$ 5.300,00;;;;
HL9962; Android ;4;Eduardo;Nunes;83;7/25/2018;São Paulo;R$ 3.400,00;;;;
HL1918; iPhone ;2;Bianca;Ferezin;22;5/31/2018;São Paulo;R$ 5.300,00;;;;
HL7348; SmartWatch ;2;Juliana;Silva;73;6/21/2018;Recife;R$ 1.400,00;;;;
HL1918; iPhone ;5;Danilo;Alves;50;5/26/2018;São Paulo;R$ 5.300,00;;;;
HL9962; Android ;3;Renan;Cunha;75;6/30/2018;São Paulo;R$ 3.400,00;;;;
HL4379; Televisão ;1;Maria;Motta;23;8/30/2018;Curitiba;R$ 2.500,00;;;;
HL1918; iPhone ;1;Matheus;Delgado;47;03/03/2018;São Paulo;R$ 5.300,00;;;;
HL8851; Notebook ;1;Raísa;Rodrigues;57;07/07/2018;Curitiba;R$ 3.500,00;;;;
HL2714; Tablet ;5;Julia;Silva;64;12/26/2018;Fortaleza;R$ 1.600,00;;;;
HL1918; iPhone ;3;Henrique;Oliveira;32;4/25/2018;Fortaleza;R$ 5.300,00;;;;
HL9962; Android ;2;Tadeu;Sousa;66;09/11/2018;Goiânia;R$ 3.400,00;;;;
HL4379; Televisão ;5;Anna;Silva;25;12/08/2018;Porto Alegre;R$ 2.500,00;;;;
HL1148; Câmera ;5;Felipe;Júnior;79;8/16/2018;Curitiba;R$ 2.100,00;;;;
HL1918; iPhone ;1;Matheus;Delgado;27;04/02/2018;Fortaleza;R$ 5.300,00;;;;
HL4379; Televisão ;2;Lucas;Valim;52;12/25/2018;Belo Horizonte;R$ 2.500,00;;;;
HL8851; Notebook ;2;Rogério;Gentile;26;08/08/2018;Salvador;R$ 3.500,00;;;;
HL1918; iPhone ;4;Caio;Affonso;81;08/07/2018;Fortaleza;R$ 5.300,00;;;;
HL7348; SmartWatch ;5;Luiz;Xavier;60;12/16/2018;Goiânia;R$ 1.400,00;;;;
HL7348; SmartWatch ;4;Stefan;Nunes;70;9/19/2018;Salvador;R$ 1.400,00;;;;
HL9962; Android ;5;Izabel;Lopes;68;10/09/2018;Fortaleza;R$ 3.400,00;;;;
HL1148; Câmera ;3;Rogério;Pereira;79;6/13/2018;Rio de Janeiro;R$ 2.100,00;;;;
HL8851; Notebook ;5;Bianca;Paz;54;5/15/2018;Fortaleza;R$ 3.500,00;;;;
HL8851; Notebook ;2;Gabriel;Brito;70;01/03/2018;Salvador;R$ 3.500,00;;;;
HL1918; iPhone ;1;Diego;Barros;90;12/24/2018;Rio de Janeiro;R$ 5.300,00;;;;
HL1918; iPhone ;2;Matheus;Ramos;65;06/10/2018;Fortaleza;R$ 5.300,00;;;;
HL1148; Câmera ;1;Gustavo;Accardo;74;5/22/2018;Rio de Janeiro;R$ 2.100,00;;;;
HL1148; Câmera ;5;Iuri;Neto;32;03/12/2018;Porto Alegre;R$ 2.100,00;;;;
HL7348; SmartWatch ;5;Juliana;Barreira;44;10/09/2018;São Paulo;R$ 1.400,00;;;;
HL8851; Notebook ;1;Marcela;Gasperi;72;07/11/2018;Belo Horizonte;R$ 3.500,00;;;;
HL2714; Tablet ;3;Myllena;Carneiro;66;9/25/2018;Rio de Janeiro;R$ 1.600,00;;;;
HL1918; iPhone ;5;Luíza;Garcia;65;6/26/2018;Salvador;R$ 5.300,00;;;;
HL1148; Câmera ;1;Amanda;Procaci;20;12/28/2018;Belo Horizonte;R$ 2.100,00;;;;
HL1918; iPhone ;1;Tiago;Pereira;34;07/06/2018;Rio de Janeiro;R$ 5.300,00;;;;
HL1148; Câmera ;2;Stephanie;Novak;20;12/14/2018;Goiânia;R$ 2.100,00;;;;
HL1918; iPhone ;2;Livia;Codeceira;36;11/20/2018;Rio de Janeiro;R$ 5.300,00;;;;
HL1918; iPhone ;2;José;Marques;25;4/13/2018;Fortaleza;R$ 5.300,00;;;;
HL9962; Android ;5;Matheus;Gomes;60;7/30/2018;Curitiba;R$ 3.400,00;;;;
HL2714; Tablet ;1;Tadeu;Sousa;89;10/15/2018;Porto Alegre;R$ 1.600,00;;;;
HL1918; iPhone ;2;Isabela;Teixeira;18;06/06/2018;Goiânia;R$ 5.300,00;;;;
HL4379; Televisão ;1;Eduardo;Soares;46;6/22/2018;São Paulo;R$ 2.500,00;;;;
HL4379; Televisão ;1;Lázaro;Villanova;56;9/25/2018;Recife;R$ 2.500,00;;;;
HL8851; Notebook ;5;Stela;Mendonça;72;4/16/2018;Fortaleza;R$ 3.500,00;;;;
HL2714; Tablet ;2;Joyce;Souza;66;4/19/2018;São Paulo;R$ 1.600,00;;;;
HL2714; Tablet ;5;Igor;Lima;55;03/04/2018;Salvador;R$ 1.600,00;;;;
HL1918; iPhone ;1;Tainah;Nogueira;63;3/26/2018;São Paulo;R$ 5.300,00;;;;
HL1148; Câmera ;3;Tiago;Pereira;88;6/22/2018;São Paulo;R$ 2.100,00;;;;
HL8851; Notebook ;5;Roberto;Mattos;80;6/13/2018;Belo Horizonte;R$ 3.500,00;;;;
HL1918; iPhone ;2;Ian;Almeida;82;12/14/2018;Curitiba;R$ 5.300,00;;;;
HL1148; Câmera ;1;Matheus;Santos;44;2/21/2018;Goiânia;R$ 2.100,00;;;;
HL1148; Câmera ;1;Alexandre;Dantas;37;12/03/2018;Porto Alegre;R$ 2.100,00;;;;
HL9962; Android ;1;Renan;Melo;33;12/13/2018;Belo Horizonte;R$ 3.400,00;;;;
HL7348; SmartWatch ;3;Danilo;Rubim;66;07/05/2018;São Paulo;R$ 1.400,00;;;;
HL8851; Notebook ;2;Andre;Nóbrega;44;11/15/2018;Goiânia;R$ 3.500,00;;;;
HL4379; Televisão ;4;Barbara;Procaci;60;8/15/2018;Goiânia;R$ 2.500,00;;;;
HL4379; Televisão ;4;Luana;Santos;57;12/15/2018;Salvador;R$ 2.500,00;;;;
HL7348; SmartWatch ;2;Tiago;Pereira;82;11/13/2018;Salvador;R$ 1.400,00;;;;
HL8851; Notebook ;3;Marcelo;Pereira;53;6/21/2018;Curitiba;R$ 3.500,00;;;;
HL1148; Câmera ;2;Henrique;Silva;49;10/30/2018;Goiânia;R$ 2.100,00;;;;
HL7348; SmartWatch ;1;João;Tabet;50;7/30/2018;Salvador;R$ 1.400,00;;;;
HL8851; Notebook ;3;Camille;Silva;58;01/08/2018;Belo Horizonte;R$ 3.500,00;;;;
HL9962; Android ;3;Lucas;Fontoura;68;1/13/2018;Salvador;R$ 3.400,00;;;;
HL1918; iPhone ;2;Juliana;Silva;47;2/18/2018;Fortaleza;R$ 5.300,00;;;;
HL4379; Televisão ;4;Aline;Morais;83;7/29/2018;Recife;R$ 2.500,00;;;;
HL2714; Tablet ;1;Larissa;Jesus;87;09/09/2018;Rio de Janeiro;R$ 1.600,00;;;;
HL1918; iPhone ;3;Caroline;Delgado;69;11/26/2018;São Paulo;R$ 5.300,00;;;;
HL8851; Notebook ;3;Lenon;Fernandes;38;7/20/2018;Recife;R$ 3.500,00;;;;
HL1918; iPhone ;2;Jônatas;Soares;43;2/23/2018;Porto Alegre;R$ 5.300,00;;;;
HL1918; iPhone ;3;Caio;Caldas;66;7/27/2018;Fortaleza;R$ 5.300,00;;;;
HL8851; Notebook ;4;Jackson;Derossi;88;9/13/2018;Porto Alegre;R$ 3.500,00;;;;
HL9962; Android ;3;Carolina;Alfradique;38;08/11/2018;Fortaleza;R$ 3.400,00;;;;
HL8851; Notebook ;5;Rafaella;Mello;31;10/02/2018;São Paulo;R$ 3.500,00;;;;
HL1918; iPhone ;3;Bruno;Temporal;70;2/27/2018;São Paulo;R$ 5.300,00;;;;
HL4379; Televisão ;1;Bruna;Ramos;24;11/14/2018;São Paulo;R$ 2.500,00;;;;
HL1918; iPhone ;4;Isabel;Lacerda;42;06/01/2018;Rio de Janeiro;R$ 5.300,00;;;;
HL4379; Televisão ;2;Luiz;Mendonça;24;09/03/2018;Porto Alegre;R$ 2.500,00;;;;
HL8851; Notebook ;3;Michelle;Pereira;68;2/15/2018;Curitiba;R$ 3.500,00;;;;
HL4379; Televisão ;4;Marianna;Pestana;76;4/23/2018;Recife;R$ 2.500,00;;;;
HL1918; iPhone ;3;Daniel;Ortiz;41;03/04/2018;Fortaleza;R$ 5.300,00;;;;
HL7348; SmartWatch ;3;Isabel;Leite;54;7/17/2018;Porto Alegre;R$ 1.400,00;;;;
HL9962; Android ;1;Roger;Rosa;56;02/05/2018;São Paulo;R$ 3.400,00;;;;
HL2714; Tablet ;4;Wen;Santos;56;1/24/2018;Curitiba;R$ 1.600,00;;;;
HL8851; Notebook ;2;Célio;Xavier;18;2/15/2018;Salvador;R$ 3.500,00;;;;
HL7348; SmartWatch ;2;Chan;Santos;27;5/15/2018;Recife;R$ 1.400,00;;;;
HL8851; Notebook ;5;Danilo;Alves;23;5/18/2018;Rio de Janeiro;R$ 3.500,00;;;;
HL4379; Televisão ;4;Mariana;Miranda;46;6/15/2018;Rio de Janeiro;R$ 2.500,00;;;;
HL7348; SmartWatch ;5;Raissa;Maia;47;5/17/2018;São Paulo;R$ 1.400,00;;;;
HL7348; SmartWatch ;5;Rodrigo;Bruno;88;07/08/2018;Salvador;R$ 1.400,00;;;;
HL8851; Notebook ;4;Caio;Ferreira;70;1/18/2018;Belo Horizonte;R$ 3.500,00;;;;
HL1918; iPhone ;2;Henrique;Oliveira;89;06/02/2018;Porto Alegre;R$ 5.300,00;;;;
HL8851; Notebook ;5;Gabriella;Sagrillo;70;6/28/2018;São Paulo;R$ 3.500,00;;;;
HL2714; Tablet ;3;Victor;Firmino;83;4/19/2018;Porto Alegre;R$ 1.600,00;;;;
HL1148; Câmera ;1;Guilherme;Marchesi;31;6/18/2018;Fortaleza;R$ 2.100,00;;;;
HL1918; iPhone ;1;Stela;Mendonça;19;08/06/2018;São Paulo;R$ 5.300,00;;;;
HL9962; Android ;2;Jorge;Carvalho;55;5/31/2018;Curitiba;R$ 3.400,00;;;;
HL4379; Televisão ;4;Beatriz;Nogueira;42;1/20/2018;Fortaleza;R$ 2.500,00;;;;
HL4379; Televisão ;1;Carlos;Mesquita;60;10/24/2018;São Paulo;R$ 2.500,00;;;;
HL2714; Tablet ;2;Cassio;Faria;84;2/25/2018;São Paulo;R$ 1.600,00;;;;
HL2714; Tablet ;3;Stephanie;Novak;50;03/08/2018;São Paulo;R$ 1.600,00;;;;
HL1148; Câmera ;5;Débora;Lopes;70;5/25/2018;São Paulo;R$ 2.100,00;;;;
HL1918; iPhone ;3;Rafael;Carneiro;39;10/29/2018;São Paulo;R$ 5.300,00;;;;
HL2714; Tablet ;5;Caio;Silva;57;4/30/2018;Rio de Janeiro;R$ 1.600,00;;;;
HL9962; Android ;3;Paulo;Campos;62;1/28/2018;Salvador;R$ 3.400,00;;;;
HL1918; iPhone ;4;Renan;Nascimento;80;12/11/2018;Goiânia;R$ 5.300,00;;;;
HL1918; iPhone ;4;Maria;Costa;18;4/17/2018;Belo Horizonte;R$ 5.300,00;;;;
HL1918; iPhone ;5;Juliana;Souza;87;12/03/2018;Goiânia;R$ 5.300,00;;;;
HL8851; Notebook ;1;Andreza;Ramos;57;06/05/2018;Fortaleza;R$ 3.500,00;;;;
HL1148; Câmera ;4;Leandro;Rodrigues;61;06/02/2018;Recife;R$ 2.100,00;;;;
HL1918; iPhone ;5;Mariana;Rotava;44;03/12/2018;Rio de Janeiro;R$ 5.300,00;;;;
HL9962; Android ;3;Ruan;Lopes;62;4/23/2018;Salvador;R$ 3.400,00;;;;
HL2714; Tablet ;3;Mariana;Miranda;36;1/25/2018;Curitiba;R$ 1.600,00;;;;
HL2714; Tablet ;1;Maike;Pereira;67;2/18/2018;Curitiba;R$ 1.600,00;;;;
HL1918; iPhone ;1;Wilson;Meirelles;30;12/25/2018;São Paulo;R$ 5.300,00;;;;
HL9962; Android ;3;Ana;Gomes;63;12/05/2018;São Paulo;R$ 3.400,00;;;;
HL1918; iPhone ;5;Victor;Ferreira;57;08/04/2018;São Paulo;R$ 5.300,00;;;;
HL1148; Câmera ;3;Gabriella;Lopes;18;11/14/2018;Curitiba;R$ 2.100,00;;;;
HL1148; Câmera ;4;Matheus;Santos;25;5/14/2018;Salvador;R$ 2.100,00;;;;
HL8851; Notebook ;4;Hygor;Essaber;43;5/19/2018;Rio de Janeiro;R$ 3.500,00;;;;
HL4379; Televisão ;5;Luis;Villanova;43;7/13/2018;Rio de Janeiro;R$ 2.500,00;;;;
HL1918; iPhone ;3;Ylana;Teraoka;62;10/09/2018;Goiânia;R$ 5.300,00;;;;
HL1918; iPhone ;2;Maria;Mello;49;2/25/2018;Salvador;R$ 5.300,00;;;;
HL9962; Android ;5;Gabriela;Cavalcanti;64;9/20/2018;Goiânia;R$ 3.400,00;;;;
HL1148; Câmera ;3;Camilla;Guimarães;28;06/05/2018;São Paulo;R$ 2.100,00;;;;
HL7348; SmartWatch ;3;Felipe;Paulo;61;10/13/2018;Salvador;R$ 1.400,00;;;;
HL4379; Televisão ;1;Lucas;Araújo;41;9/13/2018;São Paulo;R$ 2.500,00;;;;
HL7348; SmartWatch ;1;Igor;Azevedo;66;9/21/2018;Porto Alegre;R$ 1.400,00;;;;
HL4379; Televisão ;5;Eduardo;Nunes;90;12/15/2018;Salvador;R$ 2.500,00;;;;
HL8851; Notebook ;1;Rilson;Guedes;84;02/04/2018;Fortaleza;R$ 3.500,00;;;;
HL1918; iPhone ;5;Antônio;Oliveira;83;9/20/2018;Rio de Janeiro;R$ 5.300,00;;;;
HL4379; Televisão ;5;Sthefeson;Barroso;50;7/14/2018;Fortaleza;R$ 2.500,00;;;;
HL4379; Televisão ;3;Jônatas;Soares;38;10/09/2018;Recife;R$ 2.500,00;;;;
HL8851; Notebook ;1;Marcos;Nucci;81;08/03/2018;Belo Horizonte;R$ 3.500,00;;;;
HL1918; iPhone ;5;Manuela;Ferreira;45;6/15/2018;Porto Alegre;R$ 5.300,00;;;;
HL4379; Televisão ;4;Carlos;Galvão;40;8/19/2018;Salvador;R$ 2.500,00;;;;
HL4379; Televisão ;4;Raphael;Coelho;67;07/05/2018;Goiânia;R$ 2.500,00;;;;
HL1918; iPhone ;4;Natalia;Andrade;23;8/19/2018;Salvador;R$ 5.300,00;;;;
HL8851; Notebook ;1;Carolina;Silva;26;12/03/2018;Salvador;R$ 3.500,00;;;;
HL1918; iPhone ;3;Cícero;Ramos;81;12/06/2018;Porto Alegre;R$ 5.300,00;;;;
HL4379; Televisão ;2;Victor;Magalhães;85;2/16/2018;Curitiba;R$ 2.500,00;;;;
HL4379; Televisão ;5;Thales;Santos;89;11/10/2018;Fortaleza;R$ 2.500,00;;;;
HL4379; Televisão ;3;Rodrigo;Silva;45;5/27/2018;Fortaleza;R$ 2.500,00;;;;
HL1918; iPhone ;5;Rubens;Netto;64;01/04/2018;São Paulo;R$ 5.300,00;;;;
HL8851; Notebook ;1;Pedro;Sena;56;9/14/2018;Fortaleza;R$ 3.500,00;;;;
HL4379; Televisão ;2;Willian;Albino;76;3/31/2018;Belo Horizonte;R$ 2.500,00;;;;
HL8851; Notebook ;1;Yasser;Calbucci;88;8/30/2018;Fortaleza;R$ 3.500,00;;;;
HL1918; iPhone ;4;Júlio;Freire;29;8/18/2018;Curitiba;R$ 5.300,00;;;;
HL1918; iPhone ;4;João;Matheus;24;10/23/2018;Belo Horizonte;R$ 5.300,00;;;;
HL4379; Televisão ;5;Thiago;Lima;66;6/23/2018;São Paulo;R$ 2.500,00;;;;
HL9962; Android ;3;Ana;Leite;41;10/23/2018;Goiânia;R$ 3.400,00;;;;
HL9962; Android ;3;Amanda;Felippe;43;3/24/2018;São Paulo;R$ 3.400,00;;;;
HL4379; Televisão ;1;Marina;Aragão;26;5/28/2018;Porto Alegre;R$ 2.500,00;;;;
HL7348; SmartWatch ;5;Joyce;Souza;39;3/17/2018;Recife;R$ 1.400,00;;;;
HL4379; Televisão ;5;Daniel;Costa;60;06/06/2018;Fortaleza;R$ 2.500,00;;;;
HL1918; iPhone ;1;Stefan;Santos;56;8/24/2018;Goiânia;R$ 5.300,00;;;;
HL1918; iPhone ;1;Felipe;Paulo;83;09/07/2018;Rio de Janeiro;R$ 5.300,00;;;;
HL4379; Televisão ;3;Nina;Magalhães;59;12/29/2018;São Paulo;R$ 2.500,00;;;;
HL1148; Câmera ;2;Rebeca;Taylor;48;8/29/2018;Salvador;R$ 2.100,00;;;;
HL1918; iPhone ;4;Pedro;Rodrigues;74;7/16/2018;Belo Horizonte;R$ 5.300,00;;;;
HL1918; iPhone ;5;Daniel;Nauenberg;64;5/28/2018;Salvador;R$ 5.300,00;;;;
HL9962; Android ;1;Marina;Gama;23;3/13/2018;São Paulo;R$ 3.400,00;;;;
HL2714; Tablet ;4;Lucas;Machado;50;06/02/2018;Recife;R$ 1.600,00;;;;
HL4379; Televisão ;5;Andressa;Chou;70;03/01/2018;Curitiba;R$ 2.500,00;;;;
HL9962; Android ;3;Beatriz;Li;76;01/07/2018;Recife;R$ 3.400,00;;;;
HL1918; iPhone ;2;Thiago;Costa;30;06/07/2018;Salvador;R$ 5.300,00;;;;
HL1918; iPhone ;4;Bianca;Paz;26;10/09/2018;Porto Alegre;R$ 5.300,00;;;;
HL9962; Android ;3;João;Ribeiro;75;10/24/2018;Rio de Janeiro;R$ 3.400,00;;;;
HL4379; Televisão ;2;Rafael;Rocha;72;10/31/2018;Salvador;R$ 2.500,00;;;;
HL1918; iPhone ;1;Luana;Santana;64;8/25/2018;Belo Horizonte;R$ 5.300,00;;;;
HL8851; Notebook ;5;Lucas;Freire;44;1/25/2018;Fortaleza;R$ 3.500,00;;;;
HL4379; Televisão ;5;Caio;Vianna;74;6/21/2018;Fortaleza;R$ 2.500,00;;;;
HL1148; Câmera ;2;Jonas;Gomes;84;3/16/2018;Salvador;R$ 2.100,00;;;;
HL1148; Câmera ;1;Camilla;Vieira;21;01/06/2018;São Paulo;R$ 2.100,00;;;;
HL9962; Android ;3;Tiago;Pereira;72;6/15/2018;São Paulo;R$ 3.400,00;;;;
HL8851; Notebook ;2;Isabella;Montanholi;57;05/02/2018;Salvador;R$ 3.500,00;;;;
HL4379; Televisão ;4;Ana;Júnior;71;12/03/2018;Recife;R$ 2.500,00;;;;
HL4379; Televisão ;5;Bruna;Londero;90;7/18/2018;Salvador;R$ 2.500,00;;;;
HL4379; Televisão ;3;Tayla;Lima;63;05/08/2018;Fortaleza;R$ 2.500,00;;;;
HL7348; SmartWatch ;5;Sandy;Figueiredo;75;3/26/2018;Porto Alegre;R$ 1.400,00;;;;
HL1148; Câmera ;4;Felipe;Mendonça;85;3/18/2018;Fortaleza;R$ 2.100,00;;;;
HL9962; Android ;1;Deysiane;Medronho;34;7/14/2018;Goiânia;R$ 3.400,00;;;;
HL1918; iPhone ;3;Laís;Oliveira;35;3/23/2018;Rio de Janeiro;R$ 5.300,00;;;;
HL9962; Android ;1;Eduardo;Nunes;34;5/16/2018;São Paulo;R$ 3.400,00;;;;
HL7348; SmartWatch ;3;Gabriel;Almeida;62;12/13/2018;Fortaleza;R$ 1.400,00;;;;
HL7348; SmartWatch ;2;Daniel;Nauenberg;56;1/13/2018;Rio de Janeiro;R$ 1.400,00;;;;
HL1918; iPhone ;3;Clara;Bruno;27;2/28/2018;Porto Alegre;R$ 5.300,00;;;;
HL9962; Android ;4;Pedro;Costa;58;11/29/2018;São Paulo;R$ 3.400,00;;;;
HL4379; Televisão ;1;Lucas;Coelho;72;11/10/2018;São Paulo;R$ 2.500,00;;;;
HL7348; SmartWatch ;5;Thaís;Pereira;37;12/02/2018;Curitiba;R$ 1.400,00;;;;
HL2714; Tablet ;4;Raphael;Ferman;50;6/27/2018;Goiânia;R$ 1.600,00;;;;
HL4379; Televisão ;5;Hanna;Fonseca;33;06/06/2018;Rio de Janeiro;R$ 2.500,00;;;;
HL1148; Câmera ;2;Luíza;Melo;26;4/22/2018;São Paulo;R$ 2.100,00;;;;
HL9962; Android ;5;João;Rodrigues;34;4/15/2018;Rio de Janeiro;R$ 3.400,00;;;;
HL1918; iPhone ;3;Diego;Marchesi;82;10/06/2018;Salvador;R$ 5.300,00;;;;
HL1918; iPhone ;3;Luiz;Freire;86;09/03/2018;Goiânia;R$ 5.300,00;;;;
HL9962; Android ;5;Brenno;Santos;47;7/23/2018;Fortaleza;R$ 3.400,00;;;;
HL1148; Câmera ;1;Lucas;Neto;36;02/04/2018;Curitiba;R$ 2.100,00;;;;
HL8851; Notebook ;4;Chan;Santos;55;01/07/2018;São Paulo;R$ 3.500,00;;;;
HL1918; iPhone ;1;Rachel;Restum;90;5/30/2018;Salvador;R$ 5.300,00;;;;
HL8851; Notebook ;4;Jackson;Derossi;20;03/07/2018;Belo Horizonte;R$ 3.500,00;;;;
HL7348; SmartWatch ;1;Rodrigo;Mendes;40;7/18/2018;São Paulo;R$ 1.400,00;;;;
HL2714; Tablet ;2;Pedro;Ferrari;34;10/29/2018;Fortaleza;R$ 1.600,00;;;;
HL8851; Notebook ;1;Cézar;Santos;75;12/13/2018;Curitiba;R$ 3.500,00;;;;
HL9962; Android ;2;Pedro;Oliveira;74;01/02/2018;Salvador;R$ 3.400,00;;;;
HL4379; Televisão ;2;Joao;Pereira;80;12/14/2018;Porto Alegre;R$ 2.500,00;;;;
HL9962; Android ;2;Thomáz;Rodriguez;51;11/28/2018;Salvador;R$ 3.400,00;;;;
HL1918; iPhone ;3;Wendela;Mariz;37;02/06/2018;São Paulo;R$ 5.300,00;;;;
HL1148; Câmera ;1;Fernanda;Coutinho;86;2/14/2018;Salvador;R$ 2.100,00;;;;
HL4379; Televisão ;5;Lais;Candido;78;12/28/2018;São Paulo;R$ 2.500,00;;;;
HL2714; Tablet ;2;Joao;Silva;29;9/20/2018;São Paulo;R$ 1.600,00;;;;
HL1918; iPhone ;1;Pedro;Lyra;29;11/25/2018;Recife;R$ 5.300,00;;;;
HL1148; Câmera ;5;Deysiane;Medronho;71;4/13/2018;Fortaleza;R$ 2.100,00;;;;
HL2714; Tablet ;2;Iuri;Barbosa;28;11/25/2018;Belo Horizonte;R$ 1.600,00;;;;
HL4379; Televisão ;3;Luiz;Almeida;59;12/29/2018;Goiânia;R$ 2.500,00;;;;
HL1918; iPhone ;2;Guilherme;Castilho;28;1/31/2018;Fortaleza;R$ 5.300,00;;;;
HL8851; Notebook ;3;Cícero;Ramos;72;09/09/2018;Goiânia;R$ 3.500,00;;;;
HL1148; Câmera ;3;Marcela;Gasperi;69;02/03/2018;Curitiba;R$ 2.100,00;;;;
HL7348; SmartWatch ;5;Thays;Castro;58;10/26/2018;Salvador;R$ 1.400,00;;;;
HL1148; Câmera ;3;Marcos;Nucci;57;11/07/2018;Curitiba;R$ 2.100,00;;;;
HL4379; Televisão ;1;Cassio;Faria;48;06/10/2018;Goiânia;R$ 2.500,00;;;;
HL8851; Notebook ;3;Ana;Silva;62;12/14/2018;Fortaleza;R$ 3.500,00;;;;
HL4379; Televisão ;5;Karina;Camara;35;08/09/2018;São Paulo;R$ 2.500,00;;;;
HL7348; SmartWatch ;5;Guilherme;Lima;27;2/28/2018;São Paulo;R$ 1.400,00;;;;
HL8851; Notebook ;3;Guilherme;Lima;35;06/10/2018;São Paulo;R$ 3.500,00;;;;
HL9962; Android ;2;Caio;Moura;72;9/15/2018;São Paulo;R$ 3.400,00;;;;
HL1918; iPhone ;4;Laura;Araujo;43;11/21/2018;São Paulo;R$ 5.300,00;;;;
HL1918; iPhone ;1;Thayna;Martins;49;03/08/2018;Salvador;R$ 5.300,00;;;;
HL1918; iPhone ;4;Bernard;Pedrosa;72;12/27/2018;Porto Alegre;R$ 5.300,00;;;;
HL4379; Televisão ;5;Kim;Ferreira;87;4/13/2018;São Paulo;R$ 2.500,00;;;;
HL1918; iPhone ;5;Lunna;Vannier;68;3/31/2018;Porto Alegre;R$ 5.300,00;;;;
HL1918; iPhone ;3;Gustavo;Erthal;53;09/02/2018;Porto Alegre;R$ 5.300,00;;;;
HL8851; Notebook ;3;Caio;Silva;63;01/06/2018;Fortaleza;R$ 3.500,00;;;;
HL1918; iPhone ;4;Caio;Vianna;66;4/28/2018;São Paulo;R$ 5.300,00;;;;
HL7348; SmartWatch ;4;Pedro;Macckione;31;9/13/2018;Porto Alegre;R$ 1.400,00;;;;
HL4379; Televisão ;3;Bruno;Mota;21;06/09/2018;Salvador;R$ 2.500,00;;;;
HL7348; SmartWatch ;3;Natali;Rangel;65;03/09/2018;Salvador;R$ 1.400,00;;;;
HL1918; iPhone ;1;José;Marques;63;9/18/2018;Fortaleza;R$ 5.300,00;;;;
HL7348; SmartWatch ;4;Ives;Barbosa;78;9/17/2018;Curitiba;R$ 1.400,00;;;;
HL4379; Televisão ;1;Gabriella;Lopes;55;02/10/2018;Rio de Janeiro;R$ 2.500,00;;;;
HL8851; Notebook ;4;Bianca;Piero;59;3/30/2018;São Paulo;R$ 3.500,00;;;;
HL4379; Televisão ;4;Carolina;Santos;60;11/24/2018;Belo Horizonte;R$ 2.500,00;;;;
HL8851; Notebook ;1;Giulia;Pessanha;73;8/24/2018;Curitiba;R$ 3.500,00;;;;
HL1918; iPhone ;3;João;Abraçado;69;06/10/2018;Recife;R$ 5.300,00;;;;
HL1918; iPhone ;3;Eduardo;Ferreira;75;02/03/2018;Rio de Janeiro;R$ 5.300,00;;;;
HL8851; Notebook ;3;Eduardo;Peluzo;59;2/20/2018;São Paulo;R$ 3.500,00;;;;
HL7348; SmartWatch ;2;Rubens;Valente;26;12/02/2018;Belo Horizonte;R$ 1.400,00;;;;
HL8851; Notebook ;1;Isabella;Montanholi;39;7/21/2018;São Paulo;R$ 3.500,00;;;;
HL7348; SmartWatch ;3;Thomaz;Ferreira;79;10/10/2018;São Paulo;R$ 1.400,00;;;;
HL1918; iPhone ;3;Carolina;Rocha;66;09/03/2018;Fortaleza;R$ 5.300,00;;;;
HL1918; iPhone ;3;Marina;Correa;86;7/25/2018;São Paulo;R$ 5.300,00;;;;
HL1918; iPhone ;1;Bianca;Paz;77;09/05/2018;São Paulo;R$ 5.300,00;;;;
HL1918; iPhone ;3;Arthur;Pereira;83;4/15/2018;Rio de Janeiro;R$ 5.300,00;;;;
HL8851; Notebook ;2;Mariana;Baptista;80;07/06/2018;Salvador;R$ 3.500,00;;;;
HL4379; Televisão ;4;Clarissa;Santos;65;04/08/2018;Rio de Janeiro;R$ 2.500,00;;;;
HL1918; iPhone ;3;Michelle;Pereira;48;09/11/2018;Fortaleza;R$ 5.300,00;;;;
HL1918; iPhone ;3;Lucas;Almeida;89;6/29/2018;Belo Horizonte;R$ 5.300,00;;;;
HL1918; iPhone ;3;Carolina;Motta;31;01/05/2018;São Paulo;R$ 5.300,00;;;;
HL4379; Televisão ;1;Isabela;Resende;26;12/20/2018;Belo Horizonte;R$ 2.500,00;;;;
HL8851; Notebook ;5;João;Araujo;42;3/20/2018;Belo Horizonte;R$ 3.500,00;;;;
HL7348; SmartWatch ;4;Marcelo;Guadagnino;58;07/04/2018;Recife;R$ 1.400,00;;;;
HL4379; Televisão ;4;Guilherme;Lima;22;10/23/2018;Fortaleza;R$ 2.500,00;;;;
HL8851; Notebook ;1;Thales;Portillo;23;10/06/2018;Porto Alegre;R$ 3.500,00;;;;
HL1918; iPhone ;1;Priscila;Garcia;29;12/16/2018;Rio de Janeiro;R$ 5.300,00;;;;
HL4379; Televisão ;2;Felipe;Mendonça;33;2/28/2018;Fortaleza;R$ 2.500,00;;;;
HL1148; Câmera ;1;Juan;Fernandes;49;05/05/2018;Salvador;R$ 2.100,00;;;;
HL4379; Televisão ;5;Thales;Portillo;84;7/31/2018;São Paulo;R$ 2.500,00;;;;
HL9962; Android ;1;Renan;Nascimento;34;8/16/2018;Rio de Janeiro;R$ 3.400,00;;;;
HL1918; iPhone ;3;Camilla;Cardeman;30;7/25/2018;Fortaleza;R$ 5.300,00;;;;
HL2714; Tablet ;5;Adrielle;Vieira;63;1/23/2018;São Paulo;R$ 1.600,00;;;;
HL7348; SmartWatch ;4;Ian;Almeida;56;04/09/2018;Fortaleza;R$ 1.400,00;;;;
HL1918; iPhone ;5;Pedro;Cardoso;86;11/17/2018;Rio de Janeiro;R$ 5.300,00;;;;
HL8851; Notebook ;3;Raphael;Mattos;27;8/19/2018;Fortaleza;R$ 3.500,00;;;;
HL1918; iPhone ;5;Wilson;Miranda;48;6/16/2018;Fortaleza;R$ 5.300,00;;;;
HL1918; iPhone ;2;Giovanna;Santos;54;01/04/2018;Recife;R$ 5.300,00;;;;
HL2714; Tablet ;4;Lucas;Rocha;75;12/12/2018;Fortaleza;R$ 1.600,00;;;;
HL8851; Notebook ;2;Gabrielle;Viríssimo;35;3/24/2018;Recife;R$ 3.500,00;;;;
HL1918; iPhone ;3;Adriane;Gomes;53;5/14/2018;Rio de Janeiro;R$ 5.300,00;;;;
HL8851; Notebook ;4;Gabriel;Assis;53;5/23/2018;Porto Alegre;R$ 3.500,00;;;;
HL1918; iPhone ;5;Gabriel;Rubim;25;9/13/2018;Rio de Janeiro;R$ 5.300,00;;;;
HL2714; Tablet ;5;Lucas;Junior;22;05/04/2018;São Paulo;R$ 1.600,00;;;;
HL7348; SmartWatch ;3;Isabel;Leite;81;4/13/2018;São Paulo;R$ 1.400,00;;;;
HL1918; iPhone ;5;Ana;Silva;89;3/25/2018;Goiânia;R$ 5.300,00;;;;
HL2714; Tablet ;2;Amanda;Procaci;67;6/20/2018;Fortaleza;R$ 1.600,00;;;;
HL9962; Android ;2;Juliana;Silva;24;12/06/2018;Salvador;R$ 3.400,00;;;;
HL7348; SmartWatch ;5;Thays;Castro;62;05/12/2018;São Paulo;R$ 1.400,00;;;;
HL8851; Notebook ;4;Carolina;Santos;25;6/21/2018;Rio de Janeiro;R$ 3.500,00;;;;
HL7348; SmartWatch ;3;Lucas;Villanova;55;11/26/2018;Porto Alegre;R$ 1.400,00;;;;
HL1918; iPhone ;2;Isabel;Leite;51;6/17/2018;São Paulo;R$ 5.300,00;;;;
HL1918; iPhone ;5;Diego;Barros;36;08/10/2018;Curitiba;R$ 5.300,00;;;;
HL9962; Android ;5;Jorge;Carvalho;30;09/08/2018;Recife;R$ 3.400,00;;;;
HL9962; Android ;1;Isabela;Resende;21;02/02/2018;Fortaleza;R$ 3.400,00;;;;
HL4379; Televisão ;4;Danilo;Rubim;88;3/23/2018;Recife;R$ 2.500,00;;;;
HL9962; Android ;3;Gabriela;Mello;61;12/03/2018;Porto Alegre;R$ 3.400,00;;;;
HL1918; iPhone ;2;Lucas;Monte;47;5/14/2018;Fortaleza;R$ 5.300,00;;;;
HL9962; Android ;4;Glenda;Santos;57;7/18/2018;São Paulo;R$ 3.400,00;;;;
HL4379; Televisão ;4;Rachel;Silva;39;2/17/2018;Rio de Janeiro;R$ 2.500,00;;;;
HL1918; iPhone ;1;Caio;Silva;47;1/22/2018;São Paulo;R$ 5.300,00;;;;
HL1918; iPhone ;2;Lorena;Kohn;75;3/16/2018;Fortaleza;R$ 5.300,00;;;;
HL4379; Televisão ;3;Jorge;Fonseca;74;04/02/2018;Fortaleza;R$ 2.500,00;;;;
HL4379; Televisão ;4;Anderson;Barreto;28;05/02/2018;Fortaleza;R$ 2.500,00;;;;
HL7348; SmartWatch ;2;Andressa;Nóbrega;35;11/03/2018;São Paulo;R$ 1.400,00;;;;
HL4379; Televisão ;4;Fernanda;Figueiredo;29;08/01/2018;Fortaleza;R$ 2.500,00;;;;
HL1918; iPhone ;5;Anna;Silva;27;04/11/2018;Fortaleza;R$ 5.300,00;;;;
HL1918; iPhone ;5;Ana;Silva;73;11/05/2018;Rio de Janeiro;R$ 5.300,00;;;;
HL2714; Tablet ;5;Izabel;Lopes;30;08/09/2018;São Paulo;R$ 1.600,00;;;;
HL1148; Câmera ;4;Hygor;Essaber;85;11/30/2018;Rio de Janeiro;R$ 2.100,00;;;;
HL2714; Tablet ;4;Matheus;Gomes;24;08/06/2018;Salvador;R$ 1.600,00;;;;
HL1918; iPhone ;3;Juliana;Barreira;43;04/08/2018;Porto Alegre;R$ 5.300,00;;;;
HL8851; Notebook ;2;Matheus;Silva;60;05/09/2018;São Paulo;R$ 3.500,00;;;;
HL2714; Tablet ;1;Giovanna;Santos;40;12/20/2018;Curitiba;R$ 1.600,00;;;;
HL7348; SmartWatch ;4;Clarissa;Santos;82;01/07/2018;Curitiba;R$ 1.400,00;;;;
HL1918; iPhone ;3;Ulisses;Quinto;37;10/10/2018;São Paulo;R$ 5.300,00;;;;
HL8851; Notebook ;3;Victor;Gomes;42;11/18/2018;São Paulo;R$ 3.500,00;;;;
HL4379; Televisão ;4;Jorge;Carvalho;59;4/17/2018;Curitiba;R$ 2.500,00;;;;
HL7348; SmartWatch ;1;João;Costa;63;3/15/2018;Belo Horizonte;R$ 1.400,00;;;;
HL8851; Notebook ;2;Raphael;Ferman;64;01/07/2018;São Paulo;R$ 3.500,00;;;;
HL9962; Android ;3;Adriane;Gomes;40;7/26/2018;Rio de Janeiro;R$ 3.400,00;;;;
HL8851; Notebook ;3;Lucas;Destri;19;3/28/2018;São Paulo;R$ 3.500,00;;;;
HL8851; Notebook ;4;Juliana;Correa;28;8/16/2018;São Paulo;R$ 3.500,00;;;;
HL2714; Tablet ;2;Luiza;Cabral;72;3/19/2018;São Paulo;R$ 1.600,00;;;;
HL4379; Televisão ;2;João;Matheus;37;06/11/2018;São Paulo;R$ 2.500,00;;;;
HL4379; Televisão ;4;Gabriel;Soares;50;10/03/2018;São Paulo;R$ 2.500,00;;;;
HL4379; Televisão ;4;Jéssica;Netto;44;02/10/2018;Salvador;R$ 2.500,00;;;;
HL4379; Televisão ;1;Fernanda;Figueiredo;38;10/31/2018;Fortaleza;R$ 2.500,00;;;;
HL4379; Televisão ;3;Beatriz;Li;63;05/10/2018;Recife;R$ 2.500,00;;;;
HL1918; iPhone ;4;Marcelo;Borges;39;08/11/2018;São Paulo;R$ 5.300,00;;;;
HL2714; Tablet ;5;Diego;Rodrigues;79;11/16/2018;Goiânia;R$ 1.600,00;;;;
HL1918; iPhone ;4;Rafael;Ramos;85;02/04/2018;Recife;R$ 5.300,00;;;;
HL8851; Notebook ;4;Priscila;Garcia;42;02/01/2018;Rio de Janeiro;R$ 3.500,00;;;;
HL9962; Android ;3;Natalia;Andrade;84;09/05/2018;São Paulo;R$ 3.400,00;;;;
HL1918; iPhone ;1;Juliana;Hollander;40;3/22/2018;São Paulo;R$ 5.300,00;;;;
HL2714; Tablet ;4;Amanda;Delgado;36;06/03/2018;Rio de Janeiro;R$ 1.600,00;;;;
HL8851; Notebook ;3;Anderson;Cavalcanti;51;6/27/2018;Belo Horizonte;R$ 3.500,00;;;;
HL7348; SmartWatch ;4;Luiza;Cabral;58;2/13/2018;Goiânia;R$ 1.400,00;;;;
HL1918; iPhone ;5;Pedro;Costa;66;6/23/2018;Goiânia;R$ 5.300,00;;;;
HL1918; iPhone ;5;Rafaela;Gonçalves;38;1/22/2018;São Paulo;R$ 5.300,00;;;;
HL2714; Tablet ;5;Julia;Penteado;36;10/28/2018;São Paulo;R$ 1.600,00;;;;
HL7348; SmartWatch ;3;Priscila;Carvalho;18;8/15/2018;São Paulo;R$ 1.400,00;;;;
HL9962; Android ;2;Carolina;Abrahão;58;9/26/2018;Belo Horizonte;R$ 3.400,00;;;;
HL7348; SmartWatch ;5;Tiago;Pereira;47;11/01/2018;Salvador;R$ 1.400,00;;;;
HL1918; iPhone ;1;Luis;Villanova;75;09/09/2018;Rio de Janeiro;R$ 5.300,00;;;;
HL1918; iPhone ;2;Luis;Silva;21;10/19/2018;Goiânia;R$ 5.300,00;;;;
HL2714; Tablet ;5;Stefan;Nunes;20;10/22/2018;Recife;R$ 1.600,00;;;;
HL8851; Notebook ;4;Thales;Andrade;20;5/14/2018;Fortaleza;R$ 3.500,00;;;;
HL8851; Notebook ;3;Nathan;Morelli;72;2/20/2018;Porto Alegre;R$ 3.500,00;;;;
HL8851; Notebook ;3;Patrick;Silva;83;1/18/2018;Porto Alegre;R$ 3.500,00;;;;
HL4379; Televisão ;2;Miguel;Carneiro;36;7/14/2018;São Paulo;R$ 2.500,00;;;;
HL7348; SmartWatch ;3;Rachel;Silva;29;1/14/2018;Rio de Janeiro;R$ 1.400,00;;;;
HL7348; SmartWatch ;1;Elena;Barreto;77;9/19/2018;Goiânia;R$ 1.400,00;;;;
HL1918; iPhone ;1;Raul;Junqueira;37;1/27/2018;Recife;R$ 5.300,00;;;;
HL8851; Notebook ;5;Rafaela;Ferreira;58;07/06/2018;Curitiba;R$ 3.500,00;;;;
HL1918; iPhone ;1;Lucas;Lima;40;7/19/2018;Rio de Janeiro;R$ 5.300,00;;;;
HL1148; Câmera ;3;Michelle;Pereira;51;5/24/2018;Porto Alegre;R$ 2.100,00;;;;
HL8851; Notebook ;1;Lívia;Marques;48;01/02/2018;Salvador;R$ 3.500,00;;;;
HL8851; Notebook ;5;Bruna;Rosa;22;7/29/2018;Rio de Janeiro;R$ 3.500,00;;;;
HL2714; Tablet ;2;Juan;Fernandes;71;12/04/2018;Rio de Janeiro;R$ 1.600,00;;;;
HL2714; Tablet ;2;Danilo;Alves;68;4/16/2018;Rio de Janeiro;R$ 1.600,00;;;;
HL1918; iPhone ;1;Mateus;Polastri;56;03/03/2018;Rio de Janeiro;R$ 5.300,00;;;;
HL1918; iPhone ;5;Matheus;Moraes;77;7/29/2018;São Paulo;R$ 5.300,00;;;;
HL4379; Televisão ;4;Daniel;Terra;22;02/06/2018;Salvador;R$ 2.500,00;;;;
HL4379; Televisão ;2;Mariana;Miranda;38;12/30/2018;Fortaleza;R$ 2.500,00;;;;
HL2714; Tablet ;5;Eduardo;Ferreira;61;2/26/2018;São Paulo;R$ 1.600,00;;;;
HL4379; Televisão ;2;Letícia;Araujo;83;3/24/2018;Fortaleza;R$ 2.500,00;;;;
HL7348; SmartWatch ;5;Ana;Gomes;39;7/21/2018;Salvador;R$ 1.400,00;;;;
HL1918; iPhone ;3;Júlia;Almeida;20;2/20/2018;Curitiba;R$ 5.300,00;;;;
HL2714; Tablet ;3;Lázaro;Nascimento;78;2/22/2018;Rio de Janeiro;R$ 1.600,00;;;;
HL1918; iPhone ;4;Fillipe;Almeida;69;4/29/2018;Rio de Janeiro;R$ 5.300,00;;;;
HL2714; Tablet ;4;Anna;Maia;18;10/11/2018;São Paulo;R$ 1.600,00;;;;
HL4379; Televisão ;1;Rubens;Valente;31;06/09/2018;Belo Horizonte;R$ 2.500,00;;;;
HL2714; Tablet ;1;Bruno;Barcessat;89;12/26/2018;São Paulo;R$ 1.600,00;;;;
HL1918; iPhone ;4;Fernanda;Rubim;29;6/24/2018;Porto Alegre;R$ 5.300,00;;;;
HL1148; Câmera ;1;Jonatas;Essaber;43;1/26/2018;São Paulo;R$ 2.100,00;;;;
HL1918; iPhone ;3;David;Vasconcelos;52;09/09/2018;Recife;R$ 5.300,00;;;;
HL7348; SmartWatch ;3;Luiza;Cabral;53;02/11/2018;Curitiba;R$ 1.400,00;;;;
HL1918; iPhone ;3;Victor;Franco;64;11/13/2018;Fortaleza;R$ 5.300,00;;;;
HL1918; iPhone ;3;Fernanda;Silva;56;5/24/2018;Porto Alegre;R$ 5.300,00;;;;
HL8851; Notebook ;3;Tadeu;Sousa;80;5/25/2018;Rio de Janeiro;R$ 3.500,00;;;;
HL8851; Notebook ;5;Marina;Gama;26;10/13/2018;Fortaleza;R$ 3.500,00;;;;
HL9962; Android ;5;Gabriel;Azevedo;81;10/27/2018;Salvador;R$ 3.400,00;;;;
HL8851; Notebook ;5;Deysiane;Bach;41;1/29/2018;Recife;R$ 3.500,00;;;;
HL2714; Tablet ;2;Giovanna;Santos;62;10/11/2018;Rio de Janeiro;R$ 1.600,00;;;;
HL4379; Televisão ;3;Beatriz;Silva;78;08/10/2018;Belo Horizonte;R$ 2.500,00;;;;
HL9962; Android ;1;Priscila;Garcia;77;10/02/2018;Fortaleza;R$ 3.400,00;;;;
HL4379; Televisão ;1;Ana;Leite;29;8/17/2018;Rio de Janeiro;R$ 2.500,00;;;;
HL1148; Câmera ;4;Sandy;Moreira;45;12/26/2018;Fortaleza;R$ 2.100,00;;;;
HL1918; iPhone ;5;Carolina;Rocha;83;11/21/2018;Rio de Janeiro;R$ 5.300,00;;;;
HL9962; Android ;4;José;Jesus;59;05/05/2018;São Paulo;R$ 3.400,00;;;;
HL1148; Câmera ;3;Ana;Felippe;48;04/11/2018;Goiânia;R$ 2.100,00;;;;
HL1918; iPhone ;3;Rafael;Wajnsztok;32;03/10/2018;Rio de Janeiro;R$ 5.300,00;;;;
HL7348; SmartWatch ;2;Alex;Fernandes;75;12/13/2018;Rio de Janeiro;R$ 1.400,00;;;;
HL1918; iPhone ;3;Rafaela;Rodrigues;69;01/02/2018;Recife;R$ 5.300,00;;;;
HL1918; iPhone ;3;Stephanie;Oliveira;84;06/09/2018;Fortaleza;R$ 5.300,00;;;;
HL2714; Tablet ;5;Caio;Silva;34;03/01/2018;Rio de Janeiro;R$ 1.600,00;;;;
HL9962; Android ;4;Rafael;Guimarães;83;7/23/2018;Curitiba;R$ 3.400,00;;;;
HL1918; iPhone ;2;Maria;Correa;54;10/27/2018;Fortaleza;R$ 5.300,00;;;;
HL4379; Televisão ;5;Manuela;Ferreira;86;3/29/2018;Belo Horizonte;R$ 2.500,00;;;;
HL9962; Android ;5;Lívia;Tanaka;33;8/14/2018;Salvador;R$ 3.400,00;;;;
HL1148; Câmera ;2;Patrícia;Fernandes;56;1/20/2018;Recife;R$ 2.100,00;;;;
HL1918; iPhone ;5;Cícero;Lima;88;06/11/2018;Rio de Janeiro;R$ 5.300,00;;;;
HL9962; Android ;2;João;Bach;40;3/26/2018;São Paulo;R$ 3.400,00;;;;
HL1918; iPhone ;4;Victor;Gomes;76;12/01/2018;Rio de Janeiro;R$ 5.300,00;;;;
HL4379; Televisão ;3;Alexandre;Dantas;81;5/21/2018;Fortaleza;R$ 2.500,00;;;;
HL4379; Televisão ;2;Danilo;Mendonça;25;10/08/2018;Goiânia;R$ 2.500,00;;;;
HL1918; iPhone ;4;José;Fonseca;24;7/26/2018;Rio de Janeiro;R$ 5.300,00;;;;
HL2714; Tablet ;3;Caroline;Pinto;64;05/06/2018;São Paulo;R$ 1.600,00;;;;
HL4379; Televisão ;5;Victor;Lira;70;8/15/2018;Curitiba;R$ 2.500,00;;;;
HL4379; Televisão ;1;Raul;Junqueira;86;6/16/2018;Rio de Janeiro;R$ 2.500,00;;;;
HL1918; iPhone ;3;Caroline;Aquino;72;03/04/2018;Rio de Janeiro;R$ 5.300,00;;;;
HL1918; iPhone ;4;Leticia;Mesquita;76;08/08/2018;Fortaleza;R$ 5.300,00;;;;
HL8851; Notebook ;2;Alexandre;Dantas;53;9/23/2018;Fortaleza;R$ 3.500,00;;;;
HL8851; Notebook ;2;Thaís;Pereira;54;4/19/2018;Recife;R$ 3.500,00;;;;
HL4379; Televisão ;5;Matheus;Moraes;67;08/07/2018;Recife;R$ 2.500,00;;;;
HL8851; Notebook ;1;Rogério;Pereira;75;04/12/2018;Goiânia;R$ 3.500,00;;;;
HL7348; SmartWatch ;4;Victor;Lira;19;6/21/2018;São Paulo;R$ 1.400,00;;;;
HL1918; iPhone ;2;Myllena;Corrêa;76;1/16/2018;Porto Alegre;R$ 5.300,00;;;;
HL7348; SmartWatch ;3;Julia;Teixeira;48;06/05/2018;Salvador;R$ 1.400,00;;;;
HL1148; Câmera ;2;Igor;Lima;59;9/20/2018;Rio de Janeiro;R$ 2.100,00;;;;
HL1918; iPhone ;3;Hanna;Fonseca;61;04/07/2018;Goiânia;R$ 5.300,00;;;;
HL1918; iPhone ;1;Luiz;Conceição;81;07/11/2018;Fortaleza;R$ 5.300,00;;;;
HL1918; iPhone ;5;Carlos;Silva;78;12/12/2018;Fortaleza;R$ 5.300,00;;;;
HL1918; iPhone ;2;Camilla;Guimarães;54;02/08/2018;Rio de Janeiro;R$ 5.300,00;;;;
HL2714; Tablet ;1;Rafaela;Gomes;55;2/28/2018;Goiânia;R$ 1.600,00;;;;
HL9962; Android ;3;Thomáz;Vannier;46;04/09/2018;Salvador;R$ 3.400,00;;;;
HL8851; Notebook ;2;Marcelo;Pereira;85;12/04/2018;Porto Alegre;R$ 3.500,00;;;;
HL9962; Android ;5;João;Monteiro;26;9/19/2018;Rio de Janeiro;R$ 3.400,00;;;;
HL2714; Tablet ;3;Dykson;Silva;42;04/11/2018;São Paulo;R$ 1.600,00;;;;
HL1918; iPhone ;3;Gabriela;Cavalcanti;64;1/20/2018;São Paulo;R$ 5.300,00;;;;
HL7348; SmartWatch ;2;Rafael;Guimarães;53;12/20/2018;Fortaleza;R$ 1.400,00;;;;
HL4379; Televisão ;5;Eduardo;Ferreira;63;03/06/2018;Curitiba;R$ 2.500,00;;;;
HL1918; iPhone ;2;Caio;Vianna;64;3/15/2018;Salvador;R$ 5.300,00;;;;
HL4379; Televisão ;1;Manuela;Merege;53;01/07/2018;Rio de Janeiro;R$ 2.500,00;;;;
HL8851; Notebook ;2;Julie;Ferreira;43;12/14/2018;Fortaleza;R$ 3.500,00;;;;
HL1918; iPhone ;3;Lucas;Costa;22;8/14/2018;São Paulo;R$ 5.300,00;;;;
HL7348; SmartWatch ;5;Carlos;Barbosa;65;07/05/2018;Belo Horizonte;R$ 1.400,00;;;;
HL7348; SmartWatch ;4;Gabriel;Thome;81;3/25/2018;São Paulo;R$ 1.400,00;;;;
HL4379; Televisão ;3;Camilla;Cardeman;48;03/02/2018;Porto Alegre;R$ 2.500,00;;;;
HL4379; Televisão ;2;Hércules;Moreira;26;9/16/2018;Recife;R$ 2.500,00;;;;
HL1918; iPhone ;5;Wilson;Vianna;80;6/18/2018;Fortaleza;R$ 5.300,00;;;;
HL2714; Tablet ;2;Aline;Morais;90;05/09/2018;Fortaleza;R$ 1.600,00;;;;
HL2714; Tablet ;2;Izabel;Lopes;59;05/12/2018;Porto Alegre;R$ 1.600,00;;;;
HL4379; Televisão ;3;Victor;Gomes;31;09/09/2018;São Paulo;R$ 2.500,00;;;;
HL1148; Câmera ;1;João;Matheus;52;06/01/2018;Recife;R$ 2.100,00;;;;
HL7348; SmartWatch ;1;Isabelle;Firmino;27;12/23/2018;Goiânia;R$ 1.400,00;;;;
HL1918; iPhone ;1;Lorena;Kohn;75;4/28/2018;Salvador;R$ 5.300,00;;;;
HL7348; SmartWatch ;1;Gabriel;Almeida;85;2/23/2018;Recife;R$ 1.400,00;;;;
HL9962; Android ;4;Alon;Palmeira;43;2/23/2018;Porto Alegre;R$ 3.400,00;;;;
HL1918; iPhone ;3;Rafael;Carneiro;36;5/16/2018;Rio de Janeiro;R$ 5.300,00;;;;
HL4379; Televisão ;3;Vivianne;Rodrigues;36;6/28/2018;Fortaleza;R$ 2.500,00;;;;
HL7348; SmartWatch ;5;Victor;Magalhães;77;8/14/2018;Fortaleza;R$ 1.400,00;;;;
HL9962; Android ;4;Fernanda;Junior;45;11/07/2018;Recife;R$ 3.400,00;;;;
HL1918; iPhone ;2;Gabrielle;Wanderley;20;10/22/2018;Fortaleza;R$ 5.300,00;;;;
HL1918; iPhone ;4;Sylvio;Bernhardt;28;9/16/2018;Curitiba;R$ 5.300,00;;;;
HL4379; Televisão ;3;Matheus;Ramos;28;05/03/2018;Rio de Janeiro;R$ 2.500,00;;;;
HL1918; iPhone ;1;Lucas;Baptista;88;07/06/2018;Salvador;R$ 5.300,00;;;;
HL7348; SmartWatch ;4;David;Campelo;41;07/04/2018;São Paulo;R$ 1.400,00;;;;
HL1148; Câmera ;3;Gabriel;Thoni;87;9/13/2018;Rio de Janeiro;R$ 2.100,00;;;;
HL4379; Televisão ;4;Caroline;Cavalcanti;66;02/11/2018;Fortaleza;R$ 2.500,00;;;;
HL2714; Tablet ;4;Gabriel;Pereira;20;12/05/2018;Recife;R$ 1.600,00;;;;
HL1918; iPhone ;3;Giovana;Vilela;75;2/17/2018;Fortaleza;R$ 5.300,00;;;;
HL4379; Televisão ;5;Dykson;Silva;84;2/15/2018;Recife;R$ 2.500,00;;;;
HL1918; iPhone ;2;Wendela;Veloso;81;4/14/2018;Fortaleza;R$ 5.300,00;;;;
HL1918; iPhone ;2;Marina;Perdomo;69;5/31/2018;Porto Alegre;R$ 5.300,00;;;;
HL8851; Notebook ;2;Eduardo;Pacheco;65;12/01/2018;Rio de Janeiro;R$ 3.500,00;;;;
HL1918; iPhone ;1;Bruna;Londero;51;07/01/2018;Salvador;R$ 5.300,00;;;;
HL4379; Televisão ;5;Thais;Rodrigues;87;08/07/2018;Salvador;R$ 2.500,00;;;;
HL4379; Televisão ;2;José;Marques;53;11/12/2018;Rio de Janeiro;R$ 2.500,00;;;;
HL1148; Câmera ;4;Guilherme;Monteiro;37;11/07/2018;São Paulo;R$ 2.100,00;;;;
HL7348; SmartWatch ;2;Gabriel;Brito;37;5/30/2018;Porto Alegre;R$ 1.400,00;;;;
HL8851; Notebook ;5;Andressa;Nóbrega;33;5/20/2018;Rio de Janeiro;R$ 3.500,00;;;;
HL4379; Televisão ;2;Andreza;Ramos;25;05/11/2018;Salvador;R$ 2.500,00;;;;
HL1918; iPhone ;5;Guilherme;Seixas;25;01/08/2018;Salvador;R$ 5.300,00;;;;
HL1918; iPhone ;3;João;Luz;53;9/30/2018;Belo Horizonte;R$ 5.300,00;;;;
HL1918; iPhone ;3;Jeferson;Sone;74;10/18/2018;Fortaleza;R$ 5.300,00;;;;
HL4379; Televisão ;5;Guilherme;Vianna;25;04/01/2018;Salvador;R$ 2.500,00;;;;
HL8851; Notebook ;5;Rebeca;Reis;44;3/17/2018;Fortaleza;R$ 3.500,00;;;;
HL1148; Câmera ;3;Erick;Soares;29;1/24/2018;Rio de Janeiro;R$ 2.100,00;;;;
HL7348; SmartWatch ;4;Marina;Correa;62;06/11/2018;Recife;R$ 1.400,00;;;;
HL1918; iPhone ;5;Patrícia;Fernandes;78;10/08/2018;Belo Horizonte;R$ 5.300,00;;;;
HL9962; Android ;5;Raísa;Rodrigues;29;12/29/2018;Fortaleza;R$ 3.400,00;;;;
HL1148; Câmera ;5;Ulisses;Filho;44;10/04/2018;Salvador;R$ 2.100,00;;;;
HL1918; iPhone ;5;Wendela;Veloso;34;09/05/2018;Goiânia;R$ 5.300,00;;;;
HL1918; iPhone ;3;Fernanda;Silva;67;12/19/2018;São Paulo;R$ 5.300,00;;;;
HL1148; Câmera ;3;Henrique;Oliveira;85;02/07/2018;Belo Horizonte;R$ 2.100,00;;;;
HL7348; SmartWatch ;4;Bianca;Allevato;26;3/23/2018;Recife;R$ 1.400,00;;;;
HL1148; Câmera ;5;Lucas;Rodrigues;27;5/27/2018;Salvador;R$ 2.100,00;;;;
HL2714; Tablet ;5;Kimberly;Sad;42;06/08/2018;Recife;R$ 1.600,00;;;;
HL1918; iPhone ;2;Marcos;Nucci;73;1/20/2018;São Paulo;R$ 5.300,00;;;;
HL8851; Notebook ;1;Luiza;Cavalcanti;66;1/18/2018;Belo Horizonte;R$ 3.500,00;;;;
HL2714; Tablet ;5;William;Mendonça;90;12/13/2018;Rio de Janeiro;R$ 1.600,00;;;;
HL7348; SmartWatch ;5;Carolina;Motta;33;8/27/2018;Porto Alegre;R$ 1.400,00;;;;
HL1918; iPhone ;5;Carolina;Figueiredo;76;1/13/2018;Salvador;R$ 5.300,00;;;;
HL9962; Android ;5;Anna;Silva;52;7/16/2018;Belo Horizonte;R$ 3.400,00;;;;
HL1918; iPhone ;3;Bruno;Temporal;70;6/25/2018;São Paulo;R$ 5.300,00;;;;
HL1918; iPhone ;2;David;Campelo;28;12/26/2018;Rio de Janeiro;R$ 5.300,00;;;;
HL1918; iPhone ;1;Thomáz;Vannier;43;10/28/2018;Rio de Janeiro;R$ 5.300,00;;;;
HL1918; iPhone ;2;Joana;Calmon;39;9/29/2018;Salvador;R$ 5.300,00;;;;
HL2714; Tablet ;2;Raissa;Pinheiro;60;12/13/2018;São Paulo;R$ 1.600,00;;;;
HL8851; Notebook ;4;Ives;Pinheiro;82;12/14/2018;São Paulo;R$ 3.500,00;;;;
HL4379; Televisão ;4;Marina;Mesquita;65;02/02/2018;Recife;R$ 2.500,00;;;;
HL1918; iPhone ;2;Victor;Gomes;26;6/22/2018;Goiânia;R$ 5.300,00;;;;
HL2714; Tablet ;3;Pedro;Sena;24;06/10/2018;Fortaleza;R$ 1.600,00;;;;
HL8851; Notebook ;4;Camilla;Guimarães;42;05/09/2018;Fortaleza;R$ 3.500,00;;;;
HL4379; Televisão ;5;Arthur;Souza;20;4/23/2018;São Paulo;R$ 2.500,00;;;;
HL9962; Android ;1;João;Rodrigues;63;9/20/2018;Rio de Janeiro;R$ 3.400,00;;;;
HL8851; Notebook ;5;Luiza;Marques;60;07/06/2018;Salvador;R$ 3.500,00;;;;
HL2714; Tablet ;2;Elaine;Santos;76;10/04/2018;São Paulo;R$ 1.600,00;;;;
HL1918; iPhone ;4;Rubens;Valente;72;3/28/2018;Porto Alegre;R$ 5.300,00;;;;
HL4379; Televisão ;2;Leandro;Ferreira;24;4/21/2018;Salvador;R$ 2.500,00;;;;
HL1918; iPhone ;4;Giuseppe;Bhering;57;01/07/2018;Rio de Janeiro;R$ 5.300,00;;;;
HL9962; Android ;3;Pedro;Ronfini;19;6/23/2018;Fortaleza;R$ 3.400,00;;;;
HL2714; Tablet ;1;Raissa;Sales;86;12/20/2018;Rio de Janeiro;R$ 1.600,00;;;;
HL1918; iPhone ;5;Matheus;Miranda;28;10/02/2018;Salvador;R$ 5.300,00;;;;
HL9962; Android ;3;Gabrielle;Silva;41;07/05/2018;Recife;R$ 3.400,00;;;;
HL1918; iPhone ;4;Gabriel;Almeida;38;12/23/2018;Salvador;R$ 5.300,00;;;;
HL8851; Notebook ;2;Alon;Palmeira;24;9/14/2018;Fortaleza;R$ 3.500,00;;;;
HL4379; Televisão ;3;José;Marques;61;11/13/2018;Salvador;R$ 2.500,00;;;;
HL7348; SmartWatch ;4;Sandy;Figueiredo;25;9/18/2018;Salvador;R$ 1.400,00;;;;
HL2714; Tablet ;5;Priscila;Carvalho;78;03/08/2018;Recife;R$ 1.600,00;;;;
HL9962; Android ;1;Sandy;Figueiredo;46;12/03/2018;Curitiba;R$ 3.400,00;;;;
HL4379; Televisão ;1;Platini;Heimlich;84;07/05/2018;Salvador;R$ 2.500,00;;;;
HL7348; SmartWatch ;5;Gabrielle;Porto;48;2/25/2018;São Paulo;R$ 1.400,00;;;;
HL1918; iPhone ;5;Caio;Caldas;78;5/13/2018;Belo Horizonte;R$ 5.300,00;;;;
HL1918; iPhone ;4;Ives;Teixeira;58;03/07/2018;Curitiba;R$ 5.300,00;;;;
HL1918; iPhone ;3;Renan;Nascimento;21;6/25/2018;Salvador;R$ 5.300,00;;;;
HL7348; SmartWatch ;2;Dykson;Silva;26;11/30/2018;Rio de Janeiro;R$ 1.400,00;;;;
HL1918; iPhone ;5;Ana;Carvalho;74;7/17/2018;São Paulo;R$ 5.300,00;;;;
HL2714; Tablet ;5;Patrick;Silva;29;09/09/2018;São Paulo;R$ 1.600,00;;;;
HL9962; Android ;4;Gabrielle;Vasconcelos;36;2/28/2018;São Paulo;R$ 3.400,00;;;;
HL4379; Televisão ;4;Bruno;Oliveira;74;9/27/2018;São Paulo;R$ 2.500,00;;;;
HL7348; SmartWatch ;4;Ana;Soledade;60;6/23/2018;Belo Horizonte;R$ 1.400,00;;;;
HL8851; Notebook ;1;Camille;Silva;23;08/12/2018;São Paulo;R$ 3.500,00;;;;
HL4379; Televisão ;1;David;Vasconcelos;74;9/18/2018;Belo Horizonte;R$ 2.500,00;;;;
HL1918; iPhone ;4;Rodrigo;Silva;31;09/11/2018;São Paulo;R$ 5.300,00;;;;
HL9962; Android ;2;Jeferson;Sone;68;08/10/2018;Rio de Janeiro;R$ 3.400,00;;;;
HL4379; Televisão ;5;Roger;Rosa;51;06/07/2018;Salvador;R$ 2.500,00;;;;
HL2714; Tablet ;2;Bruno;Salomão;47;09/05/2018;Rio de Janeiro;R$ 1.600,00;;;;
HL4379; Televisão ;3;Roberto;Mattos;18;8/27/2018;São Paulo;R$ 2.500,00;;;;
HL7348; SmartWatch ;3;Lívia;Tanaka;21;12/23/2018;Salvador;R$ 1.400,00;;;;
HL9962; Android ;5;Camille;Silva;20;09/02/2018;Rio de Janeiro;R$ 3.400,00;;;;
HL7348; SmartWatch ;2;Carolina;Motta;89;5/24/2018;Porto Alegre;R$ 1.400,00;;;;
HL1148; Câmera ;3;Manuela;Merege;54;12/09/2018;São Paulo;R$ 2.100,00;;;;
HL2714; Tablet ;5;João;Fonseca;45;07/10/2018;Belo Horizonte;R$ 1.600,00;;;;
HL1918; iPhone ;2;Roger;Rosa;57;9/18/2018;São Paulo;R$ 5.300,00;;;;
HL9962; Android ;5;Lorena;Carvalho;25;4/25/2018;Fortaleza;R$ 3.400,00;;;;
HL1918; iPhone ;1;Carolina;Santos;74;2/18/2018;Recife;R$ 5.300,00;;;;
HL9962; Android ;1;Glenda;Santos;61;10/15/2018;Goiânia;R$ 3.400,00;;;;
HL4379; Televisão ;3;Thiago;Veloso;63;5/20/2018;Salvador;R$ 2.500,00;;;;
HL8851; Notebook ;3;Fernanda;Bhering;78;01/12/2018;São Paulo;R$ 3.500,00;;;;
HL9962; Android ;1;Matheus;Delgado;49;3/16/2018;Porto Alegre;R$ 3.400,00;;;;
HL1148; Câmera ;4;Jéssica;Teixeira;63;12/20/2018;São Paulo;R$ 2.100,00;;;;
HL1918; iPhone ;2;Lucas;Junior;56;12/01/2018;São Paulo;R$ 5.300,00;;;;
HL1918; iPhone ;2;Pedro;Rodrigues;19;5/29/2018;Recife;R$ 5.300,00;;;;
HL9962; Android ;1;Juan;Fernandes;41;1/24/2018;Goiânia;R$ 3.400,00;;;;
HL1918; iPhone ;1;Jeferson;Sone;21;9/15/2018;São Paulo;R$ 5.300,00;;;;
HL1148; Câmera ;1;Mariana;Baptista;39;8/21/2018;Recife;R$ 2.100,00;;;;
HL7348; SmartWatch ;2;Beatriz;Rodrigues;78;5/26/2018;São Paulo;R$ 1.400,00;;;;
HL8851; Notebook ;2;Lorena;Kohn;45;03/12/2018;São Paulo;R$ 3.500,00;;;;
HL4379; Televisão ;5;João;Guadagnino;65;9/15/2018;Fortaleza;R$ 2.500,00;;;;
HL1918; iPhone ;3;Caroline;Pinto;64;7/13/2018;Fortaleza;R$ 5.300,00;;;;
HL1918; iPhone ;5;Adrielle;Vieira;57;12/15/2018;Porto Alegre;R$ 5.300,00;;;;
HL1918; iPhone ;2;Luíza;Melo;69;05/01/2018;São Paulo;R$ 5.300,00;;;;
HL4379; Televisão ;1;João;Tabet;31;09/10/2018;Rio de Janeiro;R$ 2.500,00;;;;
HL1918; iPhone ;2;Felipe;Mello;23;2/28/2018;Fortaleza;R$ 5.300,00;;;;
HL1918; iPhone ;1;Gabrielle;Figueiredo;82;7/25/2018;Goiânia;R$ 5.300,00;;;;
HL2714; Tablet ;2;Julia;Leite;25;03/04/2018;Curitiba;R$ 1.600,00;;;;
HL1148; Câmera ;1;Silvio;Provenzano;58;4/15/2018;Curitiba;R$ 2.100,00;;;;
HL1918; iPhone ;5;Amanda;Felippe;75;10/05/2018;Porto Alegre;R$ 5.300,00;;;;
HL1918; iPhone ;4;Karina;Camara;89;07/02/2018;Rio de Janeiro;R$ 5.300,00;;;;
HL1918; iPhone ;3;Matheus;Sapir;55;03/02/2018;Rio de Janeiro;R$ 5.300,00;;;;
HL1918; iPhone ;1;Gabriela;Fernandes;79;5/18/2018;São Paulo;R$ 5.300,00;;;;
HL9962; Android ;2;Fabio;Sepúlveda;87;9/28/2018;Belo Horizonte;R$ 3.400,00;;;;
HL1918; iPhone ;2;Dykson;Silva;88;09/02/2018;Fortaleza;R$ 5.300,00;;;;
HL7348; SmartWatch ;1;Wen;Santos;53;03/08/2018;Salvador;R$ 1.400,00;;;;
HL1918; iPhone ;5;Izabel;Miura;22;7/19/2018;São Paulo;R$ 5.300,00;;;;
HL8851; Notebook ;1;Isabelle;Firmino;73;11/17/2018;Curitiba;R$ 3.500,00;;;;
HL8851; Notebook ;4;Jonatas;Essaber;67;08/04/2018;Fortaleza;R$ 3.500,00;;;;
HL1918; iPhone ;1;Pedro;Rodrigues;82;9/25/2018;São Paulo;R$ 5.300,00;;;;
HL1918; iPhone ;4;Raíza;Lopes;25;5/14/2018;Salvador;R$ 5.300,00;;;;
HL4379; Televisão ;2;Leticia;Mesquita;19;1/15/2018;São Paulo;R$ 2.500,00;;;;
HL1918; iPhone ;4;Carolina;Rachide;50;05/11/2018;Rio de Janeiro;R$ 5.300,00;;;;
HL9962; Android ;3;Gabrielle;Viríssimo;44;5/29/2018;Rio de Janeiro;R$ 3.400,00;;;;
HL1918; iPhone ;5;Natalia;Accioly;30;06/06/2018;São Paulo;R$ 5.300,00;;;;
HL1918; iPhone ;5;Jeferson;Costa;32;1/15/2018;Porto Alegre;R$ 5.300,00;;;;
HL8851; Notebook ;5;Gabriel;Assis;44;12/04/2018;Goiânia;R$ 3.500,00;;;;
HL1918; iPhone ;3;Rebeca;Manhães;81;07/09/2018;Recife;R$ 5.300,00;;;;
HL8851; Notebook ;1;Diego;Mello;53;5/27/2018;Goiânia;R$ 3.500,00;;;;
HL2714; Tablet ;5;Carolina;Costa;43;3/25/2018;Rio de Janeiro;R$ 1.600,00;;;;
HL8851; Notebook ;1;Vinícius;Antunes;66;5/28/2018;Rio de Janeiro;R$ 3.500,00;;;;
HL1918; iPhone ;2;Carlos;Araujo;45;6/19/2018;São Paulo;R$ 5.300,00;;;;
HL4379; Televisão ;4;Paola;Abreu;19;04/03/2018;Rio de Janeiro;R$ 2.500,00;;;;
HL4379; Televisão ;2;Beatriz;Silva;45;1/19/2018;Rio de Janeiro;R$ 2.500,00;;;;
HL7348; SmartWatch ;3;Leandro;Melo;54;1/31/2018;Curitiba;R$ 1.400,00;;;;
HL4379; Televisão ;4;Wen;Braga;66;5/14/2018;Belo Horizonte;R$ 2.500,00;;;;
HL2714; Tablet ;5;Daniela;Rosa;66;3/28/2018;São Paulo;R$ 1.600,00;;;;
HL1148; Câmera ;5;Gabriela;Mello;75;03/10/2018;São Paulo;R$ 2.100,00;;;;
HL8851; Notebook ;4;Camila;Bastazini;60;3/23/2018;Porto Alegre;R$ 3.500,00;;;;
HL1918; iPhone ;1;Paula;Isbelle;81;06/07/2018;Porto Alegre;R$ 5.300,00;;;;
HL7348; SmartWatch ;4;Giulia;Lopes;62;5/18/2018;Rio de Janeiro;R$ 1.400,00;;;;
HL1148; Câmera ;4;João;Júnior;23;2/28/2018;Rio de Janeiro;R$ 2.100,00;;;;
HL1148; Câmera ;1;Luiz;Campista;57;12/18/2018;Rio de Janeiro;R$ 2.100,00;;;;
HL1918; iPhone ;4;Bernardo;Nauenberg;52;9/18/2018;Belo Horizonte;R$ 5.300,00;;;;
HL4379; Televisão ;2;Maria;Cardoso;39;12/12/2018;Curitiba;R$ 2.500,00;;;;
HL8851; Notebook ;4;Lucas;Rodrigues;48;02/12/2018;Rio de Janeiro;R$ 3.500,00;;;;
HL1918; iPhone ;4;Nathalia;Ventura;68;5/19/2018;São Paulo;R$ 5.300,00;;;;
HL2714; Tablet ;2;Fabio;Boccaletti;84;5/23/2018;Rio de Janeiro;R$ 1.600,00;;;;
HL1918; iPhone ;4;Amanda;Braga;81;04/06/2018;Rio de Janeiro;R$ 5.300,00;;;;
HL1148; Câmera ;3;Juan;Barbosa;75;8/19/2018;Rio de Janeiro;R$ 2.100,00;;;;
HL1148; Câmera ;1;Bruna;Londero;67;05/02/2018;São Paulo;R$ 2.100,00;;;;
HL4379; Televisão ;3;Deysiane;Medronho;83;12/20/2018;Rio de Janeiro;R$ 2.500,00;;;;
HL8851; Notebook ;3;Lucas;Machado;86;02/02/2018;São Paulo;R$ 3.500,00;;;;
HL1918; iPhone ;4;Letícia;Leal;55;12/14/2018;Rio de Janeiro;R$ 5.300,00;;;;
HL2714; Tablet ;2;Joyce;Souza;44;5/16/2018;Goiânia;R$ 1.600,00;;;;
HL4379; Televisão ;2;João;Abraçado;54;9/21/2018;Belo Horizonte;R$ 2.500,00;;;;
HL1148; Câmera ;1;Letícia;Rodrigues;48;11/05/2018;Fortaleza;R$ 2.100,00;;;;
HL9962; Android ;5;Carlos;Souza;77;1/31/2018;São Paulo;R$ 3.400,00;;;;
HL1148; Câmera ;4;Breno;Quinto;33;01/07/2018;Rio de Janeiro;R$ 2.100,00;;;;
HL4379; Televisão ;2;Livia;Codeceira;89;7/25/2018;Porto Alegre;R$ 2.500,00;;;;
HL1148; Câmera ;4;Fernanda;Silva;22;1/13/2018;Curitiba;R$ 2.100,00;;;;
HL4379; Televisão ;5;Roberto;Nogueira;31;06/06/2018;Fortaleza;R$ 2.500,00;;;;
HL1918; iPhone ;2;Guilherme;Rachide;75;8/20/2018;Fortaleza;R$ 5.300,00;;;;
HL2714; Tablet ;4;Daniel;Ortiz;59;3/20/2018;Rio de Janeiro;R$ 1.600,00;;;;
HL1918; iPhone ;2;Thomáz;Rodriguez;87;02/08/2018;Rio de Janeiro;R$ 5.300,00;;;;
HL4379; Televisão ;3;Luis;Silva;51;2/16/2018;Rio de Janeiro;R$ 2.500,00;;;;
HL1918; iPhone ;4;Luiz;Almeida;19;02/07/2018;Rio de Janeiro;R$ 5.300,00;;;;
HL1918; iPhone ;1;José;Marques;50;9/13/2018;Salvador;R$ 5.300,00;;;;
HL2714; Tablet ;1;Raul;Junqueira;25;3/27/2018;Fortaleza;R$ 1.600,00;;;;
HL1918; iPhone ;4;Gabriel;Rocha;76;10/27/2018;São Paulo;R$ 5.300,00;;;;
HL8851; Notebook ;4;Lenon;Fernandes;41;3/27/2018;Rio de Janeiro;R$ 3.500,00;;;;
HL1918; iPhone ;4;Andre;Nóbrega;84;1/23/2018;Recife;R$ 5.300,00;;;;
HL7348; SmartWatch ;4;Beatriz;Li;71;6/15/2018;São Paulo;R$ 1.400,00;;;;
HL1918; iPhone ;5;Ana;Felippe;86;9/27/2018;Recife;R$ 5.300,00;;;;
HL1148; Câmera ;2;Jônatas;Tanaka;34;01/12/2018;Belo Horizonte;R$ 2.100,00;;;;
HL1918; iPhone ;2;Victor;Oliveira;81;04/02/2018;Salvador;R$ 5.300,00;;;;
HL8851; Notebook ;2;Lucas;Lima;64;12/28/2018;Fortaleza;R$ 3.500,00;;;;
HL7348; SmartWatch ;5;Felipe;Mendonça;68;10/31/2018;Salvador;R$ 1.400,00;;;;
HL1918; iPhone ;4;Gabrielle;Wanderley;34;1/17/2018;Rio de Janeiro;R$ 5.300,00;;;;
HL1918; iPhone ;1;Carolina;Vasconcelos;38;12/10/2018;Fortaleza;R$ 5.300,00;;;;
HL8851; Notebook ;2;Vitor;Arruda;37;01/07/2018;Porto Alegre;R$ 3.500,00;;;;
HL2714; Tablet ;1;Carolina;Siqueira;26;2/26/2018;Rio de Janeiro;R$ 1.600,00;;;;
HL9962; Android ;3;Lucas;Wanderley;75;9/25/2018;Fortaleza;R$ 3.400,00;;;;
HL9962; Android ;2;Julie;Ferreira;47;10/08/2018;Porto Alegre;R$ 3.400,00;;;;
HL9962; Android ;5;Carolina;Motta;87;8/22/2018;Porto Alegre;R$ 3.400,00;;;;
HL4379; Televisão ;3;Rafaela;Ferreira;84;1/17/2018;Salvador;R$ 2.500,00;;;;
HL1918; iPhone ;2;Adrielle;Vieira;69;10/05/2018;Rio de Janeiro;R$ 5.300,00;;;;
HL4379; Televisão ;2;Cícero;Lima;83;11/10/2018;Recife;R$ 2.500,00;;;;
HL1148; Câmera ;5;Camilla;Guimarães;19;1/18/2018;Recife;R$ 2.100,00;;;;
HL7348; SmartWatch ;1;Fernanda;Coutinho;68;11/28/2018;Belo Horizonte;R$ 1.400,00;;;;
HL2714; Tablet ;3;Carolina;Bernardes;83;7/23/2018;Goiânia;R$ 1.600,00;;;;
HL8851; Notebook ;2;Lenon;Fernandes;24;09/01/2018;Curitiba;R$ 3.500,00;;;;
HL4379; Televisão ;1;Pedro;Buraco;47;7/23/2018;São Paulo;R$ 2.500,00;;;;
HL1918; iPhone ;1;Diego;Rodrigues;83;2/16/2018;Salvador;R$ 5.300,00;;;;
HL1148; Câmera ;5;Tiago;Pereira;18;6/14/2018;Fortaleza;R$ 2.100,00;;;;
HL8851; Notebook ;2;Gustavo;Accardo;25;2/28/2018;Recife;R$ 3.500,00;;;;
HL9962; Android ;1;Maria;Costa;83;11/24/2018;Belo Horizonte;R$ 3.400,00;;;;
HL2714; Tablet ;4;Luiz;Freire;38;4/23/2018;Fortaleza;R$ 1.600,00;;;;
HL2714; Tablet ;3;Juliana;Goes;27;6/26/2018;São Paulo;R$ 1.600,00;;;;
HL1148; Câmera ;4;Bruna;Chein;87;6/18/2018;São Paulo;R$ 2.100,00;;;;
HL4379; Televisão ;2;Matheus;Santos;78;11/27/2018;São Paulo;R$ 2.500,00;;;;
HL1918; iPhone ;5;Larissa;Jesus;29;11/25/2018;Salvador;R$ 5.300,00;;;;
HL7348; SmartWatch ;5;Andressa;Nóbrega;78;3/28/2018;Recife;R$ 1.400,00;;;;
HL2714; Tablet ;5;Gabrielle;Figueiredo;31;07/09/2018;São Paulo;R$ 1.600,00;;;;
HL2714; Tablet ;1;Tadeu;Nakayama;38;11/08/2018;Fortaleza;R$ 1.600,00;;;;
HL4379; Televisão ;1;Daniel;Cardoso;54;10/05/2018;Porto Alegre;R$ 2.500,00;;;;
HL8851; Notebook ;2;Daniel;Cardoso;83;03/04/2018;Goiânia;R$ 3.500,00;;;;
HL1918; iPhone ;2;Eduardo;Silva;22;9/28/2018;São Paulo;R$ 5.300,00;;;;
HL1918; iPhone ;5;Anderson;Barreto;88;08/11/2018;Recife;R$ 5.300,00;;;;
HL9962; Android ;3;Natalia;Accioly;31;07/12/2018;São Paulo;R$ 3.400,00;;;;
HL1918; iPhone ;1;Hércules;Júnior;22;08/10/2018;Salvador;R$ 5.300,00;;;;
HL4379; Televisão ;5;Breno;Farias;39;03/11/2018;São Paulo;R$ 2.500,00;;;;
HL1918; iPhone ;1;Caio;Moraes;55;10/06/2018;Salvador;R$ 5.300,00;;;;
HL1148; Câmera ;1;Rodrigo;Bruno;37;5/14/2018;Porto Alegre;R$ 2.100,00;;;;
HL1918; iPhone ;1;José;Carvalho;22;8/15/2018;Rio de Janeiro;R$ 5.300,00;;;;
HL9962; Android ;2;Julia;Aliani;69;5/18/2018;Fortaleza;R$ 3.400,00;;;;
HL1148; Câmera ;3;Felipe;Jorge;25;11/04/2018;São Paulo;R$ 2.100,00;;;;
HL2714; Tablet ;2;Gabriella;Lopes;83;8/24/2018;Goiânia;R$ 1.600,00;;;;
HL1148; Câmera ;1;Anna;Maia;41;12/26/2018;Fortaleza;R$ 2.100,00;;;;
HL9962; Android ;3;Matheus;Silva;64;5/31/2018;Salvador;R$ 3.400,00;;;;
HL4379; Televisão ;3;Beatriz;Perdomo;54;06/04/2018;Belo Horizonte;R$ 2.500,00;;;;
HL1148; Câmera ;2;Stephanie;Gonçalves;31;06/10/2018;São Paulo;R$ 2.100,00;;;;
HL1918; iPhone ;4;Daniel;Cardoso;23;11/04/2018;Fortaleza;R$ 5.300,00;;;;
HL2714; Tablet ;3;Guilherme;Santos;64;12/22/2018;São Paulo;R$ 1.600,00;;;;
HL1148; Câmera ;5;Eduardo;Pacheco;67;02/03/2018;São Paulo;R$ 2.100,00;;;;
HL1918; iPhone ;1;Gabriel;Puntel;71;02/06/2018;Belo Horizonte;R$ 5.300,00;;;;
HL1148; Câmera ;5;Jonatas;Passos;70;7/27/2018;Recife;R$ 2.100,00;;;;
HL7348; SmartWatch ;4;Milena;Almeida;51;04/02/2018;Rio de Janeiro;R$ 1.400,00;;;;
HL1918; iPhone ;2;Carlos;Barbosa;55;8/22/2018;Recife;R$ 5.300,00;;;;
HL9962; Android ;5;Isabella;Santos;25;5/30/2018;Goiânia;R$ 3.400,00;;;;
HL4379; Televisão ;5;Jorge;Carvalho;69;2/15/2018;Fortaleza;R$ 2.500,00;;;;
HL4379; Televisão ;3;Carla;Zakhm;85;7/20/2018;São Paulo;R$ 2.500,00;;;;
HL1918; iPhone ;2;Aline;Morais;18;2/27/2018;São Paulo;R$ 5.300,00;;;;
HL1918; iPhone ;2;João;Matheus;42;6/30/2018;São Paulo;R$ 5.300,00;;;;
HL7348; SmartWatch ;2;Lucas;Rodrigues;62;10/28/2018;Belo Horizonte;R$ 1.400,00;;;;
HL2714; Tablet ;2;Bruno;Oliveira;25;6/27/2018;Recife;R$ 1.600,00;;;;
HL7348; SmartWatch ;5;Willian;Albino;35;4/25/2018;Goiânia;R$ 1.400,00;;;;
HL1918; iPhone ;2;Luana;Santos;25;09/12/2018;Rio de Janeiro;R$ 5.300,00;;;;
HL4379; Televisão ;1;Karina;Camara;81;9/28/2018;São Paulo;R$ 2.500,00;;;;
HL8851; Notebook ;2;João;Capitulo;44;7/30/2018;Fortaleza;R$ 3.500,00;;;;
HL1148; Câmera ;2;Rafael;Rocha;35;3/17/2018;Fortaleza;R$ 2.100,00;;;;
HL7348; SmartWatch ;4;Luiz;Limp;46;2/17/2018;Salvador;R$ 1.400,00;;;;
HL7348; SmartWatch ;3;Carolina;Costa;45;03/06/2018;Salvador;R$ 1.400,00;;;;
HL7348; SmartWatch ;1;Izabel;Lopes;25;08/02/2018;Curitiba;R$ 1.400,00;;;;
HL8851; Notebook ;1;Camila;Sobral;67;12/19/2018;Fortaleza;R$ 3.500,00;;;;
HL4379; Televisão ;3;Victor;Corrêa;40;5/13/2018;Recife;R$ 2.500,00;;;;
HL1148; Câmera ;3;Julia;Leig;37;04/12/2018;Recife;R$ 2.100,00;;;;
HL4379; Televisão ;2;Raphael;Guedes;23;02/11/2018;Belo Horizonte;R$ 2.500,00;;;;
HL8851; Notebook ;1;Ulisses;Quinto;65;11/08/2018;Salvador;R$ 3.500,00;;;;
HL7348; SmartWatch ;1;Beatriz;Rocha;90;3/21/2018;Recife;R$ 1.400,00;;;;
HL9962; Android ;5;Bruno;Oliveira;30;11/25/2018;Fortaleza;R$ 3.400,00;;;;
HL1918; iPhone ;1;Pedro;Rodrigues;74;1/24/2018;Rio de Janeiro;R$ 5.300,00;;;;
HL4379; Televisão ;4;Alon;Fahrnholz;56;8/21/2018;Rio de Janeiro;R$ 2.500,00;;;;
HL1918; iPhone ;5;Pedro;Ronfini;66;09/09/2018;Goiânia;R$ 5.300,00;;;;
HL4379; Televisão ;1;Caio;Caldas;35;3/20/2018;Rio de Janeiro;R$ 2.500,00;;;;
HL4379; Televisão ;3;Victor;Lira;27;3/16/2018;Rio de Janeiro;R$ 2.500,00;;;;
HL8851; Notebook ;3;Jônatas;Soares;28;4/30/2018;São Paulo;R$ 3.500,00;;;;
HL1918; iPhone ;5;Joao;Pereira;59;1/30/2018;Porto Alegre;R$ 5.300,00;;;;
HL4379; Televisão ;3;Marianna;Pestana;31;3/21/2018;Recife;R$ 2.500,00;;;;
HL9962; Android ;2;João;Monteiro;42;4/27/2018;Fortaleza;R$ 3.400,00;;;;
HL2714; Tablet ;2;Nicolas;Monteiro;63;12/19/2018;São Paulo;R$ 1.600,00;;;;
HL1918; iPhone ;4;Larissa;Jesus;63;12/21/2018;Belo Horizonte;R$ 5.300,00;;;;
HL1918; iPhone ;1;Daniel;Nauenberg;40;11/14/2018;Salvador;R$ 5.300,00;;;;
HL1918; iPhone ;5;Stefan;Santos;62;10/10/2018;Porto Alegre;R$ 5.300,00;;;;
HL4379; Televisão ;4;Joao;Pereira;60;12/15/2018;Fortaleza;R$ 2.500,00;;;;
HL7348; SmartWatch ;5;Arthur;Portela;56;01/02/2018;Fortaleza;R$ 1.400,00;;;;
HL8851; Notebook ;3;Stela;Mendonça;66;1/15/2018;Fortaleza;R$ 3.500,00;;;;
HL4379; Televisão ;2;João;Silva;68;2/21/2018;Recife;R$ 2.500,00;;;;
HL7348; SmartWatch ;1;Carlos;Mesquita;49;07/12/2018;Salvador;R$ 1.400,00;;;;
HL1918; iPhone ;5;Laura;Araujo;27;12/06/2018;São Paulo;R$ 5.300,00;;;;
HL1918; iPhone ;1;Marcelo;Borges;66;2/26/2018;Fortaleza;R$ 5.300,00;;;;
HL9962; Android ;2;Arthur;Souza;41;6/16/2018;Rio de Janeiro;R$ 3.400,00;;;;
HL9962; Android ;1;Rebeca;Taylor;72;02/11/2018;Rio de Janeiro;R$ 3.400,00;;;;
HL4379; Televisão ;2;Thales;Portillo;39;7/26/2018;São Paulo;R$ 2.500,00;;;;
HL4379; Televisão ;2;Giselia;Thiele;84;7/29/2018;Salvador;R$ 2.500,00;;;;
HL1918; iPhone ;1;Matheus;Sapir;64;06/06/2018;Rio de Janeiro;R$ 5.300,00;;;;
HL1918; iPhone ;-3;Camille;Silva;28;4/15/2018;Recife;R$ 5.300,00;;;;
HL1918; iPhone ;5;Eric;Carvalho;60;8/31/2018;Fortaleza;R$ 5.300,00;;;;
HL1148; Câmera ;4;Felipe;Paulo;55;03/02/2018;Curitiba;R$ 2.100,00;;;;
HL1148; Câmera ;2;Julie;Ferreira;66;07/03/2018;Fortaleza;R$ 2.100,00;;;;
HL1918; iPhone ;3;Carlos;Portela;69;7/19/2018;Curitiba;R$ 5.300,00;;;;
HL2714; Tablet ;2;Carolina;Vasconcelos;49;09/01/2018;Fortaleza;R$ 1.600,00;;;;
HL4379; Televisão ;1;Ana;Felippe;72;02/09/2018;Salvador;R$ 2.500,00;;;;
HL4379; Televisão ;2;Julia;Leite;64;09/05/2018;Fortaleza;R$ 2.500,00;;;;
HL2714; Tablet ;1;Giovanna;Santos;25;12/18/2018;Fortaleza;R$ 1.600,00;;;;
HL4379; Televisão ;5;Patrícia;Amaral;86;01/12/2018;Goiânia;R$ 2.500,00;;;;
HL8851; Notebook ;5;Eduardo;Nunes;34;10/30/2018;Belo Horizonte;R$ 3.500,00;;;;
HL1148; Câmera ;4;Julie;Ferreira;36;1/26/2018;Goiânia;R$ 2.100,00;;;;
HL7348; SmartWatch ;1;Lucas;Cavalcanti;85;5/24/2018;Fortaleza;R$ 1.400,00;;;;
HL8851; Notebook ;3;Guilherme;Castilho;18;07/11/2018;Curitiba;R$ 3.500,00;;;;
HL1918; iPhone ;3;Ulisses;Filho;51;3/23/2018;Fortaleza;R$ 5.300,00;;;;
HL1918; iPhone ;4;Bruno;Mota;49;3/31/2018;Salvador;R$ 5.300,00;;;;
HL1918; iPhone ;-7;Lorena;Kohn;57;8/13/2018;Rio de Janeiro;R$ 5.300,00;;;;
HL1918; iPhone ;1;João;Tabet;60;3/23/2018;Rio de Janeiro;R$ 5.300,00;;;;
HL2714; Tablet ;4;Victor;Franco;52;3/15/2018;Fortaleza;R$ 1.600,00;;;;
HL8851; Notebook ;2;Luiz;Almeida;22;02/12/2018;Rio de Janeiro;R$ 3.500,00;;;;
HL4379; Televisão ;5;Eduardo;Ferreira;67;4/24/2018;Salvador;R$ 2.500,00;;;;
HL7348; SmartWatch ;3;Célio;Xavier;88;11/04/2018;Fortaleza;R$ 1.400,00;;;;
HL2714; Tablet ;5;Ana;Bôas;74;12/23/2018;Fortaleza;R$ 1.600,00;;;;
HL1148; Câmera ;3;João;Matheus;18;11/05/2018;Salvador;R$ 2.100,00;;;;
HL2714; Tablet ;3;Gabriel;Puntel;70;2/26/2018;São Paulo;R$ 1.600,00;;;;
HL1148; Câmera ;4;Silvio;Provenzano;57;8/19/2018;Fortaleza;R$ 2.100,00;;;;
HL2714; Tablet ;3;Guilherme;Rachide;75;9/25/2018;São Paulo;R$ 1.600,00;;;;
HL1148; Câmera ;2;Alex;Fernandes;53;12/01/2018;Fortaleza;R$ 2.100,00;;;;
HL1918; iPhone ;1;Raphael;Rezende;28;4/29/2018;Fortaleza;R$ 5.300,00;;;;
HL1148; Câmera ;3;Glenda;Santos;42;3/17/2018;Salvador;R$ 2.100,00;;;;
HL1918; iPhone ;5;Natalia;Andrade;42;9/25/2018;Rio de Janeiro;R$ 5.300,00;;;;
HL8851; Notebook ;3;Luiz;Marinho;89;09/04/2018;São Paulo;R$ 3.500,00;;;;
HL7348; SmartWatch ;5;Gabrielle;Silva;38;10/14/2018;Fortaleza;R$ 1.400,00;;;;
HL1918; iPhone ;5;Roberta;Pimenta;42;01/06/2018;Rio de Janeiro;R$ 5.300,00;;;;
HL4379; Televisão ;4;Julia;Teixeira;56;3/13/2018;São Paulo;R$ 2.500,00;;;;
HL1918; iPhone ;5;Bruna;Rangel;36;2/17/2018;Fortaleza;R$ 5.300,00;;;;
HL9962; Android ;1;Caio;Silva;46;10/25/2018;Belo Horizonte;R$ 3.400,00;;;;
HL1148; Câmera ;1;Luíza;Garcia;49;10/15/2018;Recife;R$ 2.100,00;;;;
HL9962; Android ;4;Caio;Cardoso;61;10/28/2018;São Paulo;R$ 3.400,00;;;;
HL7348; SmartWatch ;1;João;Costa;66;3/16/2018;Rio de Janeiro;R$ 1.400,00;;;;
HL2714; Tablet ;1;Yasser;Calbucci;39;9/29/2018;São Paulo;R$ 1.600,00;;;;
HL9962; Android ;4;Samara;Pinto;51;2/19/2018;Curitiba;R$ 3.400,00;;;;
HL8851; Notebook ;1;Igor;Azevedo;87;9/23/2018;São Paulo;R$ 3.500,00;;;;
HL1918; iPhone ;1;Joyce;Souza;42;8/13/2018;São Paulo;R$ 5.300,00;;;;
HL1918; iPhone ;4;Allan;Guedes;31;5/23/2018;São Paulo;R$ 5.300,00;;;;
HL7348; SmartWatch ;4;Juan;Barbosa;19;02/12/2018;Recife;R$ 1.400,00;;;;
HL7348; SmartWatch ;1;Pedro;Buraco;24;11/19/2018;Recife;R$ 1.400,00;;;;
HL1148; Câmera ;4;Henrique;Villanova;32;10/28/2018;Recife;R$ 2.100,00;;;;
HL1918; iPhone ;4;Marcelo;Guadagnino;31;12/15/2018;Goiânia;R$ 5.300,00;;;;
HL9962; Android ;1;Guilherme;Monteiro;72;01/02/2018;São Paulo;R$ 3.400,00;;;;
HL9962; Android ;1;Douglas;Rodrigues;63;04/12/2018;Rio de Janeiro;R$ 3.400,00;;;;
HL4379; Televisão ;4;Monique;Vasconcelos;89;10/08/2018;Curitiba;R$ 2.500,00;;;;
HL1148; Câmera ;5;João;Alves;24;7/25/2018;Rio de Janeiro;R$ 2.100,00;;;;
HL2714; Tablet ;1;Bernardo;Soares;89;11/29/2018;Belo Horizonte;R$ 1.600,00;;;;
HL1148; Câmera ;1;Beatriz;Rodrigues;85;10/29/2018;Salvador;R$ 2.100,00;;;;
HL8851; Notebook ;4;Isaac;Santos;28;02/08/2018;Rio de Janeiro;R$ 3.500,00;;;;
HL1918; iPhone ;5;Daniel;Nauenberg;58;9/21/2018;Rio de Janeiro;R$ 5.300,00;;;;
HL4379; Televisão ;1;Clarissa;Santos;58;3/21/2018;Salvador;R$ 2.500,00;;;;
HL9962; Android ;1;Silvio;Provenzano;25;3/30/2018;Fortaleza;R$ 3.400,00;;;;
HL7348; SmartWatch ;5;Marina;Marins;69;4/25/2018;Salvador;R$ 1.400,00;;;;
HL4379; Televisão ;1;Stefan;Nunes;23;1/18/2018;Salvador;R$ 2.500,00;;;;
HL2714; Tablet ;2;Mateus;Duque;87;2/13/2018;Goiânia;R$ 1.600,00;;;;
HL8851; Notebook ;5;Tadeu;Sousa;50;6/29/2018;Salvador;R$ 3.500,00;;;;
HL1918; iPhone ;1;José;Carvalho;66;6/22/2018;Fortaleza;R$ 5.300,00;;;;
HL1148; Câmera ;3;Pedro;Santana;39;04/06/2018;São Paulo;R$ 2.100,00;;;;
HL1918; iPhone ;5;Milena;Alcoforado;38;01/09/2018;São Paulo;R$ 5.300,00;;;;
HL1918; iPhone ;1;Rafaela;Feio;81;11/15/2018;São Paulo;R$ 5.300,00;;;;
HL1148; Câmera ;3;Maria;Cardoso;43;8/28/2018;São Paulo;R$ 2.100,00;;;;
HL1918; iPhone ;2;Igor;Lima;83;04/10/2018;Curitiba;R$ 5.300,00;;;;
HL4379; Televisão ;3;José;Carvalho;45;1/24/2018;Goiânia;R$ 2.500,00;;;;
HL9962; Android ;4;Thais;Rodrigues;26;6/14/2018;São Paulo;R$ 3.400,00;;;;
HL1148; Câmera ;3;Nicolas;Monteiro;36;3/31/2018;Curitiba;R$ 2.100,00;;;;
HL9962; Android ;3;José;Vieira;55;6/16/2018;Fortaleza;R$ 3.400,00;;;;
HL1918; iPhone ;5;Bruno;Silva;43;2/17/2018;Salvador;R$ 5.300,00;;;;
HL4379; Televisão ;1;Silvio;Provenzano;50;1/20/2018;Fortaleza;R$ 2.500,00;;;;
HL4379; Televisão ;1;Rilson;Guedes;87;3/21/2018;Fortaleza;R$ 2.500,00;;;;
HL1148; Câmera ;1;Roberto;Tiradentes;48;8/26/2018;Fortaleza;R$ 2.100,00;;;;
HL4379; Televisão ;2;Luísa;Fonseca;72;12/20/2018;Recife;R$ 2.500,00;;;;
HL1148; Câmera ;4;Thaís;Ribeiro;48;10/21/2018;Salvador;R$ 2.100,00;;;;
HL1918; iPhone ;4;Bernardo;Botelho;19;10/26/2018;Porto Alegre;R$ 5.300,00;;;;
HL1918; iPhone ;1;Raíza;Lopes;58;12/18/2018;São Paulo;R$ 5.300,00;;;;
HL1148; Câmera ;3;Luis;Villanova;21;6/22/2018;Porto Alegre;R$ 2.100,00;;;;
HL1918; iPhone ;2;Breno;Britto;29;1/25/2018;Rio de Janeiro;R$ 5.300,00;;;;
HL1148; Câmera ;5;Lucas;Lemos;19;1/26/2018;Goiânia;R$ 2.100,00;;;;
HL1918; iPhone ;1;Renan;Nascimento;56;3/20/2018;São Paulo;R$ 5.300,00;;;;
HL9962; Android ;3;Camilla;Cardeman;79;07/10/2018;São Paulo;R$ 3.400,00;;;;
HL1918; iPhone ;3;Pedro;Ayres;56;7/17/2018;São Paulo;R$ 5.300,00;;;;
HL8851; Notebook ;3;Raphael;Rezende;36;10/11/2018;Salvador;R$ 3.500,00;;;;
HL9962; Android ;2;Lucas;Araújo;47;1/20/2018;Goiânia;R$ 3.400,00;;;;
HL4379; Televisão ;1;Julia;Silva;23;5/14/2018;Belo Horizonte;R$ 2.500,00;;;;
HL1918; iPhone ;1;Carolina;Siqueira;40;8/14/2018;Rio de Janeiro;R$ 5.300,00;;;;
HL2714; Tablet ;3;Mariana;Freire;20;03/04/2018;Belo Horizonte;R$ 1.600,00;;;;
HL1148; Câmera ;3;Bruno;Freitas;42;9/20/2018;Rio de Janeiro;R$ 2.100,00;;;;
HL1148; Câmera ;4;Matheus;Tostes;23;03/03/2018;Goiânia;R$ 2.100,00;;;;
HL1918; iPhone ;4;Rafael;Rocha;36;3/29/2018;Recife;R$ 5.300,00;;;;
HL2714; Tablet ;5;Júlio;Fraga;27;5/25/2018;Rio de Janeiro;R$ 1.600,00;;;;
HL2714; Tablet ;5;Bernard;Pedrosa;63;10/13/2018;Belo Horizonte;R$ 1.600,00;;;;
HL9962; Android ;4;Amanda;Felippe;68;2/14/2018;São Paulo;R$ 3.400,00;;;;
HL1148; Câmera ;5;Bernard;Pedrosa;73;02/09/2018;São Paulo;R$ 2.100,00;;;;
HL8851; Notebook ;2;Breno;Farias;56;11/17/2018;Porto Alegre;R$ 3.500,00;;;;
HL4379; Televisão ;5;Breno;Godoy;59;02/11/2018;Belo Horizonte;R$ 2.500,00;;;;
HL1918; iPhone ;5;Ulisses;Filho;67;9/14/2018;Curitiba;R$ 5.300,00;;;;
HL1918; iPhone ;5;Bianca;Paz;73;10/11/2018;Belo Horizonte;R$ 5.300,00;;;;
HL1148; Câmera ;2;Marcos;Nucci;27;5/21/2018;Fortaleza;R$ 2.100,00;;;;
HL4379; Televisão ;5;Igor;Azevedo;64;01/03/2018;Fortaleza;R$ 2.500,00;;;;
HL1148; Câmera ;4;Isabel;Lacerda;24;8/21/2018;Goiânia;R$ 2.100,00;;;;
HL4379; Televisão ;2;Bruna;Gomes;57;8/13/2018;São Paulo;R$ 2.500,00;;;;
HL1148; Câmera ;3;Raphael;Guedes;44;6/23/2018;Fortaleza;R$ 2.100,00;;;;
HL8851; Notebook ;4;Breno;Godoy;57;1/23/2018;Salvador;R$ 3.500,00;;;;
HL8851; Notebook ;5;Joyce;Souza;85;11/24/2018;Recife;R$ 3.500,00;;;;
HL1918; iPhone ;3;William;Mendonça;81;6/29/2018;São Paulo;R$ 5.300,00;;;;
HL1148; Câmera ;1;Juliana;Silva;42;8/26/2018;São Paulo;R$ 2.100,00;;;;
HL4379; Televisão ;2;Ana;Miura;53;7/28/2018;Rio de Janeiro;R$ 2.500,00;;;;
HL7348; SmartWatch ;2;Danilo;Rubim;42;7/31/2018;Rio de Janeiro;R$ 1.400,00;;;;
HL1918; iPhone ;1;Debora;Silva;73;05/09/2018;Curitiba;R$ 5.300,00;;;;
HL1148; Câmera ;1;Bruna;Gomes;66;07/09/2018;Curitiba;R$ 2.100,00;;;;
HL2714; Tablet ;5;Carolina;Rachide;78;2/20/2018;Goiânia;R$ 1.600,00;;;;
HL7348; SmartWatch ;2;Isabela;Chagas;46;04/09/2018;São Paulo;R$ 1.400,00;;;;
HL1918; iPhone ;4;Luis;Garcia;34;10/10/2018;Fortaleza;R$ 5.300,00;;;;
HL2714; Tablet ;5;Stephanie;Novak;76;1/26/2018;Porto Alegre;R$ 1.600,00;;;;
HL7348; SmartWatch ;5;Barbara;Procaci;87;11/14/2018;São Paulo;R$ 1.400,00;;;;
HL9962; Android ;1;Arthur;Fernandes;27;7/19/2018;São Paulo;R$ 3.400,00;;;;
HL1148; Câmera ;3;Alberto;Silveira;30;1/18/2018;Recife;R$ 2.100,00;;;;
HL7348; SmartWatch ;5;Breno;Godoy;21;8/14/2018;Rio de Janeiro;R$ 1.400,00;;;;
HL8851; Notebook ;2;Lucas;Almeida;59;11/21/2018;Belo Horizonte;R$ 3.500,00;;;;
HL4379; Televisão ;2;Letícia;Araujo;26;07/10/2018;Rio de Janeiro;R$ 2.500,00;;;;
HL4379; Televisão ;3;Eduardo;Peluzo;45;7/22/2018;Fortaleza;R$ 2.500,00;;;;
HL4379; Televisão ;3;Bruna;Franco;76;6/24/2018;Fortaleza;R$ 2.500,00;;;;
HL1918; iPhone ;3;Carla;Zakhm;78;10/26/2018;Belo Horizonte;R$ 5.300,00;;;;
HL9962; Android ;4;Vitor;Boccaletti;81;08/08/2018;Fortaleza;R$ 3.400,00;;;;
HL4379; Televisão ;2;João;Tabet;54;5/22/2018;Recife;R$ 2.500,00;;;;
HL8851; Notebook ;5;Henrique;Villanova;36;11/05/2018;São Paulo;R$ 3.500,00;;;;
HL2714; Tablet ;2;Nathan;Cunha;32;6/13/2018;Rio de Janeiro;R$ 1.600,00;;;;
HL1918; iPhone ;1;Camilla;Cardeman;40;4/20/2018;Recife;R$ 5.300,00;;;;
HL4379; Televisão ;2;Thiago;Nóbrega;30;5/25/2018;Salvador;R$ 2.500,00;;;;
HL7348; SmartWatch ;5;Rodrigo;Mendes;27;7/22/2018;Fortaleza;R$ 1.400,00;;;;
HL4379; Televisão ;2;Henrique;Villanova;18;12/23/2018;Belo Horizonte;R$ 2.500,00;;;;
HL7348; SmartWatch ;1;Ana;Carvalho;48;05/03/2018;Rio de Janeiro;R$ 1.400,00;;;;
HL4379; Televisão ;3;Larissa;Nauenberg;70;4/16/2018;Salvador;R$ 2.500,00;;;;
HL1918; iPhone ;1;Mariana;Miranda;37;1/21/2018;Salvador;R$ 5.300,00;;;;
HL1148; Câmera ;1;Morgana;Correa;72;3/13/2018;Fortaleza;R$ 2.100,00;;;;
HL9962; Android ;1;Raphael;Mattos;83;9/19/2018;Salvador;R$ 3.400,00;;;;
HL1148; Câmera ;3;Thales;Portillo;35;3/18/2018;São Paulo;R$ 2.100,00;;;;
HL1918; iPhone ;4;João;Silva;83;1/27/2018;Recife;R$ 5.300,00;;;;
HL1918; iPhone ;2;Gabriel;Rubim;84;2/21/2018;São Paulo;R$ 5.300,00;;;;
HL2714; Tablet ;2;Bruno;Ursulino;85;1/30/2018;Curitiba;R$ 1.600,00;;;;
HL1918; iPhone ;2;Letícia;Leal;81;12/24/2018;Salvador;R$ 5.300,00;;;;
HL8851; Notebook ;1;Renan;Freire;33;1/19/2018;Curitiba;R$ 3.500,00;;;;
HL1918; iPhone ;4;Guilherme;Lima;84;2/18/2018;Rio de Janeiro;R$ 5.300,00;;;;
HL1148; Câmera ;2;Gabriel;Thome;81;04/07/2018;Salvador;R$ 2.100,00;;;;
HL4379; Televisão ;2;Letícia;Araujo;42;6/23/2018;Porto Alegre;R$ 2.500,00;;;;
HL9962; Android ;2;Tiago;Pereira;86;07/05/2018;Rio de Janeiro;R$ 3.400,00;;;;
HL8851; Notebook ;2;Maria;Mello;45;07/04/2018;Porto Alegre;R$ 3.500,00;;;;
HL1918; iPhone ;1;Jessica;Cordovil;70;7/17/2018;Fortaleza;R$ 5.300,00;;;;
HL1918; iPhone ;4;Victor;Lira;47;9/18/2018;Rio de Janeiro;R$ 5.300,00;;;;
HL2714; Tablet ;3;Victor;Soares;64;07/11/2018;Fortaleza;R$ 1.600,00;;;;
HL7348; SmartWatch ;2;Carolina;Rachide;74;1/17/2018;Belo Horizonte;R$ 1.400,00;;;;
HL4379; Televisão ;2;Nina;Magalhães;57;03/10/2018;São Paulo;R$ 2.500,00;;;;
HL1918; iPhone ;5;Guilherme;Castilho;59;9/25/2018;Rio de Janeiro;R$ 5.300,00;;;;
HL4379; Televisão ;2;Breno;Caputo;73;6/27/2018;Rio de Janeiro;R$ 2.500,00;;;;
HL4379; Televisão ;4;Mariane;Ferreira;82;8/23/2018;Curitiba;R$ 2.500,00;;;;
HL1148; Câmera ;4;Andre;Nóbrega;23;3/18/2018;Goiânia;R$ 2.100,00;;;;
HL1918; iPhone ;5;Jéssica;Netto;33;8/18/2018;Goiânia;R$ 5.300,00;;;;
HL1148; Câmera ;2;Silvio;Provenzano;29;7/13/2018;Fortaleza;R$ 2.100,00;;;;
HL1148; Câmera ;2;Beatriz;Biase;25;08/03/2018;São Paulo;R$ 2.100,00;;;;
HL4379; Televisão ;2;Victoria;Mazza;75;1/28/2018;Rio de Janeiro;R$ 2.500,00;;;;
HL7348; SmartWatch ;3;João;Peçanha;22;5/30/2018;Belo Horizonte;R$ 1.400,00;;;;
HL4379; Televisão ;1;Diego;Rodrigues;29;12/02/2018;Porto Alegre;R$ 2.500,00;;;;
HL4379; Televisão ;2;Amanda;Roberto;80;4/26/2018;Fortaleza;R$ 2.500,00;;;;
HL1148; Câmera ;4;Sandy;Figueiredo;82;08/07/2018;São Paulo;R$ 2.100,00;;;;
HL2714; Tablet ;1;Bianca;Tatsch;46;7/15/2018;São Paulo;R$ 1.600,00;;;;
HL1918; iPhone ;1;Livia;Codeceira;38;9/30/2018;Goiânia;R$ 5.300,00;;;;
HL1148; Câmera ;1;João;Guadagnino;43;7/16/2018;Porto Alegre;R$ 2.100,00;;;;
HL2714; Tablet ;5;Paula;Calbucci;47;7/19/2018;Curitiba;R$ 1.600,00;;;;
HL1148; Câmera ;2;Hygor;Essaber;38;3/28/2018;Curitiba;R$ 2.100,00;;;;
HL7348; SmartWatch ;5;Diogo;Peixoto;74;10/21/2018;Fortaleza;R$ 1.400,00;;;;
HL9962; Android ;3;Melissa;Nucci;72;11/07/2018;São Paulo;R$ 3.400,00;;;;
HL1918; iPhone ;5;Erick;Soares;22;4/22/2018;Goiânia;R$ 5.300,00;;;;
HL9962; Android ;2;Igor;Azevedo;45;7/23/2018;Salvador;R$ 3.400,00;;;;
HL2714; Tablet ;3;Matheus;Santos;79;03/05/2018;São Paulo;R$ 1.600,00;;;;
HL9962; Android ;3;Laís;Oliveira;66;09/10/2018;Rio de Janeiro;R$ 3.400,00;;;;
HL2714; Tablet ;2;Carlos;Silva;60;9/16/2018;São Paulo;R$ 1.600,00;;;;
HL1148; Câmera ;2;Bruna;Londero;50;05/06/2018;São Paulo;R$ 2.100,00;;;;
HL4379; Televisão ;4;Larissa;Cruz;37;7/28/2018;Salvador;R$ 2.500,00;;;;
HL4379; Televisão ;1;Breno;Costa;79;11/22/2018;Fortaleza;R$ 2.500,00;;;;
HL2714; Tablet ;4;Pedro;Oliveira;76;10/27/2018;Rio de Janeiro;R$ 1.600,00;;;;
HL1148; Câmera ;2;Rodrigo;Mendes;43;02/04/2018;Belo Horizonte;R$ 2.100,00;;;;
HL4379; Televisão ;4;Myllena;Corrêa;90;06/03/2018;Rio de Janeiro;R$ 2.500,00;;;;
HL4379; Televisão ;3;Pedro;Xavier;43;03/02/2018;Goiânia;R$ 2.500,00;;;;
HL7348; SmartWatch ;4;Gustavo;Junior;63;08/10/2018;Rio de Janeiro;R$ 1.400,00;;;;
HL1918; iPhone ;3;Lunna;Vannier;82;12/05/2018;Fortaleza;R$ 5.300,00;;;;
HL2714; Tablet ;2;Thomaz;Ferreira;77;4/24/2018;Belo Horizonte;R$ 1.600,00;;;;
HL4379; Televisão ;3;Mariana;Baptista;77;12/14/2018;Salvador;R$ 2.500,00;;;;
HL1918; iPhone ;5;Brenno;Miranda;76;5/25/2018;Rio de Janeiro;R$ 5.300,00;;;;
HL1918; iPhone ;4;Marcela;Johnson;52;8/13/2018;Rio de Janeiro;R$ 5.300,00;;;;
HL4379; Televisão ;4;Norman;Jimbo;24;05/08/2018;Fortaleza;R$ 2.500,00;;;;
HL1148; Câmera ;4;José;Fonseca;60;10/03/2018;Fortaleza;R$ 2.100,00;;;;
HL8851; Notebook ;5;Bernardo;Nauenberg;80;04/01/2018;Rio de Janeiro;R$ 3.500,00;;;;
HL4379; Televisão ;1;Ravena;Bhering;65;06/10/2018;Curitiba;R$ 2.500,00;;;;
HL1918; iPhone ;1;Breno;Varella;22;07/09/2018;São Paulo;R$ 5.300,00;;;;
HL4379; Televisão ;4;Julie;Ferreira;79;1/21/2018;Salvador;R$ 2.500,00;;;;
HL8851; Notebook ;3;Maria;Motta;37;04/12/2018;São Paulo;R$ 3.500,00;;;;
HL9962; Android ;5;Jéssica;Netto;28;9/24/2018;Rio de Janeiro;R$ 3.400,00;;;;
HL7348; SmartWatch ;1;Diego;Marchesi;48;12/04/2018;Fortaleza;R$ 1.400,00;;;;
HL1918; iPhone ;5;Carlos;Melo;68;6/29/2018;São Paulo;R$ 5.300,00;;;;
HL8851; Notebook ;3;Lucas;Coelho;40;10/31/2018;Salvador;R$ 3.500,00;;;;
HL9962; Android ;3;Juliana;Mesquita;72;03/08/2018;Curitiba;R$ 3.400,00;;;;
HL7348; SmartWatch ;4;Rodrigo;Silva;42;04/10/2018;São Paulo;R$ 1.400,00;;;;
HL4379; Televisão ;2;Audir;Franco;29;8/17/2018;Fortaleza;R$ 2.500,00;;;;
HL2714; Tablet ;2;Gabrielle;Wanderley;58;7/30/2018;Rio de Janeiro;R$ 1.600,00;;;;
HL1918; iPhone ;2;Chan;Santos;51;11/28/2018;São Paulo;R$ 5.300,00;;;;
HL2714; Tablet ;1;Vanessa;Neves;52;4/27/2018;Salvador;R$ 1.600,00;;;;
HL1918; iPhone ;2;Milena;Pereira;47;1/24/2018;Belo Horizonte;R$ 5.300,00;;;;
HL1148; Câmera ;5;Carolina;Bernardes;68;4/17/2018;São Paulo;R$ 2.100,00;;;;
HL4379; Televisão ;3;Paula;Cavalcanti;86;12/20/2018;Belo Horizonte;R$ 2.500,00;;;;
HL1918; iPhone ;3;Anna;Silva;81;7/30/2018;Belo Horizonte;R$ 5.300,00;;;;
HL1918; iPhone ;2;Nathan;Morelli;76;09/02/2018;Curitiba;R$ 5.300,00;;;;
HL2714; Tablet ;2;Luis;Souza;81;1/16/2018;Salvador;R$ 1.600,00;;;;
HL4379; Televisão ;3;Sandy;Moreira;90;5/22/2018;Salvador;R$ 2.500,00;;;;
HL4379; Televisão ;5;Rilson;Dias;34;8/22/2018;Salvador;R$ 2.500,00;;;;
HL9962; Android ;5;Beatriz;Nogueira;28;01/12/2018;Rio de Janeiro;R$ 3.400,00;;;;
HL1918; iPhone ;4;Vivianne;Rodrigues;48;06/06/2018;Rio de Janeiro;R$ 5.300,00;;;;
HL1918; iPhone ;1;Ana;Gomes;47;1/31/2018;Fortaleza;R$ 5.300,00;;;;
HL4379; Televisão ;2;Lucas;Machado;61;05/08/2018;São Paulo;R$ 2.500,00;;;;
HL9962; Android ;5;Diego;Mello;29;05/04/2018;São Paulo;R$ 3.400,00;;;;
HL1148; Câmera ;3;Lucas;Baptista;67;12/05/2018;Fortaleza;R$ 2.100,00;;;;
HL2714; Tablet ;3;Bruno;Ferreira;76;8/14/2018;Belo Horizonte;R$ 1.600,00;;;;
HL4379; Televisão ;2;Fabio;Sepúlveda;77;1/15/2018;Porto Alegre;R$ 2.500,00;;;;
HL4379; Televisão ;3;Júlia;Almeida;37;07/06/2018;Salvador;R$ 2.500,00;;;;
HL8851; Notebook ;2;Carlos;Azevedo;26;11/18/2018;Belo Horizonte;R$ 3.500,00;;;;
HL1918; iPhone ;3;Giselia;Thiele;58;9/18/2018;Recife;R$ 5.300,00;;;;
HL1918; iPhone ;2;Amanda;Felippe;31;01/03/2018;Fortaleza;R$ 5.300,00;;;;
HL1918; iPhone ;2;Rogério;Pereira;67;08/08/2018;Curitiba;R$ 5.300,00;;;;
HL7348; SmartWatch ;3;Katharina;Barros;74;1/18/2018;Salvador;R$ 1.400,00;;;;
HL4379; Televisão ;4;Lucas;Assunção;20;06/04/2018;São Paulo;R$ 2.500,00;;;;
HL1918; iPhone ;3;Hércules;Moreira;56;12/12/2018;São Paulo;R$ 5.300,00;;;;
HL1918; iPhone ;3;Viviane;Souza;34;07/09/2018;Belo Horizonte;R$ 5.300,00;;;;
HL1918; iPhone ;1;Thiago;Veloso;85;05/04/2018;Porto Alegre;R$ 5.300,00;;;;
HL4379; Televisão ;2;João;Siqueira;33;6/16/2018;Recife;R$ 2.500,00;;;;
HL1148; Câmera ;2;Ruan;Lopes;21;1/24/2018;São Paulo;R$ 2.100,00;;;;
HL4379; Televisão ;5;Deysiane;Medronho;23;7/13/2018;São Paulo;R$ 2.500,00;;;;
HL1918; iPhone ;4;Camilla;Guimarães;65;1/29/2018;Recife;R$ 5.300,00;;;;
HL1148; Câmera ;5;Carolina;Carneiro;69;08/03/2018;Rio de Janeiro;R$ 2.100,00;;;;
HL8851; Notebook ;2;Eric;Júnior;52;06/03/2018;São Paulo;R$ 3.500,00;;;;
HL8851; Notebook ;1;Luis;Villanova;58;1/14/2018;Curitiba;R$ 3.500,00;;;;
HL1918; iPhone ;3;Vivianne;Rodrigues;82;7/29/2018;Rio de Janeiro;R$ 5.300,00;;;;
HL4379; Televisão ;2;Gustavo;Accardo;31;3/14/2018;Belo Horizonte;R$ 2.500,00;;;;
HL9962; Android ;3;Jônatas;Castro;39;05/01/2018;São Paulo;R$ 3.400,00;;;;
HL8851; Notebook ;3;Kimberly;Sad;85;11/04/2018;Salvador;R$ 3.500,00;;;;
HL1918; iPhone ;4;Juliana;Barreira;56;7/25/2018;Salvador;R$ 5.300,00;;;;
HL2714; Tablet ;3;Juliana;Mesquita;43;10/28/2018;Fortaleza;R$ 1.600,00;;;;
HL4379; Televisão ;5;João;Guadagnino;72;02/01/2018;Porto Alegre;R$ 2.500,00;;;;
HL4379; Televisão ;3;Glenda;Santos;29;02/08/2018;Goiânia;R$ 2.500,00;;;;
HL1918; iPhone ;4;Lucas;Valim;87;7/24/2018;Salvador;R$ 5.300,00;;;;
HL1918; iPhone ;5;Arthur;Fernandes;81;06/07/2018;Fortaleza;R$ 5.300,00;;;;
HL1918; iPhone ;1;Rodrigo;Silva;50;11/01/2018;Salvador;R$ 5.300,00;;;;
HL4379; Televisão ;1;Joao;Pereira;73;11/14/2018;Fortaleza;R$ 2.500,00;;;;
HL8851; Notebook ;3;Thales;Gouvêa;39;09/05/2018;Salvador;R$ 3.500,00;;;;
HL1918; iPhone ;5;Gabriela;Cavalcanti;25;10/09/2018;São Paulo;R$ 5.300,00;;;;
HL1918; iPhone ;4;João;Menezes;89;8/17/2018;Recife;R$ 5.300,00;;;;
HL8851; Notebook ;5;Roger;Rosa;38;06/08/2018;Rio de Janeiro;R$ 3.500,00;;;;
HL8851; Notebook ;5;Hércules;Moreira;88;01/06/2018;Goiânia;R$ 3.500,00;;;;
HL4379; Televisão ;3;Eric;Carvalho;53;4/24/2018;Recife;R$ 2.500,00;;;;
HL1918; iPhone ;3;Isabella;Santos;26;02/07/2018;Rio de Janeiro;R$ 5.300,00;;;;
HL1918; iPhone ;4;Joao;Pereira;44;12/30/2018;Salvador;R$ 5.300,00;;;;
HL8851; Notebook ;4;Luiz;Conceição;34;6/13/2018;Curitiba;R$ 3.500,00;;;;
HL1918; iPhone ;3;Lucas;Aragão;22;1/15/2018;Rio de Janeiro;R$ 5.300,00;;;;
HL1918; iPhone ;5;Renan;Ventura;22;09/05/2018;São Paulo;R$ 5.300,00;;;;
HL1918; iPhone ;4;João;Alves;32;11/18/2018;Fortaleza;R$ 5.300,00;;;;
HL8851; Notebook ;1;Thaís;Pereira;44;01/07/2018;Fortaleza;R$ 3.500,00;;;;
HL1918; iPhone ;5;Maria;Mello;72;4/21/2018;Fortaleza;R$ 5.300,00;;;;
HL2714; Tablet ;2;Milena;Alcoforado;20;3/25/2018;São Paulo;R$ 1.600,00;;;;
HL4379; Televisão ;5;Adriana;Passos;82;1/30/2018;Salvador;R$ 2.500,00;;;;
HL4379; Televisão ;3;Wendela;Veloso;71;05/09/2018;Rio de Janeiro;R$ 2.500,00;;;;
HL1918; iPhone ;4;Marcelo;Pereira;35;3/21/2018;São Paulo;R$ 5.300,00;;;;
HL4379; Televisão ;4;Kim;Ferreira;23;7/13/2018;Belo Horizonte;R$ 2.500,00;;;;
HL1918; iPhone ;2;Brenno;Santos;72;10/18/2018;Porto Alegre;R$ 5.300,00;;;;
HL4379; Televisão ;1;Lucas;Lemos;81;07/05/2018;São Paulo;R$ 2.500,00;;;;
HL2714; Tablet ;2;Priscila;Suzano;30;05/11/2018;Recife;R$ 1.600,00;;;;
HL1918; iPhone ;3;Paula;Cavalcanti;65;2/14/2018;Porto Alegre;R$ 5.300,00;;;;
HL1918; iPhone ;2;Natalia;Andrade;27;08/11/2018;Curitiba;R$ 5.300,00;;;;
HL4379; Televisão ;1;Adriana;Passos;18;7/23/2018;Fortaleza;R$ 2.500,00;;;;
HL1918; iPhone ;1;Marcos;Nucci;78;7/24/2018;Porto Alegre;R$ 5.300,00;;;;
HL1148; Câmera ;5;Luis;Garcia;82;3/17/2018;Salvador;R$ 2.100,00;;;;
HL4379; Televisão ;4;Roberta;Nogueira;27;01/10/2018;São Paulo;R$ 2.500,00;;;;
HL9962; Android ;1;Gabriel;Almeida;74;2/22/2018;Rio de Janeiro;R$ 3.400,00;;;;
HL1148; Câmera ;2;Lucas;Neto;61;8/19/2018;Fortaleza;R$ 2.100,00;;;;
HL4379; Televisão ;3;Stephanie;Gonçalves;46;1/15/2018;Fortaleza;R$ 2.500,00;;;;
HL1918; iPhone ;3;Rodrigo;Feijo;22;03/04/2018;São Paulo;R$ 5.300,00;;;;
HL2714; Tablet ;2;Stephanie;Oliveira;24;7/19/2018;Recife;R$ 1.600,00;;;;
HL8851; Notebook ;5;Bárbara;Lima;54;11/05/2018;Goiânia;R$ 3.500,00;;;;
HL4379; Televisão ;5;Myllena;Corrêa;64;12/11/2018;Fortaleza;R$ 2.500,00;;;;
HL1918; iPhone ;2;Guilherme;Merotto;45;12/24/2018;Curitiba;R$ 5.300,00;;;;
HL2714; Tablet ;2;Wendela;Veloso;57;6/21/2018;Curitiba;R$ 1.600,00;;;;
HL1918; iPhone ;2;Alvaro;Kranz;28;1/14/2018;Salvador;R$ 5.300,00;;;;
HL7348; SmartWatch ;1;Caio;Silva;20;01/06/2018;São Paulo;R$ 1.400,00;;;;
HL4379; Televisão ;3;Aline;Andrade;43;01/11/2018;São Paulo;R$ 2.500,00;;;;
HL1918; iPhone ;4;Fernanda;Bhering;66;01/12/2018;Belo Horizonte;R$ 5.300,00;;;;
HL8851; Notebook ;3;Lucas;Fontoura;33;11/19/2018;São Paulo;R$ 3.500,00;;;;
HL1148; Câmera ;5;Bruno;Ferreira;37;12/17/2018;Salvador;R$ 2.100,00;;;;
HL8851; Notebook ;4;Raíssa;Nimer;60;1/14/2018;Fortaleza;R$ 3.500,00;;;;
HL7348; SmartWatch ;3;Ana;Bôas;71;1/21/2018;Curitiba;R$ 1.400,00;;;;
HL2714; Tablet ;4;João;Pedrazza;37;12/01/2018;Belo Horizonte;R$ 1.600,00;;;;
HL8851; Notebook ;5;Bruno;Oliveira;28;11/01/2018;São Paulo;R$ 3.500,00;;;;
HL4379; Televisão ;2;Luiz;Xavier;39;02/09/2018;São Paulo;R$ 2.500,00;;;;
HL4379; Televisão ;2;Gabriel;Thoni;78;7/18/2018;Goiânia;R$ 2.500,00;;;;
HL9962; Android ;2;Caio;Moura;64;11/26/2018;Curitiba;R$ 3.400,00;;;;
HL1148; Câmera ;5;Bruno;Salomão;86;7/28/2018;Belo Horizonte;R$ 2.100,00;;;;
HL9962; Android ;2;Fernanda;Silva;21;3/31/2018;Curitiba;R$ 3.400,00;;;;
HL4379; Televisão ;2;Ana;Campos;85;09/04/2018;São Paulo;R$ 2.500,00;;;;
HL4379; Televisão ;1;Célio;Xavier;83;03/01/2018;Recife;R$ 2.500,00;;;;
HL8851; Notebook ;2;Eduardo;Pacheco;53;4/28/2018;Fortaleza;R$ 3.500,00;;;;
HL2714; Tablet ;1;Andressa;Rotsztejn;65;12/23/2018;São Paulo;R$ 1.600,00;;;;
HL4379; Televisão ;2;Bruno;Velucci;88;07/03/2018;São Paulo;R$ 2.500,00;;;;
HL1148; Câmera ;2;Allan;Guedes;43;8/20/2018;Porto Alegre;R$ 2.100,00;;;;
HL1918; iPhone ;4;Luã;Sá;78;11/25/2018;Rio de Janeiro;R$ 5.300,00;;;;
HL2714; Tablet ;1;Júlio;Fraga;19;12/25/2018;Curitiba;R$ 1.600,00;;;;
HL8851; Notebook ;5;Matheus;Delgado;67;08/09/2018;Recife;R$ 3.500,00;;;;
HL2714; Tablet ;5;Ananda;Dias;33;05/10/2018;São Paulo;R$ 1.600,00;;;;
HL9962; Android ;1;Helena;Chafin;67;9/27/2018;Salvador;R$ 3.400,00;;;;
HL4379; Televisão ;2;Eric;Neves;74;8/31/2018;Salvador;R$ 2.500,00;;;;
HL1148; Câmera ;4;Patrick;Silva;82;03/01/2018;Belo Horizonte;R$ 2.100,00;;;;
HL4379; Televisão ;2;Clara;Silveira;54;12/02/2018;Recife;R$ 2.500,00;;;;
HL1148; Câmera ;2;Paula;Isbelle;52;6/20/2018;Porto Alegre;R$ 2.100,00;;;;
HL8851; Notebook ;4;Eduardo;Silva;56;4/19/2018;Goiânia;R$ 3.500,00;;;;
HL1918; iPhone ;5;Nathan;Morelli;35;08/02/2018;São Paulo;R$ 5.300,00;;;;
HL2714; Tablet ;3;Rodrigo;Mendes;70;5/26/2018;São Paulo;R$ 1.600,00;;;;
HL1918; iPhone ;5;Jeferson;Costa;73;12/08/2018;Fortaleza;R$ 5.300,00;;;;
HL9962; Android ;2;José;Fonseca;85;03/09/2018;São Paulo;R$ 3.400,00;;;;
HL4379; Televisão ;1;Daniela;Rosa;34;10/02/2018;São Paulo;R$ 2.500,00;;;;
HL8851; Notebook ;5;Pedro;Jorge;57;10/29/2018;São Paulo;R$ 3.500,00;;;;
HL2714; Tablet ;4;Bianca;Piero;51;2/25/2018;Recife;R$ 1.600,00;;;;
HL7348; SmartWatch ;3;Rubens;Netto;73;11/06/2018;Recife;R$ 1.400,00;;;;
HL4379; Televisão ;5;Bruno;Mota;35;4/30/2018;Curitiba;R$ 2.500,00;;;;
HL1918; iPhone ;3;Yasser;Calbucci;49;5/19/2018;Rio de Janeiro;R$ 5.300,00;;;;
HL4379; Televisão ;1;Sthefeson;Barroso;41;05/02/2018;Fortaleza;R$ 2.500,00;;;;
HL1918; iPhone ;5;Marcelo;Magalhães;79;2/27/2018;Salvador;R$ 5.300,00;;;;
HL8851; Notebook ;5;Pedro;Santana;66;02/06/2018;Porto Alegre;R$ 3.500,00;;;;
HL1918; iPhone ;1;Mariana;Freire;18;4/16/2018;São Paulo;R$ 5.300,00;;;;
HL9962; Android ;4;Lucas;Freitas;75;9/19/2018;Salvador;R$ 3.400,00;;;;
HL9962; Android ;3;Breno;Britto;65;3/26/2018;Belo Horizonte;R$ 3.400,00;;;;
HL2714; Tablet ;3;Julia;Penteado;53;09/08/2018;São Paulo;R$ 1.600,00;;;;
HL4379; Televisão ;5;Rodrigo;Mendes;68;07/06/2018;Salvador;R$ 2.500,00;;;;
HL9962; Android ;1;Bárbara;Lima;38;09/10/2018;Fortaleza;R$ 3.400,00;;;;
HL1918; iPhone ;1;Ravena;Bhering;49;04/01/2018;São Paulo;R$ 5.300,00;;;;
HL8851; Notebook ;2;Giovanna;Santos;40;01/03/2018;Recife;R$ 3.500,00;;;;
HL1148; Câmera ;4;Dykson;Silva;19;06/10/2018;Goiânia;R$ 2.100,00;;;;
HL1918; iPhone ;4;Pedro;Dalforne;50;6/20/2018;Fortaleza;R$ 5.300,00;;;;
HL1918; iPhone ;2;Rafael;Guimarães;58;4/25/2018;Rio de Janeiro;R$ 5.300,00;;;;
HL1918; iPhone ;3;Luis;Garcia;81;10/19/2018;Goiânia;R$ 5.300,00;;;;
HL1918; iPhone ;3;Pedro;Costa;65;2/28/2018;Fortaleza;R$ 5.300,00;;;;
HL7348; SmartWatch ;5;Rodrigo;Ramos;43;12/03/2018;São Paulo;R$ 1.400,00;;;;
HL8851; Notebook ;2;Caio;Ferreira;40;05/11/2018;Porto Alegre;R$ 3.500,00;;;;
HL7348; SmartWatch ;1;Yasser;Calbucci;68;4/19/2018;São Paulo;R$ 1.400,00;;;;
HL7348; SmartWatch ;5;Maike;Pereira;31;4/26/2018;Salvador;R$ 1.400,00;;;;
HL1148; Câmera ;5;Lucas;Wanderley;22;09/03/2018;Salvador;R$ 2.100,00;;;;
HL7348; SmartWatch ;3;Carlos;Assis;39;3/23/2018;Rio de Janeiro;R$ 1.400,00;;;;
HL1148; Câmera ;3;Lucas;Monte;63;06/04/2018;São Paulo;R$ 2.100,00;;;;
HL1918; iPhone ;3;Renan;Melo;40;03/12/2018;Fortaleza;R$ 5.300,00;;;;
HL4379; Televisão ;4;Ana;Silva;22;11/07/2018;Rio de Janeiro;R$ 2.500,00;;;;
HL1918; iPhone ;3;Karina;Camara;33;3/24/2018;Goiânia;R$ 5.300,00;;;;
HL7348; SmartWatch ;3;Gabriel;Brito;30;7/19/2018;Rio de Janeiro;R$ 1.400,00;;;;
HL4379; Televisão ;5;Felipe;Mello;60;03/04/2018;São Paulo;R$ 2.500,00;;;;
HL1918; iPhone ;5;Samara;Pinto;77;01/10/2018;Rio de Janeiro;R$ 5.300,00;;;;
HL1918; iPhone ;1;Matheus;Sapir;66;8/15/2018;Rio de Janeiro;R$ 5.300,00;;;;
HL2714; Tablet ;3;Leandro;Ferreira;82;3/17/2018;Salvador;R$ 1.600,00;;;;
HL9962; Android ;1;Gabriel;Thoni;22;04/07/2018;São Paulo;R$ 3.400,00;;;;
HL1148; Câmera ;4;Norman;Jimbo;47;2/17/2018;Belo Horizonte;R$ 2.100,00;;;;
HL2714; Tablet ;1;Maria;Moita;45;05/08/2018;Rio de Janeiro;R$ 1.600,00;;;;
HL1918; iPhone ;3;Tayla;Lima;68;8/14/2018;Fortaleza;R$ 5.300,00;;;;
HL8851; Notebook ;2;Larissa;Jesus;51;1/26/2018;Fortaleza;R$ 3.500,00;;;;
HL4379; Televisão ;2;Victor;Gomes;35;10/24/2018;Fortaleza;R$ 2.500,00;;;;
HL4379; Televisão ;1;Kimberly;Sad;42;1/26/2018;São Paulo;R$ 2.500,00;;;;
HL4379; Televisão ;5;Andreza;Ramos;54;7/16/2018;Goiânia;R$ 2.500,00;;;;
HL1918; iPhone ;5;Thais;Rodrigues;38;6/19/2018;São Paulo;R$ 5.300,00;;;;
HL1148; Câmera ;2;Lucas;Reis;34;12/27/2018;Curitiba;R$ 2.100,00;;;;
HL4379; Televisão ;5;Miguel;Carneiro;39;2/19/2018;Salvador;R$ 2.500,00;;;;
HL1148; Câmera ;4;Arthur;Souza;43;12/08/2018;Recife;R$ 2.100,00;;;;
HL1918; iPhone ;1;Mateus;Duque;58;5/15/2018;Goiânia;R$ 5.300,00;;;;
HL2714; Tablet ;2;Luiz;Almeida;90;02/01/2018;São Paulo;R$ 1.600,00;;;;
HL9962; Android ;3;Daniel;Nauenberg;39;05/02/2018;Fortaleza;R$ 3.400,00;;;;
HL2714; Tablet ;1;Lorena;Carvalho;29;05/08/2018;Salvador;R$ 1.600,00;;;;
HL1918; iPhone ;2;Victor;Gomes;85;01/09/2018;Goiânia;R$ 5.300,00;;;;
HL1918; iPhone ;5;Nina;Magalhães;44;11/09/2018;Rio de Janeiro;R$ 5.300,00;;;;
HL2714; Tablet ;2;Marina;Marins;20;1/29/2018;Belo Horizonte;R$ 1.600,00;;;;
HL7348; SmartWatch ;5;Fernanda;Coutinho;45;11/17/2018;São Paulo;R$ 1.400,00;;;;
HL8851; Notebook ;3;Anderson;Martins;68;12/25/2018;São Paulo;R$ 3.500,00;;;;
HL1918; iPhone ;3;Fillipe;Almeida;80;10/09/2018;Recife;R$ 5.300,00;;;;
HL1918; iPhone ;3;Eduardo;Pacheco;34;7/31/2018;São Paulo;R$ 5.300,00;;;;
HL1918; iPhone ;1;José;Vieira;35;05/11/2018;Belo Horizonte;R$ 5.300,00;;;;
HL1918; iPhone ;3;Lucas;Monte;58;9/13/2018;Salvador;R$ 5.300,00;;;;
HL7348; SmartWatch ;5;Carlos;Portela;82;09/03/2018;Fortaleza;R$ 1.400,00;;;;
HL4379; Televisão ;2;Maria;Correa;68;11/04/2018;Rio de Janeiro;R$ 2.500,00;;;;
HL1918; iPhone ;4;Rojane;Lima;36;01/06/2018;Salvador;R$ 5.300,00;;;;
HL8851; Notebook ;2;Gabriel;Ribeiro;27;11/28/2018;Goiânia;R$ 3.500,00;;;;
HL4379; Televisão ;3;Fernanda;Silva;33;12/18/2018;Recife;R$ 2.500,00;;;;
HL7348; SmartWatch ;1;Caroline;Cavalcanti;76;02/05/2018;Salvador;R$ 1.400,00;;;;
HL4379; Televisão ;3;Lucas;Wanderley;53;06/03/2018;São Paulo;R$ 2.500,00;;;;
HL2714; Tablet ;5;Alvaro;Kranz;87;11/21/2018;Recife;R$ 1.600,00;;;;
HL4379; Televisão ;1;Fernanda;Junior;42;02/09/2018;Belo Horizonte;R$ 2.500,00;;;;
HL2714; Tablet ;2;Giuseppe;Borges;26;10/05/2018;Goiânia;R$ 1.600,00;;;;
HL1918; iPhone ;5;Raphael;Kurtz;47;7/16/2018;Curitiba;R$ 5.300,00;;;;
HL1918; iPhone ;5;Pedro;Cardoso;73;12/31/2018;Porto Alegre;R$ 5.300,00;;;;
HL1148; Câmera ;2;Henrique;Silva;30;12/14/2018;Rio de Janeiro;R$ 2.100,00;;;;
HL1918; iPhone ;2;Gabrielle;Vasconcelos;75;2/20/2018;Porto Alegre;R$ 5.300,00;;;;
HL4379; Televisão ;3;Mariana;Barrozo;54;11/24/2018;Rio de Janeiro;R$ 2.500,00;;;;
HL1918; iPhone ;2;Beatriz;Rodrigues;22;8/19/2018;São Paulo;R$ 5.300,00;;;;
HL1148; Câmera ;4;Antonio;Bernhardt;84;10/27/2018;Salvador;R$ 2.100,00;;;;
HL1918; iPhone ;5;Ana;Almeida;55;10/20/2018;Rio de Janeiro;R$ 5.300,00;;;;
HL4379; Televisão ;4;Rubens;Netto;33;3/26/2018;Rio de Janeiro;R$ 2.500,00;;;;
HL1918; iPhone ;4;Rubens;Valente;51;11/28/2018;São Paulo;R$ 5.300,00;;;;
HL4379; Televisão ;3;Alon;Palmeira;18;5/13/2018;Salvador;R$ 2.500,00;;;;
HL1918; iPhone ;1;Bruno;Oliveira;53;05/04/2018;Rio de Janeiro;R$ 5.300,00;;;;
HL1918; iPhone ;3;Antônio;Soares;68;11/25/2018;Fortaleza;R$ 5.300,00;;;;
HL4379; Televisão ;2;Beatriz;Nogueira;71;9/23/2018;São Paulo;R$ 2.500,00;;;;
HL1918; iPhone ;4;Mariane;Ferreira;32;06/10/2018;São Paulo;R$ 5.300,00;;;;
HL1918; iPhone ;4;Rafael;Carneiro;19;6/19/2018;Fortaleza;R$ 5.300,00;;;;
HL7348; SmartWatch ;3;Chan;Santos;58;07/01/2018;Rio de Janeiro;R$ 1.400,00;;;;
HL2714; Tablet ;2;Eduardo;Peluzo;21;2/19/2018;Rio de Janeiro;R$ 1.600,00;;;;
HL7348; SmartWatch ;1;Eduardo;Nunes;58;7/26/2018;Salvador;R$ 1.400,00;;;;
HL1918; iPhone ;3;Bianca;Allevato;60;5/18/2018;São Paulo;R$ 5.300,00;;;;
HL2714; Tablet ;1;Caroline;Delgado;70;3/30/2018;Salvador;R$ 1.600,00;;;;
HL1148; Câmera ;4;Samara;Pinto;84;03/11/2018;Salvador;R$ 2.100,00;;;;
HL1918; iPhone ;2;João;Pedrazza;77;9/20/2018;Rio de Janeiro;R$ 5.300,00;;;;
HL2714; Tablet ;3;Roberta;Pimenta;76;09/11/2018;São Paulo;R$ 1.600,00;;;;
HL2714; Tablet ;2;Caio;Caldas;76;04/04/2018;Goiânia;R$ 1.600,00;;;;
HL1918; iPhone ;4;Itai;Puntel;49;11/06/2018;Recife;R$ 5.300,00;;;;
HL9962; Android ;1;Fernanda;Junior;41;09/12/2018;Salvador;R$ 3.400,00;;;;
HL1918; iPhone ;4;Isaac;Santos;52;12/03/2018;Rio de Janeiro;R$ 5.300,00;;;;
HL1918; iPhone ;4;Helena;Chafin;85;08/10/2018;Salvador;R$ 5.300,00;;;;
HL1148; Câmera ;2;Bruno;Oliveira;31;4/14/2018;São Paulo;R$ 2.100,00;;;;
HL1148; Câmera ;2;Thales;Gouvêa;79;2/20/2018;Fortaleza;R$ 2.100,00;;;;
HL8851; Notebook ;2;Anna;Maia;29;10/22/2018;Goiânia;R$ 3.500,00;;;;
HL9962; Android ;2;Andreza;Ramos;36;12/17/2018;Rio de Janeiro;R$ 3.400,00;;;;
HL4379; Televisão ;5;Rafael;Rocha;58;9/27/2018;São Paulo;R$ 2.500,00;;;;
HL8851; Notebook ;2;Mariane;Racy;21;12/28/2018;Belo Horizonte;R$ 3.500,00;;;;
HL1918; iPhone ;5;Brenno;Santos;79;10/18/2018;Fortaleza;R$ 5.300,00;;;;
HL1918; iPhone ;5;João;Rodrigues;34;1/21/2018;Porto Alegre;R$ 5.300,00;;;;
HL7348; SmartWatch ;4;João;Junior;76;4/14/2018;São Paulo;R$ 1.400,00;;;;
HL4379; Televisão ;3;Leticia;Mesquita;85;5/22/2018;Rio de Janeiro;R$ 2.500,00;;;;
HL2714; Tablet ;5;Bianca;Tatsch;27;02/12/2018;Porto Alegre;R$ 1.600,00;;;;
HL1918; iPhone ;4;Itai;Puntel;47;05/02/2018;São Paulo;R$ 5.300,00;;;;
HL1918; iPhone ;1;Guilherme;Vianna;80;3/18/2018;São Paulo;R$ 5.300,00;;;;
HL9962; Android ;4;Julia;Leite;90;04/08/2018;Recife;R$ 3.400,00;;;;
HL1918; iPhone ;5;Manuela;Merege;74;09/12/2018;Rio de Janeiro;R$ 5.300,00;;;;
HL1918; iPhone ;1;Aline;Morais;78;5/23/2018;Salvador;R$ 5.300,00;;;;
HL1918; iPhone ;5;Rafael;Carneiro;90;2/28/2018;Rio de Janeiro;R$ 5.300,00;;;;
HL8851; Notebook ;2;Raíssa;Oros;21;5/20/2018;Salvador;R$ 3.500,00;;;;
HL7348; SmartWatch ;5;Antônio;Soares;86;11/21/2018;São Paulo;R$ 1.400,00;;;;
HL1918; iPhone ;1;Marina;Cormack;54;12/31/2018;Recife;R$ 5.300,00;;;;
HL1148; Câmera ;4;Victor;Lira;57;7/26/2018;Porto Alegre;R$ 2.100,00;;;;
HL4379; Televisão ;2;Caio;Ferreira;81;5/18/2018;Fortaleza;R$ 2.500,00;;;;
HL1148; Câmera ;5;Kim;Ferreira;85;03/06/2018;Fortaleza;R$ 2.100,00;;;;
HL4379; Televisão ;5;Caio;Moraes;24;1/22/2018;São Paulo;R$ 2.500,00;;;;
HL1918; iPhone ;4;Norman;Jimbo;18;6/13/2018;Porto Alegre;R$ 5.300,00;;;;
HL7348; SmartWatch ;1;Vinícius;Antunes;77;12/10/2018;Curitiba;R$ 1.400,00;;;;
;;;;;;;;;;;;
;;;;;;;;;;;;
;;;;;;;;;;;;
;;;;;;;;;;;;
;;;;;;;;;;;;
;;;;;;;;;;;;
;;;;;;;;;;;;
;;;;;;;;;;;;
;;;;;;;;;;;;
;;;;;;;;;;;;
;;;;;;;;;;;;
;;;;;;;;;;;;
;;;;;;;;;;;;
;;;;;;;;;;;;
;;;;;;;;;;;;
;;;;;;;;;;;;
;;;;;;;;;;;;
;;;;;;;;;;;;
;;;;;;;;;;;;
;;;;;;;;;;;;
;;;;;;;;;;;;
;;;;;;;;;;;;
;;;;;;;;;;;;
;;;;;;;;;;;;
;;;;;;;;;;;;
;;;;;;;;;;;;
;;;;;;;;;;;;
;;;;;;;;;;;;
;;;;;;;;;;;;
;;;;;;;;;;;;
;;;;;;;;;;;;
;;;;;;;;;;;;
;;;;;;;;;;;;
;;;;;;;;;;;;
;;;;;;;;;;;;
;;;;;;;;;;;;
;;;;;;;;;;;;
;;;;;;;;;;;;
;;;;;;;;;;;;
;;;;;;;;;;;;
;;;;;;;;;;;;
;;;;;;;;;;;;
;;;;;;;;;;;;
;;;;;;;;;;;;
;;;;;;;;;;;;
;;;;;;;;;;;;
;;;;;;;;;;;;
;;;;;;;;;;;;
;;;;;;;;;;;;
;;;;;;;;;;;;
;;;;;;;;;;;;
;;;;;;;;;;;;
;;;;;;;;;;;;
;;;;;;;;;;;;
;;;;;;;;;;;;
;;;;;;;;;;;;
;;;;;;;;;;;;
;;;;;;;;;;;;
;;;;;;;;;;;;
;;;;;;;;;;;;
;;;;;;;;;;;;
;;;;;;;;;;;;
;;;;;;;;;;;;
;;;;;;;;;;;;
;;;;;;;;;;;;
;;;;;;;;;;;;
;;;;;;;;;;;;
;;;;;;;;;;;;
;;;;;;;;;;;;
;;;;;;;;;;;;
;;;;;;;;;;;;
;;;;;;;;;;;;
;;;;;;;;;;;;
;;;;;;;;;;;;
;;;;;;;;;;;;
;;;;;;;;;;;;
;;;;;;;;;;;;
;;;;;;;;;;;;
;;;;;;;;;;;;
;;;;;;;;;;;;
;;;;;;;;;;;;
;;;;;;;;;;;;
;;;;;;;;;;;;
;;;;;;;;;;;;
;;;;;;;;;;;;
;;;;;;;;;;;;
;;;;;;;;;;;;
;;;;;;;;;;;;
;;;;;;;;;;;;
;;;;;;;;;;;;
;;;;;;;;;;;;
;;;;;;;;;;;;
;;;;;;;;;;;;
;;;;;;;;;;;;
;;;;;;;;;;;;
;;;;;;;;;;;;
;;;;;;;;;;;;
;;;;;;;;;;;;
;;;;;;;;;;;;
;;;;;;;;;;;;
;;;;;;;;;;;;
;;;;;;;;;;;;
;;;;;;;;;;;;
;;;;;;;;;;;;
;;;;;;;;;;;;
;;;;;;;;;;;;
;;;;;;;;;;;;
;;;;;;;;;;;;
;;;;;;;;;;;;
 ;;;;;;;;;;;;
